site,year,block,trial_id,formulation,dose_g_ai_ha,temperature_c,relative_humidity_pct,rainfall_mm_7d,spray_coverage_pct,n_insects,mortality_count,mortality_rate,true_mortality_probability
S01,2023,1,S01-2023-B1,A,0.0,25.7923323475522,72.08285573547585,29.21815382613852,44.63919292863295,60,1,0.016666666666666666,0.03328190504339835
S01,2023,1,S01-2023-B1,A,2.5,22.0516932790514,66.1258197221634,26.69045464293138,62.53965709761444,60,11,0.18333333333333332,0.13150313783069886
S01,2023,1,S01-2023-B1,A,5.0,25.17256414585161,58.553846591878745,32.06806957722424,54.85463777094092,60,21,0.35,0.2502004247267896
S01,2023,1,S01-2023-B1,A,10.0,24.47070930561635,67.06237152525522,32.00440226413826,46.419362165436056,60,28,0.4666666666666667,0.4547669062928135
S01,2023,1,S01-2023-B1,A,20.0,25.2309820362302,71.48189639997521,24.805169081668552,57.97192334719588,60,46,0.7666666666666667,0.7552193749658519
S01,2023,1,S01-2023-B1,A,40.0,25.94823469645077,65.29890953019871,23.13290326303569,47.37664143167299,60,53,0.8833333333333333,0.8767017888041994
S01,2023,1,S01-2023-B1,B,0.0,24.523350251351673,55.08782754216729,24.938632800500265,42.61751321893286,60,0,0.0,0.03375072086108775
S01,2023,1,S01-2023-B1,B,2.5,24.974430639722986,64.39516569059582,22.81858605198149,57.728405343105194,60,6,0.1,0.17774329733219857
S01,2023,1,S01-2023-B1,B,5.0,23.123848005822268,65.92594960563471,29.05350507739086,64.58028219573183,60,24,0.4,0.3714794101931168
S01,2023,1,S01-2023-B1,B,10.0,25.635703434665523,70.9882188434132,30.262911237921706,59.41580992575307,60,37,0.6166666666666667,0.613518723972652
S01,2023,1,S01-2023-B1,B,20.0,25.4398929048707,62.99835957824765,28.714207780471426,42.24645644640856,60,46,0.7666666666666667,0.7796424957912742
S01,2023,1,S01-2023-B1,B,40.0,24.648355007126526,59.99845125161649,23.436523299870135,56.377584814683416,60,57,0.95,0.9199949140974615
S01,2023,2,S01-2023-B2,A,0.0,23.57736188496363,67.44809161400252,31.99049904983473,62.68807078968133,60,4,0.06666666666666667,0.04177182343634736
S01,2023,2,S01-2023-B2,A,2.5,24.926168202357406,67.59209044348046,22.538830732833105,58.220742256508956,60,5,0.08333333333333333,0.1338236732587753
S01,2023,2,S01-2023-B2,A,5.0,23.60867504873192,67.92894895597755,21.80614516224498,57.30595605442247,60,20,0.3333333333333333,0.27534223953860054
S01,2023,2,S01-2023-B2,A,10.0,26.65892845517228,68.3516034650018,27.09104663881404,54.800344293107415,60,36,0.6,0.4952652437784707
S01,2023,2,S01-2023-B2,A,20.0,23.823868567819826,60.03980394335453,28.05248713691952,46.634676384669774,60,42,0.7,0.7145251620861363
S01,2023,2,S01-2023-B2,A,40.0,20.63020105775749,62.869019380286645,25.449926639530208,47.24664802279577,60,55,0.9166666666666666,0.8635932784449372
S01,2023,2,S01-2023-B2,B,0.0,26.26419917616751,72.28970791472464,22.36533430548546,50.76182443295014,60,3,0.05,0.03866539763726783
S01,2023,2,S01-2023-B2,B,2.5,25.027993848680694,67.38413204870716,36.692803153175134,60.294847601050215,60,9,0.15,0.16356224795911253
S01,2023,2,S01-2023-B2,B,5.0,25.491163228748693,60.66931045504662,29.556931998024837,50.336648095319404,60,18,0.3,0.32559630401577216
S01,2023,2,S01-2023-B2,B,10.0,24.16114720891806,67.43064985839194,31.787403553095995,47.612671421600815,60,30,0.5,0.5666847391360419
S01,2023,2,S01-2023-B2,B,20.0,23.91938094134458,71.55999365388426,25.25299684168216,63.167852856980986,60,53,0.8833333333333333,0.8330147864476535
S01,2023,2,S01-2023-B2,B,40.0,23.343194652638413,62.890884200984836,21.520022141196236,63.059898436341776,60,55,0.9166666666666666,0.9274774479164641
S01,2023,3,S01-2023-B3,A,0.0,24.453044574380886,65.9070497895029,26.144116686325617,56.63160930498464,60,1,0.016666666666666666,0.04083109344501331
S01,2023,3,S01-2023-B3,A,2.5,24.51675966510834,65.52308318967853,20.81867038456982,56.38557562577602,60,12,0.2,0.1325001360725912
S01,2023,3,S01-2023-B3,A,5.0,24.362551280696547,61.78302910615487,24.68112083296257,53.905632036390465,60,15,0.25,0.2611901193704124
S01,2023,3,S01-2023-B3,A,10.0,22.56734317056378,74.08366680714295,35.10072203039369,55.20882801431368,60,27,0.45,0.47284226221306574
S01,2023,3,S01-2023-B3,A,20.0,25.509914468117305,64.33255701634417,49.04439019467092,53.71564956346491,60,43,0.7166666666666667,0.6941039193211697
S01,2023,3,S01-2023-B3,A,40.0,24.091439763313502,70.5210683282682,32.002723184677556,59.335727585735455,60,53,0.8833333333333333,0.8862118280435914
S01,2023,3,S01-2023-B3,B,0.0,25.914096375584833,69.37467506483111,26.912514154255415,62.20165133800833,60,3,0.05,0.043795584770551066
S01,2023,3,S01-2023-B3,B,2.5,25.004912075088924,62.64232579040474,21.766665823669126,60.382989152474075,60,13,0.21666666666666667,0.18522040159198788
S01,2023,3,S01-2023-B3,B,5.0,21.433630970324046,63.860667594232204,21.844842870643852,76.67954088846842,60,22,0.36666666666666664,0.4210913121542152
S01,2023,3,S01-2023-B3,B,10.0,23.59506485447651,62.36929688822444,24.60901155825944,70.39180721269139,60,41,0.6833333333333333,0.662724149895683
S01,2023,3,S01-2023-B3,B,20.0,23.42408039199542,59.81460644106493,21.91829646689315,60.88201998895239,60,43,0.7166666666666667,0.8319662064339194
S01,2023,3,S01-2023-B3,B,40.0,24.35512142104754,63.74730727864011,27.579200966717778,67.49438458979039,60,58,0.9666666666666667,0.9286504975904241
S01,2023,4,S01-2023-B4,A,0.0,24.5090532770937,68.59827141422247,29.590604383346765,71.41201111225199,60,4,0.06666666666666667,0.04884191160936736
S01,2023,4,S01-2023-B4,A,2.5,26.55139963188763,62.42306187409429,32.938201528084136,39.83820121733301,60,9,0.15,0.09454991905224458
S01,2023,4,S01-2023-B4,A,5.0,23.71496302722702,67.24059563901305,26.968830205886576,55.375648053341976,60,16,0.26666666666666666,0.25983163779235197
S01,2023,4,S01-2023-B4,A,10.0,24.733787944205606,70.28275891988444,32.66562874240576,54.31515651793858,60,24,0.4,0.482867371193769
S01,2023,4,S01-2023-B4,A,20.0,24.008430182988736,68.91140735663282,44.763606336241814,46.868721774173395,60,43,0.7166666666666667,0.6804551303040574
S01,2023,4,S01-2023-B4,A,40.0,24.31351830746107,65.06005735229905,32.563220711704,56.81633831776787,60,51,0.85,0.8819464219182237
S01,2023,4,S01-2023-B4,B,0.0,22.996947786968505,71.05950456418653,24.203795620338468,67.25300876530993,60,4,0.06666666666666667,0.04758585610550805
S01,2023,4,S01-2023-B4,B,2.5,23.4019995182689,62.274817871970264,23.448897767376,60.320888377239584,60,15,0.25,0.18065843377611387
S01,2023,4,S01-2023-B4,B,5.0,25.88457627388852,66.13149849883455,27.09429002296346,61.69727923700152,60,20,0.3333333333333333,0.36915562731036267
S01,2023,4,S01-2023-B4,B,10.0,26.248572991707423,65.36468011917952,21.945537646017478,53.92160472553323,60,39,0.65,0.6123292998930143
S01,2023,4,S01-2023-B4,B,20.0,23.129548852337077,67.7300275121811,27.44837665081068,52.18028308457582,60,48,0.8,0.8035646908292174
S01,2023,4,S01-2023-B4,B,40.0,23.823127804269696,65.75896607282566,23.842348510531554,59.856996886197926,60,54,0.9,0.9230199104504155
S01,2024,1,S01-2024-B1,A,0.0,24.221847271739648,58.56519972605673,23.164100036009465,67.94575863458844,60,2,0.03333333333333333,0.049874459032889576
S01,2024,1,S01-2024-B1,A,2.5,23.8445333868079,62.79823582162189,28.24264663238111,53.89270154040182,60,5,0.08333333333333333,0.11941051602379425
S01,2024,1,S01-2024-B1,A,5.0,25.86056382201178,61.777586381656576,23.957187778638886,56.39597054472116,60,19,0.31666666666666665,0.26855111784439967
S01,2024,1,S01-2024-B1,A,10.0,22.72449298312449,67.49090289725292,23.89536534888785,57.37174214703846,60,32,0.5333333333333333,0.5083024766802771
S01,2024,1,S01-2024-B1,A,20.0,24.659059056224894,69.16379517806469,29.1046874473217,53.88292219454991,60,46,0.7666666666666667,0.734233167306698
S01,2024,1,S01-2024-B1,A,40.0,25.64071632050292,69.36426282157363,20.065554377922318,58.332578319782364,60,54,0.9,0.896184810707829
S01,2024,1,S01-2024-B1,B,0.0,24.935063517876255,62.88961288548746,36.14037115679129,56.529077734644716,60,1,0.016666666666666666,0.037503668652056225
S01,2024,1,S01-2024-B1,B,2.5,26.02197877298861,68.74783936037187,24.54386564883375,64.06610102683443,60,10,0.16666666666666666,0.18807239178024138
S01,2024,1,S01-2024-B1,B,5.0,26.278563178410582,69.46123635661002,27.099054146193343,62.030299601300165,60,24,0.4,0.36796839069096554
S01,2024,1,S01-2024-B1,B,10.0,24.624446805745876,66.11726050231488,28.72728222321273,57.76208706961498,60,39,0.65,0.6101031910544276
S01,2024,1,S01-2024-B1,B,20.0,26.427049069059084,71.30591100025691,32.44161328768597,44.51881076779454,60,45,0.75,0.77661595967025
S01,2024,1,S01-2024-B1,B,40.0,24.132700099627527,63.82067115293819,23.543757910511594,56.26717496134377,60,53,0.8833333333333333,0.9194230365723228
S01,2024,2,S01-2024-B2,A,0.0,23.907951919399416,64.04005547835138,21.318692653867124,54.568559570364236,60,2,0.03333333333333333,0.04179743431592267
S01,2024,2,S01-2024-B2,A,2.5,25.368628016533666,63.2796448531474,26.2751330205868,58.967265569305724,60,11,0.18333333333333332,0.13053523703499972
S01,2024,2,S01-2024-B2,A,5.0,24.388335706192635,67.2056181202483,29.973444061882283,64.85991445894838,60,14,0.23333333333333334,0.2822440922487332
S01,2024,2,S01-2024-B2,A,10.0,24.39319546378818,66.56724047184404,41.34408849164102,48.581173991696694,60,17,0.2833333333333333,0.4380489234776628
S01,2024,2,S01-2024-B2,A,20.0,27.07211352314178,60.65285807082732,35.19574994414556,54.528218604714,60,46,0.7666666666666667,0.7199248843300305
S01,2024,2,S01-2024-B2,A,40.0,23.99655742169408,67.49005868379201,31.889833610205432,56.653992968113236,60,55,0.9166666666666666,0.8817524345039792
S01,2024,2,S01-2024-B2,B,0.0,23.764856134381446,60.49619115060435,26.94053253548239,71.5440123318726,60,4,0.06666666666666667,0.05042746712853148
S01,2024,2,S01-2024-B2,B,2.5,24.123646103110456,61.84782689640718,24.256709188980647,63.98693568032761,60,10,0.16666666666666666,0.18854106829824524
S01,2024,2,S01-2024-B2,B,5.0,23.05758731573412,61.88553250705627,23.62676538613209,53.63675438802526,60,22,0.36666666666666664,0.3446107364389838
S01,2024,2,S01-2024-B2,B,10.0,24.34230035759574,71.44747729388922,37.118777748329364,65.23263344098129,60,38,0.6333333333333333,0.6164321175001621
S01,2024,2,S01-2024-B2,B,20.0,24.681833981838867,64.08168414255806,26.576516093162397,62.54072743039463,60,47,0.7833333333333333,0.8298704562126371
S01,2024,2,S01-2024-B2,B,40.0,27.6774149602943,66.50861965006874,24.388487553777285,63.42410025872808,60,55,0.9166666666666666,0.924236995299868
S01,2024,3,S01-2024-B3,A,0.0,24.69489464606995,63.27466787913114,29.266801142968706,46.09945817470274,60,3,0.05,0.03444815188266148
S01,2024,3,S01-2024-B3,A,2.5,23.364905426506997,68.27744330040662,30.16968795105325,53.01486919698761,60,13,0.21666666666666667,0.11535681340936593
S01,2024,3,S01-2024-B3,A,5.0,23.591135280620357,69.57573438195531,24.11249262713377,61.759058348991005,60,17,0.2833333333333333,0.28306382081895837
S01,2024,3,S01-2024-B3,A,10.0,23.695805238973875,67.24277015189233,27.166464052772977,58.58623292634102,60,29,0.48333333333333334,0.5090251134448732
S01,2024,3,S01-2024-B3,A,20.0,26.299872890874695,60.73434583126433,27.503599175204542,53.00550989260404,60,45,0.75,0.7332529389410504
S01,2024,3,S01-2024-B3,A,40.0,24.68217292694035,69.0791391268619,30.48976190725238,49.39079467880999,60,55,0.9166666666666666,0.8719948530985485
S01,2024,3,S01-2024-B3,B,0.0,25.70131774472476,64.39582626449615,27.482148962289365,50.11702544940466,60,3,0.05,0.03707158832981765
S01,2024,3,S01-2024-B3,B,2.5,25.19493154557223,69.6824597860692,30.704454698258395,54.66060897668835,60,7,0.11666666666666667,0.15972974322592623
S01,2024,3,S01-2024-B3,B,5.0,22.744987481888163,67.67459425555106,22.008136080852164,61.511724811543694,60,24,0.4,0.37400725230178455
S01,2024,3,S01-2024-B3,B,10.0,24.899101814929228,62.67770439422668,23.89128102435884,54.51333937724084,60,31,0.5166666666666667,0.6101705309190932
S01,2024,3,S01-2024-B3,B,20.0,24.383090911482086,65.2246078243607,21.22477608045777,71.04623380971086,60,49,0.8166666666666667,0.853761459067842
S01,2024,3,S01-2024-B3,B,40.0,24.34710655044046,64.99539172875112,28.269687105215965,69.38565774113155,60,57,0.95,0.9299343407164107
S01,2024,4,S01-2024-B4,A,0.0,25.278297840753773,66.62280583260645,23.300110721736193,46.6299779164813,60,3,0.05,0.0367724216615897
S01,2024,4,S01-2024-B4,A,2.5,25.839466251608602,65.77552386350213,30.078242647102932,49.791606411525,60,4,0.06666666666666667,0.11157584769431494
S01,2024,4,S01-2024-B4,A,5.0,26.424615690195846,67.25308089053932,38.574771266214455,49.1076685345074,60,11,0.18333333333333332,0.22029789659062948
S01,2024,4,S01-2024-B4,A,10.0,25.005782034472624,62.933820199521065,21.498998521888748,58.90658590407894,60,30,0.5,0.5264973472031648
S01,2024,4,S01-2024-B4,A,20.0,23.588411521522385,68.567405858718,36.87589721467424,48.71670027717519,60,43,0.7166666666666667,0.7009068967524225
S01,2024,4,S01-2024-B4,A,40.0,22.327375227163174,63.092160827661274,27.832809182583745,62.975608577846074,60,52,0.8666666666666667,0.8922415975533381
S01,2024,4,S01-2024-B4,B,0.0,23.783517163627053,63.31808024104297,22.71656660911003,72.1293232611175,60,3,0.05,0.05293876745426298
S01,2024,4,S01-2024-B4,B,2.5,22.89105365047113,65.23215733974493,32.147891254920125,55.60944596920786,60,14,0.23333333333333334,0.15676598243469936
S01,2024,4,S01-2024-B4,B,5.0,23.52383073928476,62.617178086166035,28.400989209601455,58.96578357275415,60,18,0.3,0.35373737126122134
S01,2024,4,S01-2024-B4,B,10.0,26.682675544654984,67.25375215525084,27.763659638814246,66.43169397949977,60,37,0.6166666666666667,0.6396797733400396
S01,2024,4,S01-2024-B4,B,20.0,23.478774977122722,65.58021439413884,33.706028272849466,64.11477032323441,60,51,0.85,0.8214145159047013
S01,2024,4,S01-2024-B4,B,40.0,24.681045016109003,69.60928848193403,32.708886227010396,64.45902451790418,60,54,0.9,0.9219407199972419
S01,2025,1,S01-2025-B1,A,0.0,26.535973176289097,69.61578737144828,20.465633797152677,50.37273581702111,60,4,0.06666666666666667,0.039341063686442884
S01,2025,1,S01-2025-B1,A,2.5,23.680377332245875,67.38051405618074,31.1104914881914,46.637092741537735,60,10,0.16666666666666666,0.10554163023761633
S01,2025,1,S01-2025-B1,A,5.0,23.663882825114655,67.2174783605079,26.787482694306288,44.02368040027568,60,16,0.26666666666666666,0.22796780597124705
S01,2025,1,S01-2025-B1,A,10.0,24.383214964069932,71.13495454124818,20.842199386718658,47.5508041039591,60,34,0.5666666666666667,0.4854984227047352
S01,2025,1,S01-2025-B1,A,20.0,25.424749345588907,66.11688651543854,24.083659429970236,59.07520316602326,60,42,0.7,0.7586751705750612
S01,2025,1,S01-2025-B1,A,40.0,26.01851439297008,65.7735920498799,26.95533154046609,44.47120317464571,60,51,0.85,0.8672036169296039
S01,2025,1,S01-2025-B1,B,0.0,23.14694882752352,62.530198418714335,26.434313692273715,59.0854175594361,60,2,0.03333333333333333,0.04189784195330204
S01,2025,1,S01-2025-B1,B,2.5,26.79751623667402,58.40964094782589,23.295049994655095,59.75754646834775,60,18,0.3,0.17875615135722508
S01,2025,1,S01-2025-B1,B,5.0,23.394864185692775,66.14861697060823,24.250833150296458,60.76380254880016,60,25,0.4166666666666667,0.36941603672419276
S01,2025,1,S01-2025-B1,B,10.0,25.98999185454263,61.4882627845345,23.91202721780978,47.629393072584776,60,30,0.5,0.5844998450250558
S01,2025,1,S01-2025-B1,B,20.0,23.467283745687403,56.753998901805794,22.21221480925958,55.102166191791916,60,49,0.8166666666666667,0.8185891181443672
S01,2025,1,S01-2025-B1,B,40.0,24.415833072829667,70.29171245342255,23.102334235457285,57.66278426313466,60,56,0.9333333333333333,0.9214643522825107
S01,2025,2,S01-2025-B2,A,0.0,24.09764870050774,59.81621537544596,31.026844944498805,44.53296225952183,60,4,0.06666666666666667,0.03289983514267671
S01,2025,2,S01-2025-B2,A,2.5,22.340309583887,65.22907083689107,22.572668862422248,60.251427020294756,60,9,0.15,0.13305852618420075
S01,2025,2,S01-2025-B2,A,5.0,25.812847495392038,65.49672959045445,27.533947221223645,37.504062375215646,60,11,0.18333333333333332,0.21090843077256335
S01,2025,2,S01-2025-B2,A,10.0,24.07283521229638,69.92781126369898,40.00587065719505,49.670097525112844,60,35,0.5833333333333334,0.4451550770858532
S01,2025,2,S01-2025-B2,A,20.0,24.10374362472884,61.38848990573113,24.507358131878323,44.18337433744997,60,35,0.5833333333333334,0.7139611917470089
S01,2025,2,S01-2025-B2,A,40.0,24.894724380906876,68.33241440162719,24.214550411780998,57.4338170888762,60,53,0.8833333333333333,0.8912366201637029
S01,2025,2,S01-2025-B2,B,0.0,23.26274222717956,64.00010980563259,33.02165291070945,57.93750194057265,60,2,0.03333333333333333,0.03876379250053973
S01,2025,2,S01-2025-B2,B,2.5,25.652500013107616,71.69356699964405,20.86730456589008,67.55087182074271,60,9,0.15,0.20268551294273732
S01,2025,2,S01-2025-B2,B,5.0,22.33375842487918,70.93437948110066,33.626251776633524,60.49241641762492,60,26,0.43333333333333335,0.3418164987159616
S01,2025,2,S01-2025-B2,B,10.0,24.045249093243342,62.24036465621814,28.31467428730646,59.23756781627288,60,42,0.7,0.6157889669479537
S01,2025,2,S01-2025-B2,B,20.0,23.605710783837242,65.95886735780493,27.687035624033584,65.72005418419428,60,46,0.7666666666666667,0.8338778741330356
S01,2025,2,S01-2025-B2,B,40.0,22.257960866745307,68.95146461023712,22.676585155678765,64.55099229585578,60,53,0.8833333333333333,0.9264983515330912
S01,2025,3,S01-2025-B3,A,0.0,23.97961744754541,63.11271008256872,26.1395597640148,51.27191049285982,60,2,0.03333333333333333,0.03797866533149529
S01,2025,3,S01-2025-B3,A,2.5,23.87515863568113,59.45714280329198,21.30919290642456,54.224188733754005,60,9,0.15,0.12753710523293085
S01,2025,3,S01-2025-B3,A,5.0,25.599549406670604,62.39577634992471,29.706102509411767,57.855448069097825,60,13,0.21666666666666667,0.2622314263146918
S01,2025,3,S01-2025-B3,A,10.0,23.942803106099795,59.89447337457716,36.726217509085366,44.26075395119983,60,24,0.4,0.4329317130551188
S01,2025,3,S01-2025-B3,A,20.0,24.44858192661815,69.33406350818974,20.704534395682515,55.589366087597675,60,47,0.7833333333333333,0.7551582588592092
S01,2025,3,S01-2025-B3,A,40.0,25.413655786275463,69.15720687112449,33.475244167847116,55.814299549672356,60,54,0.9,0.8792912347592234
S01,2025,3,S01-2025-B3,B,0.0,26.48991307315957,69.90867179321927,25.795434810519627,64.69920208807464,60,3,0.05,0.04595471240412536
S01,2025,3,S01-2025-B3,B,2.5,24.891137456507288,66.34013102616717,30.598351289837417,68.66721506655954,60,9,0.15,0.19029578314901166
S01,2025,3,S01-2025-B3,B,5.0,25.392465373952703,69.40839243942865,29.635356018976807,55.712296840772005,60,15,0.25,0.3424875278510775
S01,2025,3,S01-2025-B3,B,10.0,22.71620160966615,66.67368173629421,43.23520917635679,57.87992385600726,60,35,0.5833333333333334,0.569698565413587
S01,2025,3,S01-2025-B3,B,20.0,24.22856585568447,60.99762623872576,21.37604627889242,47.093046854705975,60,52,0.8666666666666667,0.8027882861476613
S01,2025,3,S01-2025-B3,B,40.0,23.783712004913014,69.22170788896018,30.79827731362748,63.833387492687926,60,57,0.95,0.9221784631347902
S01,2025,4,S01-2025-B4,A,0.0,25.155722690898862,66.79772240883445,32.79174841121667,56.56406686602325,60,2,0.03333333333333333,0.03863977670861312
S01,2025,4,S01-2025-B4,A,2.5,22.301143751460245,70.7909843402279,42.34424398390415,54.181497955010066,60,7,0.11666666666666667,0.10303053318884985
S01,2025,4,S01-2025-B4,A,5.0,23.82309874375064,66.3313494160262,24.727090748606216,57.09138738187498,60,17,0.2833333333333333,0.2687052091305243
S01,2025,4,S01-2025-B4,A,10.0,22.417951656611695,63.58319151103038,21.994677425123957,48.520497369004076,60,34,0.5666666666666667,0.4784047648922994
S01,2025,4,S01-2025-B4,A,20.0,23.343233450972065,69.97327381796474,21.616898503448212,57.53254395743375,60,47,0.7833333333333333,0.7566012379269158
S01,2025,4,S01-2025-B4,A,40.0,25.757465774295834,61.96845432729785,24.699945127821245,62.64181358384636,60,55,0.9166666666666666,0.8978800064309019
S01,2025,4,S01-2025-B4,B,0.0,23.294554571477665,66.447786112395,21.5624009961,64.94898094802048,60,3,0.05,0.04786049044935814
S01,2025,4,S01-2025-B4,B,2.5,24.076510285866352,61.486453011834826,46.45028301214171,46.008290036546214,60,6,0.1,0.12447732226474471
S01,2025,4,S01-2025-B4,B,5.0,25.39058564814917,68.91530871386861,23.846739074843693,49.90532881971731,60,19,0.31666666666666665,0.3359401008494367
S01,2025,4,S01-2025-B4,B,10.0,25.435422416665727,65.55306022662933,23.96749760865819,54.66826688776685,60,31,0.5166666666666667,0.6106997152173539
S01,2025,4,S01-2025-B4,B,20.0,22.2748445883321,69.98308153075489,32.13668665963487,52.849871606567476,60,50,0.8333333333333334,0.793868308394187
S01,2025,4,S01-2025-B4,B,40.0,24.137118474807316,64.3609046246884,22.590128238895566,53.417068466428624,60,55,0.9166666666666666,0.9169668362239463
S02,2023,1,S02-2023-B1,A,0.0,24.46457393880126,55.395618812330746,22.579439337190713,47.74392056016595,60,3,0.05,0.026943694929242788
S02,2023,1,S02-2023-B1,A,2.5,23.88042937334489,64.87431769770689,29.381945206177612,57.35387427179204,60,11,0.18333333333333332,0.11195598607515633
S02,2023,1,S02-2023-B1,A,5.0,22.95143029683387,66.739808820512,20.44516750401693,63.66971168968895,60,14,0.23333333333333334,0.2808830111767199
S02,2023,1,S02-2023-B1,A,10.0,22.924635805644105,63.032557682843475,25.807087124381887,46.83782864590495,60,25,0.4166666666666667,0.4527280480940124
S02,2023,1,S02-2023-B1,A,20.0,23.983496862148304,63.31633612680952,30.9266438727812,57.96030212218149,60,47,0.7833333333333333,0.7298020329439902
S02,2023,1,S02-2023-B1,A,40.0,24.091625830727956,69.9761874244784,23.40697930699114,58.61524723096978,60,54,0.9,0.8829187719523063
S02,2023,1,S02-2023-B1,B,0.0,21.952750946729026,60.688862996566954,22.35786866470759,63.90448748558992,60,1,0.016666666666666666,0.03270221285729446
S02,2023,1,S02-2023-B1,B,2.5,23.741993606834775,63.597964758197286,23.739951420349122,48.48575894477358,60,10,0.16666666666666666,0.14427106572047427
S02,2023,1,S02-2023-B1,B,5.0,24.87285663997001,71.13151098515873,26.65386645393505,57.94107327412486,60,32,0.5333333333333333,0.3440325688864119
S02,2023,1,S02-2023-B1,B,10.0,24.109816259764415,70.6830903766238,22.60759863464805,61.462351845946216,60,33,0.55,0.6247705738261148
S02,2023,1,S02-2023-B1,B,20.0,20.0522481517433,65.09190466237948,30.699640442065594,59.442611440500485,60,46,0.7666666666666667,0.7860686861724189
S02,2023,1,S02-2023-B1,B,40.0,23.57938959207486,69.17407249932029,23.38115686143219,56.91998148206547,60,54,0.9,0.9094693320540874
S02,2023,2,S02-2023-B2,A,0.0,23.134599901915003,75.41241878016702,20.7776011895957,51.73656561038699,60,2,0.03333333333333333,0.028616169542705634
S02,2023,2,S02-2023-B2,A,2.5,22.556977095882676,64.5344513254289,28.99056624103277,51.256776833798256,60,5,0.08333333333333333,0.10137559450156104
S02,2023,2,S02-2023-B2,A,5.0,25.27607158048472,75.06873950479324,22.938294444562437,50.02907366116422,60,18,0.3,0.2406673015642471
S02,2023,2,S02-2023-B2,A,10.0,24.171768713542306,68.66275239462391,23.882737034384544,50.76643628696856,60,27,0.45,0.4766730026262446
S02,2023,2,S02-2023-B2,A,20.0,22.845174982023373,73.60236668141313,27.085231047668884,62.252239389013326,60,45,0.75,0.7461838126047909
S02,2023,2,S02-2023-B2,A,40.0,23.012192968199773,67.02786548173461,21.287605414236584,58.34370057156291,60,52,0.8666666666666667,0.8830726454646357
S02,2023,2,S02-2023-B2,B,0.0,25.99604456179814,59.86594719511856,37.26877622166849,53.39280614697223,60,0,0.0,0.0252740091288978
S02,2023,2,S02-2023-B2,B,2.5,21.670408688960432,63.11317852672764,33.25905308149314,48.72884764685003,60,6,0.1,0.1279371458307743
S02,2023,2,S02-2023-B2,B,5.0,23.866814594203728,66.61623218865863,20.903187337213996,64.01719393454117,60,28,0.4666666666666667,0.37682043538233395
S02,2023,2,S02-2023-B2,B,10.0,23.899526752957545,63.09080250134898,22.406381257104567,61.2594313219301,60,32,0.5333333333333333,0.6240377568168193
S02,2023,2,S02-2023-B2,B,20.0,25.926952572454365,62.504986463223624,21.25431549099521,52.42815958221538,60,49,0.8166666666666667,0.8035656619130557
S02,2023,2,S02-2023-B2,B,40.0,25.25014025808534,64.1108867536061,21.551058954516375,60.81994656920484,60,52,0.8666666666666667,0.9163495344218012
S02,2023,3,S02-2023-B3,A,0.0,26.344420240948878,65.23626137412631,27.54880115444715,65.27857869493573,60,2,0.03333333333333333,0.032895512195696676
S02,2023,3,S02-2023-B3,A,2.5,24.94097402303911,67.31497496372043,26.35350665633309,52.99832880112836,60,4,0.06666666666666667,0.10912457149879179
S02,2023,3,S02-2023-B3,A,5.0,23.505620033272848,69.27355121183639,40.46659406019503,32.01636827128513,60,11,0.18333333333333332,0.16724455297349236
S02,2023,3,S02-2023-B3,A,10.0,22.522334034148752,68.9043981219533,27.52099460143856,58.61103713697338,60,31,0.5166666666666667,0.4901628578541363
S02,2023,3,S02-2023-B3,A,20.0,23.962138516495052,68.52641790368422,31.068845181933,56.131742573435965,60,40,0.6666666666666666,0.7240315882238368
S02,2023,3,S02-2023-B3,A,40.0,22.859402570392653,66.5111078655565,25.810239176335894,52.32860000902662,60,52,0.8666666666666667,0.8679837393189083
S02,2023,3,S02-2023-B3,B,0.0,22.516807124405872,70.49125484509915,33.94106694075985,52.9712413543484,60,1,0.016666666666666666,0.025300700600582732
S02,2023,3,S02-2023-B3,B,2.5,25.321058559590067,70.87430284877476,23.323877895347692,54.32183275600783,60,10,0.16666666666666666,0.15694187662350056
S02,2023,3,S02-2023-B3,B,5.0,22.58504926366934,71.73820743249954,27.040956252215505,67.61980215913255,60,22,0.36666666666666664,0.36978392622208023
S02,2023,3,S02-2023-B3,B,10.0,23.724210060442374,67.79012520412284,22.483599629176904,61.86581343031197,60,37,0.6166666666666667,0.6255007451293302
S02,2023,3,S02-2023-B3,B,20.0,26.426979628770145,69.07380795828568,32.09076944087335,63.43078109623486,60,46,0.7666666666666667,0.8114592976840451
S02,2023,3,S02-2023-B3,B,40.0,22.673247821324384,63.7976864565799,23.679368898942442,55.38963749389809,60,56,0.9333333333333333,0.905873250494109
S02,2023,4,S02-2023-B4,A,0.0,25.266104548953486,67.33498771273948,34.02221645427012,64.21075198435534,60,0,0.0,0.030678371346256332
S02,2023,4,S02-2023-B4,A,2.5,23.552191309926066,53.89658219700784,26.8526812463185,42.49331633223734,60,6,0.1,0.09340552200660221
S02,2023,4,S02-2023-B4,A,5.0,22.145344518422178,65.50523327259552,22.52846853833828,58.90437053232037,60,18,0.3,0.2588103395613535
S02,2023,4,S02-2023-B4,A,10.0,24.813359924022397,62.41205297204298,23.55626537748745,57.94839311703113,60,34,0.5666666666666667,0.5052182994735416
S02,2023,4,S02-2023-B4,A,20.0,23.868134850432895,68.93859240606064,36.681941601471195,53.89430431128024,60,43,0.7166666666666667,0.7055433170726221
S02,2023,4,S02-2023-B4,A,40.0,25.24035218511513,61.87378922214835,41.56942086592396,47.67787556289525,60,52,0.8666666666666667,0.8427080756654481
S02,2023,4,S02-2023-B4,B,0.0,24.214867592878342,68.13417673583712,24.402606926369362,62.59122204480456,60,2,0.03333333333333333,0.03280359259366227
S02,2023,4,S02-2023-B4,B,2.5,23.407222935611493,62.45524998787744,34.43713796723608,51.38720224214012,60,5,0.08333333333333333,0.13605125681130692
S02,2023,4,S02-2023-B4,B,5.0,22.891638253164135,68.15255005052833,30.89365887263785,51.337658883428716,60,16,0.26666666666666666,0.30811022428219953
S02,2023,4,S02-2023-B4,B,10.0,25.079257756815704,66.64557756261584,21.980889902129046,77.25587369374313,60,42,0.7,0.6806906364328027
S02,2023,4,S02-2023-B4,B,20.0,22.615663009441782,72.49565519030398,29.737076104140016,71.38666196433003,60,47,0.7833333333333333,0.8297916688941821
S02,2023,4,S02-2023-B4,B,40.0,24.81059195272611,67.96779933927579,22.14257971702315,56.055466980420206,60,53,0.8833333333333333,0.9102345338685729
S02,2024,1,S02-2024-B1,A,0.0,22.46675925596863,65.87549817665479,25.80752074243995,50.045964305191774,60,5,0.08333333333333333,0.026505541157789723
S02,2024,1,S02-2024-B1,A,2.5,22.084354121083784,67.75034015357255,26.427843274683944,49.86092300973927,60,5,0.08333333333333333,0.10038665333102491
S02,2024,1,S02-2024-B1,A,5.0,25.814011754420598,67.77921560612197,22.984746979670568,64.84065448561634,60,13,0.21666666666666667,0.2817433061828262
S02,2024,1,S02-2024-B1,A,10.0,26.61469973344225,65.30764587413343,26.673030337244946,62.985108410484585,60,29,0.48333333333333334,0.5115281151237299
S02,2024,1,S02-2024-B1,A,20.0,23.623112747023217,69.29256115401255,22.21400364579621,50.70319940237913,60,42,0.7,0.7235560942437691
S02,2024,1,S02-2024-B1,A,40.0,24.62224323238401,57.73419571582291,21.843493325908202,61.97642352303341,60,53,0.8833333333333333,0.8896657358266948
S02,2024,1,S02-2024-B1,B,0.0,26.695243126419598,68.37506214644294,23.31461006438014,75.23058720241495,60,3,0.05,0.03980581342592656
S02,2024,1,S02-2024-B1,B,2.5,22.772025267712454,66.90241942685641,27.410163396661208,52.419221692238594,60,13,0.21666666666666667,0.1444077853644032
S02,2024,1,S02-2024-B1,B,5.0,25.845963897594434,60.706598497090475,26.263586386195684,65.43096527539848,60,19,0.31666666666666665,0.36849510641598937
S02,2024,1,S02-2024-B1,B,10.0,25.46951340730418,65.94648056414296,33.07120764351461,69.43283752824458,60,38,0.6333333333333333,0.6275001007098663
S02,2024,1,S02-2024-B1,B,20.0,23.91254333175277,62.22656986641294,22.034834815551534,54.52533971004917,60,48,0.8,0.8063160199143319
S02,2024,1,S02-2024-B1,B,40.0,21.4129196537344,67.29965098679762,23.83177593441935,58.7252895482469,60,55,0.9166666666666666,0.9067724343287887
S02,2024,2,S02-2024-B2,A,0.0,22.928818186942134,65.01888070661764,34.45628111813219,37.1486524673206,60,2,0.03333333333333333,0.020375262600968815
S02,2024,2,S02-2024-B2,A,2.5,22.837992411398847,67.20504349071722,20.826975231291655,56.654361670886956,60,7,0.11666666666666667,0.11754443935321629
S02,2024,2,S02-2024-B2,A,5.0,22.800921827516365,70.68088567349787,23.520185154603507,46.863386938447945,60,14,0.23333333333333334,0.22588215940288175
S02,2024,2,S02-2024-B2,A,10.0,25.561113275655188,78.29071324757373,24.587139933586688,53.17788378325225,60,24,0.4,0.48284004316394996
S02,2024,2,S02-2024-B2,A,20.0,24.489507189439475,64.29460924677116,28.697715402818304,56.2070220107943,60,47,0.7833333333333333,0.728705840204302
S02,2024,2,S02-2024-B2,A,40.0,25.07981185930749,73.34528460504185,29.75404325971048,40.13689508126844,60,50,0.8333333333333334,0.8430785163050121
S02,2024,2,S02-2024-B2,B,0.0,24.790922675525646,68.84595327341628,38.43202030550316,55.68038571339749,60,0,0.0,0.02625229007513486
S02,2024,2,S02-2024-B2,B,2.5,25.19685350266022,63.65233399809617,34.26595022424018,61.53543832343897,60,10,0.16666666666666666,0.1562575408609023
S02,2024,2,S02-2024-B2,B,5.0,20.314926565226905,63.13047459236793,28.308605010732258,60.53467831341325,60,13,0.21666666666666667,0.3232788485229692
S02,2024,2,S02-2024-B2,B,10.0,25.814655392734853,69.2901661049928,34.36096781416689,62.22147133019356,60,32,0.5333333333333333,0.5982606099127585
S02,2024,2,S02-2024-B2,B,20.0,23.712761548068922,59.57020420718834,32.22824391452362,65.76274423420176,60,54,0.9,0.8161537221788779
S02,2024,2,S02-2024-B2,B,40.0,22.309761291974553,75.58844268012335,25.014055109072153,67.1473532570656,60,52,0.8666666666666667,0.918152447592622
S02,2024,3,S02-2024-B3,A,0.0,22.676470335871812,65.14331655621936,30.188883583265596,59.375241155312025,60,1,0.016666666666666666,0.029246285973365243
S02,2024,3,S02-2024-B3,A,2.5,22.590669955172874,70.75157769447512,34.50734799530966,65.30577074353229,60,2,0.03333333333333333,0.1162349651261695
S02,2024,3,S02-2024-B3,A,5.0,23.71111285842654,62.835902906421715,28.004377029981196,50.39705269418959,60,10,0.16666666666666666,0.23011286418819693
S02,2024,3,S02-2024-B3,A,10.0,27.710104024031644,65.92013755088249,22.966868925090292,47.26518166739488,60,26,0.43333333333333335,0.45603788990462635
S02,2024,3,S02-2024-B3,A,20.0,23.968331297056167,68.97333536996955,25.27617781389077,56.9596187493204,60,48,0.8,0.7368290492353886
S02,2024,3,S02-2024-B3,A,40.0,23.92672181328753,71.19589383353605,29.658280406100182,57.75176016377155,60,52,0.8666666666666667,0.8744364196642886
S02,2024,3,S02-2024-B3,B,0.0,26.386182677403202,63.70852672512737,20.85223661046905,70.25276192982386,60,1,0.016666666666666666,0.03811069282438853
S02,2024,3,S02-2024-B3,B,2.5,24.504342616502793,72.16838227317791,24.33714340838008,48.542033252249674,60,12,0.2,0.14393439753771375
S02,2024,3,S02-2024-B3,B,5.0,23.863052103632345,68.82445135210148,24.14883570393751,53.53495223724719,60,26,0.43333333333333335,0.3320659325851473
S02,2024,3,S02-2024-B3,B,10.0,23.567487628423805,69.45725652807234,25.99495884414235,64.55311182815848,60,36,0.6,0.6247866472623382
S02,2024,3,S02-2024-B3,B,20.0,23.667338026861884,61.569705785035474,25.502803262287905,59.33359400961296,60,54,0.9,0.8116435194915963
S02,2024,3,S02-2024-B3,B,40.0,26.438665107847235,68.83649881356821,31.288174571123037,55.82132600996766,60,55,0.9166666666666666,0.9012072982247148
S02,2024,4,S02-2024-B4,A,0.0,26.235130346814206,68.19905755619915,44.74186531404118,51.30450041907545,60,1,0.016666666666666666,0.022987588475136506
S02,2024,4,S02-2024-B4,A,2.5,24.52365429387249,72.18793899536666,34.06133013020442,53.251052492694335,60,6,0.1,0.10183057739575468
S02,2024,4,S02-2024-B4,A,5.0,24.46103818274074,70.14723086583307,26.754740906139425,52.689794778596756,60,14,0.23333333333333334,0.23977147781742048
S02,2024,4,S02-2024-B4,A,10.0,25.30103352704179,73.57278178567316,22.39581488372595,42.891822478185624,60,25,0.4166666666666667,0.45018497981781735
S02,2024,4,S02-2024-B4,A,20.0,24.017457400500284,67.30921388541476,27.979726160230854,49.545172986364065,60,44,0.7333333333333333,0.7092603902153429
S02,2024,4,S02-2024-B4,A,40.0,25.426977290530736,68.75953570351932,22.793766457839148,57.9837570038006,60,54,0.9,0.8826471713492523
S02,2024,4,S02-2024-B4,B,0.0,23.426220823233585,63.34938118984225,22.645912307658726,55.92852258852748,60,3,0.05,0.030354633631319156
S02,2024,4,S02-2024-B4,B,2.5,22.810541117434447,72.4548250979341,33.186844855070845,62.430821071676824,60,8,0.13333333333333333,0.1563164697665949
S02,2024,4,S02-2024-B4,B,5.0,23.54030708874638,65.29870381776539,27.891725508107204,57.99860965568102,60,24,0.4,0.33770905177050614
S02,2024,4,S02-2024-B4,B,10.0,25.520624634437294,66.48139802475372,28.077402805380284,60.10593537713538,60,39,0.65,0.6061813189007125
S02,2024,4,S02-2024-B4,B,20.0,24.022441767200835,71.15012562982939,24.34438154324076,60.99687585390655,60,48,0.8,0.8177772534169896
S02,2024,4,S02-2024-B4,B,40.0,24.13854166764572,73.88376920492387,24.377503882458914,60.97678235412168,60,52,0.8666666666666667,0.9140239778357659
S02,2025,1,S02-2025-B1,A,0.0,22.81467089040319,66.90715955157437,34.80759917519471,51.31636623605853,60,1,0.016666666666666666,0.024863873176714076
S02,2025,1,S02-2025-B1,A,2.5,23.94091796816382,68.27342473214456,32.086585147191485,45.07566815998748,60,6,0.1,0.09248363885679223
S02,2025,1,S02-2025-B1,A,5.0,25.806941990804688,67.87616361485466,40.73042250752425,64.51790079744883,60,16,0.26666666666666666,0.24662773064108823
S02,2025,1,S02-2025-B1,A,10.0,25.480608898208402,70.1899372275373,31.59144036137772,41.680301415218764,60,23,0.38333333333333336,0.4233131516581529
S02,2025,1,S02-2025-B1,A,20.0,21.73984189424311,63.82562808135653,25.801228451215902,53.43512238883344,60,48,0.8,0.7160527497102487
S02,2025,1,S02-2025-B1,A,40.0,23.688166394487013,67.51483159917548,24.853671440390688,62.185576824548775,60,43,0.7166666666666667,0.8862611091963629
S02,2025,1,S02-2025-B1,B,0.0,23.731771288008,64.85530521740249,32.32271330171091,63.71746828848205,60,6,0.1,0.030994530009937286
S02,2025,1,S02-2025-B1,B,2.5,22.39341669796449,67.63952733164886,25.7553440985082,59.624393748267074,60,7,0.11666666666666667,0.1594115449987709
S02,2025,1,S02-2025-B1,B,5.0,22.903310842405713,67.53174531043808,27.891265432689288,63.06085598130618,60,16,0.26666666666666666,0.3526530839481594
S02,2025,1,S02-2025-B1,B,10.0,22.67196442208527,72.0552536980433,22.4301927660756,55.4352426371769,60,37,0.6166666666666667,0.5971217067201068
S02,2025,1,S02-2025-B1,B,20.0,22.5843598300763,62.040277873535324,32.826523061703035,65.90635510238297,60,55,0.9166666666666666,0.8125880413416237
S02,2025,1,S02-2025-B1,B,40.0,23.36521189770859,66.19095761975646,32.2540002245984,57.50469306329196,60,55,0.9166666666666666,0.9023366010171685
S02,2025,2,S02-2025-B2,A,0.0,24.457259181479987,64.11501570692195,32.134373955159305,52.568820079893555,60,2,0.03333333333333333,0.026564995519650123
S02,2025,2,S02-2025-B2,A,2.5,23.614663561702578,65.57741370626698,44.85207997632098,42.42471398821196,60,6,0.1,0.07906736967069983
S02,2025,2,S02-2025-B2,A,5.0,23.51691050060841,63.9995679281778,30.813429190114928,47.9941312239296,60,13,0.21666666666666667,0.21872566828683987
S02,2025,2,S02-2025-B2,A,10.0,22.503306136041523,64.10671676659616,27.594160833432746,47.970949707967804,60,30,0.5,0.44896160038172717
S02,2025,2,S02-2025-B2,A,20.0,24.224466493543204,72.94810001886952,39.01425138885244,55.404505902776854,60,44,0.7333333333333333,0.7052680764050211
S02,2025,2,S02-2025-B2,A,40.0,23.93950036556706,67.83327897325191,26.43000366859655,52.5162899392495,60,55,0.9166666666666666,0.8693569308862495
S02,2025,2,S02-2025-B2,B,0.0,26.362292023642354,72.66652034501897,34.42192086330127,55.229715621564594,60,1,0.016666666666666666,0.026804764534211177
S02,2025,2,S02-2025-B2,B,2.5,24.015162331277743,65.32331142770222,40.916311059397145,64.45737659509876,60,7,0.11666666666666667,0.15282600232759522
S02,2025,2,S02-2025-B2,B,5.0,22.911987534317266,68.00842947136245,23.122529715259464,63.10370323817782,60,24,0.4,0.3638052752703856
S02,2025,2,S02-2025-B2,B,10.0,24.058177674989512,63.98402193924334,32.255970692586175,62.039334345541114,60,32,0.5333333333333333,0.6027540533790522
S02,2025,2,S02-2025-B2,B,20.0,23.099026650850455,66.15588234771191,23.312811640281723,72.8341165016642,60,50,0.8333333333333334,0.8425170511419482
S02,2025,2,S02-2025-B2,B,40.0,24.73304684975075,66.86219842495763,31.14336781035876,49.93500686150171,60,56,0.9333333333333333,0.8941668063210243
S02,2025,3,S02-2025-B3,A,0.0,22.382091279846517,63.314547472234985,24.140000387548177,59.75749199650785,60,3,0.05,0.03088067256150201
S02,2025,3,S02-2025-B3,A,2.5,23.27646167709322,64.95301815867094,29.75478856320374,54.13167994490869,60,8,0.13333333333333333,0.10585796946076101
S02,2025,3,S02-2025-B3,A,5.0,24.66380969042212,70.12208431868363,24.87840620495683,61.09159965671859,60,12,0.2,0.2675941863401141
S02,2025,3,S02-2025-B3,A,10.0,22.952115343385987,65.27152814570523,28.71192124572368,53.377234416275215,60,31,0.5166666666666667,0.46885232925686665
S02,2025,3,S02-2025-B3,A,20.0,24.030262198777745,70.59240376579788,21.375399700661347,45.57070223322576,60,38,0.6333333333333333,0.7108875479591074
S02,2025,3,S02-2025-B3,A,40.0,25.05710318259344,68.71448253516377,28.71272634488259,64.45835784853425,60,57,0.95,0.8866726796173428
S02,2025,3,S02-2025-B3,B,0.0,25.354945807900915,63.52579102994011,35.42351173858465,59.949779508547074,60,2,0.03333333333333333,0.02867680235468157
S02,2025,3,S02-2025-B3,B,2.5,24.0040372437719,72.92698946764558,38.00086225455239,46.61535624864018,60,12,0.2,0.12442343355723838
S02,2025,3,S02-2025-B3,B,5.0,26.86281580083321,68.26798287835808,25.12448390840453,54.22861564685311,60,19,0.31666666666666665,0.3301330821779079
S02,2025,3,S02-2025-B3,B,10.0,23.721864563248513,66.5292911452103,34.97644078808753,66.48238358118631,60,35,0.5833333333333334,0.611271883908473
S02,2025,3,S02-2025-B3,B,20.0,25.693010187005523,70.57110507332582,27.698770240253207,56.81579215364597,60,47,0.7833333333333333,0.8035465233480696
S02,2025,3,S02-2025-B3,B,40.0,22.9431947262064,67.6954134513021,28.865906373043238,57.47878290898125,60,53,0.8833333333333333,0.9045783530767536
S02,2025,4,S02-2025-B4,A,0.0,24.797978786022362,61.60451918405967,24.326103905798007,56.394569544621746,60,4,0.06666666666666667,0.030339399015965517
S02,2025,4,S02-2025-B4,A,2.5,23.230013971117454,66.86967268004906,37.3303675036871,50.452527423797,60,3,0.05,0.09401905863006885
S02,2025,4,S02-2025-B4,A,5.0,25.323995410835813,65.90000872698523,28.584449173115114,43.880269201533665,60,10,0.16666666666666666,0.21381965614656367
S02,2025,4,S02-2025-B4,A,10.0,22.316420404605637,69.34781065220054,28.28119477452021,59.82647731239547,60,31,0.5166666666666667,0.4903149222453608
S02,2025,4,S02-2025-B4,A,20.0,24.57598321672727,67.14611079722862,22.29092947349612,58.950883489666026,60,46,0.7666666666666667,0.7493312816233557
S02,2025,4,S02-2025-B4,A,40.0,26.1371558572623,64.72268113395273,26.908365205686557,60.100995942420084,60,58,0.9666666666666667,0.881156682661093
S02,2025,4,S02-2025-B4,B,0.0,25.047035146244568,66.15179784293947,33.40887547867272,47.049000283312964,60,0,0.0,0.0242375235031862
S02,2025,4,S02-2025-B4,B,2.5,23.97185212501473,71.7732792703181,26.910116506994513,57.11342877234672,60,11,0.18333333333333332,0.15668022736625095
S02,2025,4,S02-2025-B4,B,5.0,24.027696807361007,63.874949358455005,32.607313934149545,61.80871864423929,60,26,0.43333333333333335,0.3416192903290937
S02,2025,4,S02-2025-B4,B,10.0,23.857481074595274,67.29961794808865,28.774832298962643,59.99059068299289,60,36,0.6,0.6032301162186909
S02,2025,4,S02-2025-B4,B,20.0,23.910618727710357,64.47602560996772,24.537793296177682,57.515516531687254,60,51,0.85,0.8095644598942153
S02,2025,4,S02-2025-B4,B,40.0,21.95928475026031,64.45472502330189,26.365479945675776,66.97668816878374,60,52,0.8666666666666667,0.9161813511481858
S03,2023,1,S03-2023-B1,A,0.0,20.91050088668507,73.30771341898702,24.788847592639428,59.93938799193614,60,0,0.0,0.012045394265402175
S03,2023,1,S03-2023-B1,A,2.5,20.554225636236424,72.60076586831102,27.140122839330388,64.04930137412067,60,3,0.05,0.09247793518803271
S03,2023,1,S03-2023-B1,A,5.0,23.46087726557762,72.0463284288266,36.7306102352998,50.68345101305709,60,12,0.2,0.1895553715940281
S03,2023,1,S03-2023-B1,A,10.0,20.50496582408962,70.25615263684595,36.975067908022154,50.14919026563911,60,21,0.35,0.37994999368406573
S03,2023,1,S03-2023-B1,A,20.0,19.753205235270833,74.83534745864833,25.10002793568784,56.73132809600592,60,44,0.7333333333333333,0.6633809746836634
S03,2023,1,S03-2023-B1,A,40.0,18.846651116014822,70.52426826373882,29.99673208231028,56.26991734974756,60,49,0.8166666666666667,0.7948866546504728
S03,2023,1,S03-2023-B1,B,0.0,21.693628987599546,67.52643979719461,30.282615799998702,60.56336637918073,60,0,0.0,0.011849225085491608
S03,2023,1,S03-2023-B1,B,2.5,22.70316671824364,73.79587808684788,26.346068069927483,66.6050669252443,60,8,0.13333333333333333,0.14757995271860583
S03,2023,1,S03-2023-B1,B,5.0,22.265863966689963,68.51099812989075,26.386688045641296,46.344200512583484,60,15,0.25,0.2673136969407372
S03,2023,1,S03-2023-B1,B,10.0,20.92178105511645,66.61618353836542,47.421375712242266,58.94679699052932,60,27,0.45,0.4924825505949632
S03,2023,1,S03-2023-B1,B,20.0,21.57266898733329,74.518771093882,23.70940574077636,56.57922910362651,60,42,0.7,0.7536086282884201
S03,2023,1,S03-2023-B1,B,40.0,23.006585596680043,70.45738612363823,28.081239540412184,60.465138495567466,60,50,0.8333333333333334,0.8626632412911968
S03,2023,2,S03-2023-B2,A,0.0,21.916327391176935,71.80355100916638,27.678735778566022,52.91587320490216,60,0,0.0,0.010931325993614413
S03,2023,2,S03-2023-B2,A,2.5,21.637268591447995,68.3948563857318,31.37564019069141,56.252462110438984,60,2,0.03333333333333333,0.08311393583028695
S03,2023,2,S03-2023-B2,A,5.0,22.9811242201998,71.57369881402644,26.24194794863976,49.127400470436726,60,7,0.11666666666666667,0.20102654166554482
S03,2023,2,S03-2023-B2,A,10.0,21.839282449753025,75.04206260520388,25.910181350588967,61.1144422188623,60,28,0.4666666666666667,0.45920169538713435
S03,2023,2,S03-2023-B2,A,20.0,25.228699330809192,65.16967040975725,26.964569879544857,47.308356592025284,60,31,0.5166666666666667,0.6583141301326638
S03,2023,2,S03-2023-B2,A,40.0,24.807798525307074,66.32053784274315,24.401935853948036,50.97063932830247,60,51,0.85,0.8205722582191216
S03,2023,2,S03-2023-B2,B,0.0,22.155852438611852,68.3757441960827,45.50560512708836,54.08907299825233,60,0,0.0,0.009389749569391809
S03,2023,2,S03-2023-B2,B,2.5,22.198336890800235,72.05344350474041,29.9829849286849,73.89192108001646,60,12,0.2,0.15529708066334663
S03,2023,2,S03-2023-B2,B,5.0,21.632434597886174,70.85493918393406,41.62964453188322,64.59979464913205,60,17,0.2833333333333333,0.28777490307982706
S03,2023,2,S03-2023-B2,B,10.0,21.9887451915297,72.89838325479579,23.546931236551178,71.25950205969461,60,37,0.6166666666666667,0.6061563679925784
S03,2023,2,S03-2023-B2,B,20.0,23.490469143709262,69.18095608923495,31.21561109600043,60.41363728702052,60,47,0.7833333333333333,0.7590989008019354
S03,2023,2,S03-2023-B2,B,40.0,22.46059646322421,72.33206563204192,26.484699557885538,56.47087032383044,60,56,0.9333333333333333,0.8558530498632823
S03,2023,3,S03-2023-B3,A,0.0,24.453610994297524,66.01345779408051,27.55982305320948,62.817677642361744,60,1,0.016666666666666666,0.013263822600605444
S03,2023,3,S03-2023-B3,A,2.5,23.373878448595296,63.65100104055809,29.26042513801419,47.3620714950705,60,4,0.06666666666666667,0.07801296855859402
S03,2023,3,S03-2023-B3,A,5.0,25.954829300588017,66.8014842525479,33.212399015251414,51.64823667594726,60,11,0.18333333333333332,0.19845767182211996
S03,2023,3,S03-2023-B3,A,10.0,22.24948149265605,69.40585442298854,35.885942810853926,44.30955338084466,60,21,0.35,0.37677395130313773
S03,2023,3,S03-2023-B3,A,20.0,21.083809696597626,71.59477448783616,26.562196884824072,44.808372691745966,60,33,0.55,0.6331822509795203
S03,2023,3,S03-2023-B3,A,40.0,23.63940973639302,70.5238215115782,33.86286639053439,61.13524726262649,60,50,0.8333333333333334,0.8276435556407766
S03,2023,3,S03-2023-B3,B,0.0,23.14362683757079,68.55870754164123,25.41266045044555,57.185801881712855,60,2,0.03333333333333333,0.012271760203448372
S03,2023,3,S03-2023-B3,B,2.5,23.396183943915073,71.54785303200487,35.49533132051267,70.69720286334763,60,6,0.1,0.14550454693401604
S03,2023,3,S03-2023-B3,B,5.0,22.076949268056325,70.53514905938242,40.30474935068707,56.9443604054976,60,15,0.25,0.2701588818496744
S03,2023,3,S03-2023-B3,B,10.0,22.515904627292386,65.18141568116656,35.257314339613735,43.90072188743639,60,27,0.45,0.4795571832197831
S03,2023,3,S03-2023-B3,B,20.0,22.99826343270493,69.98790449875813,26.34988893081445,53.08763954738586,60,49,0.8166666666666667,0.7460909782326648
S03,2023,3,S03-2023-B3,B,40.0,20.410120788009674,72.34075573385417,23.73179365858082,57.03498460083957,60,48,0.8,0.8512152106791064
S03,2023,4,S03-2023-B4,A,0.0,24.54765252672558,70.12189013396781,30.33000461785325,52.54028499491741,60,2,0.03333333333333333,0.011087850132835139
S03,2023,4,S03-2023-B4,A,2.5,24.728348401079483,69.56888099703495,33.339772924318105,67.24083332408982,60,4,0.06666666666666667,0.09980296739224076
S03,2023,4,S03-2023-B4,A,5.0,20.512357836579962,68.09198075454204,25.331415385816726,47.94498186182686,60,10,0.16666666666666666,0.18711943391603944
S03,2023,4,S03-2023-B4,A,10.0,21.23679185819726,72.53210148339122,23.655013452743802,63.71988465756778,60,33,0.55,0.4693431194171378
S03,2023,4,S03-2023-B4,A,20.0,21.839952791306825,72.49125492317806,37.52862284862269,51.17559211857693,60,34,0.5666666666666667,0.6361031856384389
S03,2023,4,S03-2023-B4,A,40.0,21.573179610659242,68.11255941322977,31.536544397188106,44.463682502274324,60,45,0.75,0.7846119835565526
S03,2023,4,S03-2023-B4,B,0.0,21.310198556438603,67.71157296629232,29.74384312135098,77.91716439898906,60,0,0.0,0.015197789190757855
S03,2023,4,S03-2023-B4,B,2.5,21.42623472364386,71.49454235604011,36.0475606875861,58.32642980938621,60,2,0.03333333333333333,0.11790863482410024
S03,2023,4,S03-2023-B4,B,5.0,20.198402364297063,75.12669810706784,23.161446487184072,56.57468250633697,60,14,0.23333333333333334,0.2889509759205392
S03,2023,4,S03-2023-B4,B,10.0,21.805652667805667,68.64067977029025,23.636524894990842,41.04506359546373,60,35,0.5833333333333334,0.49284811731194855
S03,2023,4,S03-2023-B4,B,20.0,22.409074734017484,64.15518319656786,29.509213232456784,57.44476468457229,60,47,0.7833333333333333,0.7499049535447659
S03,2023,4,S03-2023-B4,B,40.0,22.387369848434265,76.3365064272133,30.63680024355164,64.76035834473731,60,49,0.8166666666666667,0.8655532174080584
S03,2024,1,S03-2024-B1,A,0.0,23.671276591686905,70.77485727775543,33.01823141447066,52.23751001821407,60,1,0.016666666666666666,0.010788511855579757
S03,2024,1,S03-2024-B1,A,2.5,24.315094094693066,67.18283213511198,26.954061040995356,51.66645368873163,60,3,0.05,0.08500753771927134
S03,2024,1,S03-2024-B1,A,5.0,25.775565400363764,75.63788770120324,25.970098980697134,53.68112793235494,60,13,0.21666666666666667,0.21454799063901028
S03,2024,1,S03-2024-B1,A,10.0,24.127295827546348,66.74215731008512,26.55149603677059,60.04339255889512,60,30,0.5,0.46362933007282336
S03,2024,1,S03-2024-B1,A,20.0,21.07179706280211,70.12187321159577,24.507586695964854,60.90746739307428,60,46,0.7666666666666667,0.6907916849859626
S03,2024,1,S03-2024-B1,A,40.0,23.00075849383205,72.93478382415333,40.052981820678156,49.660004076576094,60,41,0.6833333333333333,0.7900338417099705
S03,2024,1,S03-2024-B1,B,0.0,23.822951896342634,75.87690104954575,23.446715353806745,55.63575691543669,60,0,0.0,0.012495195941295901
S03,2024,1,S03-2024-B1,B,2.5,23.306383833675003,69.71532289545823,32.71913667953964,68.2909827956808,60,9,0.15,0.14358267072636277
S03,2024,1,S03-2024-B1,B,5.0,24.853890582512477,76.6974293965903,25.88785095532986,60.88700394751908,60,16,0.26666666666666666,0.3199172406438185
S03,2024,1,S03-2024-B1,B,10.0,20.278824468637044,72.48572233817514,30.1077583192393,71.63311794350821,60,37,0.6166666666666667,0.5744073111871768
S03,2024,1,S03-2024-B1,B,20.0,23.14882549571545,66.28345712602018,25.991648542509918,51.461720490515816,60,45,0.75,0.7422892177160668
S03,2024,1,S03-2024-B1,B,40.0,23.090304890964948,74.45340389101308,30.849351283495594,50.4829719323879,60,47,0.7833333333333333,0.8408894922381432
S03,2024,2,S03-2024-B2,A,0.0,20.670990736633016,69.22208607900768,26.300214097270526,58.25417356120799,60,0,0.0,0.011590970170715137
S03,2024,2,S03-2024-B2,A,2.5,21.086412476219866,72.93207388427315,31.051835348080147,49.869989239773915,60,4,0.06666666666666667,0.07458271605109755
S03,2024,2,S03-2024-B2,A,5.0,22.586343822300627,66.07244113418824,32.588666675765026,45.24547100304399,60,13,0.21666666666666667,0.179967511390397
S03,2024,2,S03-2024-B2,A,10.0,23.086472867562087,69.91332692021427,26.969631852570117,50.85983337987167,60,22,0.36666666666666664,0.42502594388610176
S03,2024,2,S03-2024-B2,A,20.0,22.342702331673763,73.60146179811156,23.479269910965844,43.9285482151521,60,40,0.6666666666666666,0.645946858360069
S03,2024,2,S03-2024-B2,A,40.0,21.750330383191514,72.49866600232517,24.797339239109057,49.579949145130996,60,43,0.7166666666666667,0.8090220331541681
S03,2024,2,S03-2024-B2,B,0.0,21.666275539479155,72.43361135951679,28.029852158454553,61.140551892938134,60,1,0.016666666666666666,0.01234919961398488
S03,2024,2,S03-2024-B2,B,2.5,21.20806800469101,68.08238512488296,24.5661779699024,56.12630428483763,60,8,0.13333333333333333,0.12517189392052627
S03,2024,2,S03-2024-B2,B,5.0,21.80869950423715,63.86112803398173,26.727579632806364,51.64804835604407,60,13,0.21666666666666667,0.2784930249807953
S03,2024,2,S03-2024-B2,B,10.0,23.463831407579292,63.86147111652619,27.258604311511675,65.92227902966107,60,40,0.6666666666666666,0.5847572136923664
S03,2024,2,S03-2024-B2,B,20.0,19.25468795175422,65.64027709662942,28.798381072615356,57.659799910984205,60,49,0.8166666666666667,0.7260943060106325
S03,2024,2,S03-2024-B2,B,40.0,20.046698017547943,72.49595644889564,31.500916275319383,67.9166535192734,60,49,0.8166666666666667,0.86001439372766
S03,2024,3,S03-2024-B3,A,0.0,21.86460570843144,68.56409314212758,38.517343575228686,40.67470398360331,60,1,0.016666666666666666,0.008266973467954691
S03,2024,3,S03-2024-B3,A,2.5,20.223255314465373,70.20480038610297,26.93658339234866,60.20322143230595,60,7,0.11666666666666667,0.08629859016335736
S03,2024,3,S03-2024-B3,A,5.0,21.89039820964609,78.12999838684725,29.023516945057498,48.62998681462763,60,8,0.13333333333333333,0.1900988784023921
S03,2024,3,S03-2024-B3,A,10.0,22.70093445286458,74.13499820727222,39.545157023286734,49.70181250010424,60,23,0.38333333333333336,0.3885477356571455
S03,2024,3,S03-2024-B3,A,20.0,23.015319874119918,68.89014833390675,37.40328735216451,60.30991595505236,60,38,0.6333333333333333,0.6733469087878396
S03,2024,3,S03-2024-B3,A,40.0,24.311691421325264,65.4847581489619,27.20785438771361,55.91114234410942,60,52,0.8666666666666667,0.8270644658370224
S03,2024,3,S03-2024-B3,B,0.0,20.771283467277446,72.79611052388522,26.68932785011233,65.6683253600774,60,1,0.016666666666666666,0.012941913701323212
S03,2024,3,S03-2024-B3,B,2.5,23.35816034001485,69.68286915297165,29.438678069253083,65.39926668606019,60,8,0.13333333333333333,0.14239307671930565
S03,2024,3,S03-2024-B3,B,5.0,22.168634164857128,71.1098475521443,28.427054669796256,61.52572632043385,60,17,0.2833333333333333,0.307903328247096
S03,2024,3,S03-2024-B3,B,10.0,22.042241947029183,68.22767259572255,28.925579392785842,56.675328149263244,60,24,0.4,0.5386767695280582
S03,2024,3,S03-2024-B3,B,20.0,21.997769142811883,65.28764379894419,34.47793335057023,50.338844483806085,60,44,0.7333333333333333,0.7167226083989092
S03,2024,3,S03-2024-B3,B,40.0,24.07874407107209,76.64917667010465,26.01359674370656,63.0359817480379,60,51,0.85,0.8716363527248867
S03,2024,4,S03-2024-B4,A,0.0,19.52928143678973,62.95927247747845,30.073419146853666,58.65598362879236,60,3,0.05,0.010628641653503445
S03,2024,4,S03-2024-B4,A,2.5,21.08097810139472,76.4446725724171,39.407470310957194,50.96878642745819,60,1,0.016666666666666666,0.07006943910929096
S03,2024,4,S03-2024-B4,A,5.0,20.679379271101457,65.4969274386678,25.46421224722091,55.40302434552102,60,14,0.23333333333333334,0.20470065113040445
S03,2024,4,S03-2024-B4,A,10.0,20.338448139915805,71.94235238395136,33.0563432668895,60.07691861812275,60,29,0.48333333333333334,0.42186356234645594
S03,2024,4,S03-2024-B4,A,20.0,21.889680630948124,69.88751142477597,28.14466587360705,44.164261796138334,60,36,0.6,0.6329951469878663
S03,2024,4,S03-2024-B4,A,40.0,20.78826545216145,69.11823950237495,34.276600131198336,50.8706497627779,60,49,0.8166666666666667,0.7912281304203375
S03,2024,4,S03-2024-B4,B,0.0,22.960923746419294,64.99500131541913,26.05185645453473,63.6112144594643,60,1,0.016666666666666666,0.013518057820559252
S03,2024,4,S03-2024-B4,B,2.5,21.16973506149995,67.47677483148786,24.539318643476292,52.13590792833031,60,8,0.13333333333333333,0.11863840436014988
S03,2024,4,S03-2024-B4,B,5.0,22.516841848588825,67.47224889949732,31.464512559141923,64.21544664088115,60,17,0.2833333333333333,0.31201500163079215
S03,2024,4,S03-2024-B4,B,10.0,22.73352522135632,67.20532902474075,24.20790518483456,63.374197256344935,60,35,0.5833333333333334,0.5795030403289665
S03,2024,4,S03-2024-B4,B,20.0,22.532669357576374,70.47463042036155,31.03812780445017,58.841832176066276,60,47,0.7833333333333333,0.7511646632136318
S03,2024,4,S03-2024-B4,B,40.0,21.89380472060543,73.34508981268075,30.0541303376109,62.14967684024858,60,55,0.9166666666666666,0.8603027146827242
S03,2025,1,S03-2025-B1,A,0.0,22.981039044997317,69.52059468975595,26.53594357333085,59.68116407311528,60,0,0.0,0.012662232524686822
S03,2025,1,S03-2025-B1,A,2.5,22.619575164048456,70.46604974130688,29.031346787350685,61.22087885674037,60,12,0.2,0.0929304754880554
S03,2025,1,S03-2025-B1,A,5.0,22.739424198153323,70.53319352873312,24.13349125412564,56.69114310231759,60,12,0.2,0.2218017233471721
S03,2025,1,S03-2025-B1,A,10.0,22.29793651176428,74.94670222158564,58.31039050244995,34.209346820960455,60,14,0.23333333333333334,0.29274789891295716
S03,2025,1,S03-2025-B1,A,20.0,21.451089257190098,72.17042488366694,26.97265254071106,50.711491685514645,60,33,0.55,0.655052925114777
S03,2025,1,S03-2025-B1,A,40.0,22.916758076131288,67.11550456648384,26.564545429942264,53.10428441052537,60,47,0.7833333333333333,0.819024801010072
S03,2025,1,S03-2025-B1,B,0.0,21.479688531785268,67.81963005044778,28.153500009173488,44.455934210343564,60,1,0.016666666666666666,0.009541432433237811
S03,2025,1,S03-2025-B1,B,2.5,21.460683477053095,75.92177220400626,29.861232188491662,60.02268304305909,60,3,0.05,0.12695490627088085
S03,2025,1,S03-2025-B1,B,5.0,23.08203772518679,70.0879144908627,34.44643788455828,55.88662095810511,60,21,0.35,0.2826272712776017
S03,2025,1,S03-2025-B1,B,10.0,23.60997027614906,70.41902928845026,27.071749146373,59.11386380437271,60,33,0.55,0.5610733287667626
S03,2025,1,S03-2025-B1,B,20.0,22.524922131804537,68.37139600361324,24.054990976114226,52.06246085291618,60,44,0.7333333333333333,0.7452249816057926
S03,2025,1,S03-2025-B1,B,40.0,17.99379329393386,72.45006761480202,38.24375972180639,61.14334501742193,60,44,0.7333333333333333,0.8209605419093121
S03,2025,2,S03-2025-B2,A,0.0,22.36681794137209,71.06173155643827,38.50126526495122,51.4442750221287,60,0,0.0,0.009815949953943054
S03,2025,2,S03-2025-B2,A,2.5,19.92442680658855,65.47613802841047,25.889679814708348,48.32139158858921,60,5,0.08333333333333333,0.07303898257640266
S03,2025,2,S03-2025-B2,A,5.0,22.506397538993305,70.89951372125523,31.100727080440876,46.41934690356393,60,11,0.18333333333333332,0.18475078334772113
S03,2025,2,S03-2025-B2,A,10.0,21.69758790807211,70.56020155307898,29.813468393003852,48.498563446232154,60,30,0.5,0.4011221216464522
S03,2025,2,S03-2025-B2,A,20.0,22.752154352045547,69.31167348238262,33.12942200468246,59.97508949755805,60,36,0.6,0.680576210849318
S03,2025,2,S03-2025-B2,A,40.0,20.216031721604484,75.13683134304772,30.22290351027472,48.35721782091507,60,48,0.8,0.7873846983897986
S03,2025,2,S03-2025-B2,B,0.0,20.5123895623287,72.59519545813642,33.718483696903846,73.04463167346871,60,0,0.0,0.013280695928877515
S03,2025,2,S03-2025-B2,B,2.5,24.272792846936607,68.84885980020458,26.282323251902238,50.79890569344632,60,5,0.08333333333333333,0.12231015911287693
S03,2025,2,S03-2025-B2,B,5.0,22.396600890922098,70.23219368460907,55.207529798181845,55.64182676228671,60,15,0.25,0.23898633247797665
S03,2025,2,S03-2025-B2,B,10.0,21.549969821089302,73.11967344864314,29.140425425752703,47.79301560016055,60,34,0.5666666666666667,0.5012917798056297
S03,2025,2,S03-2025-B2,B,20.0,19.389670010506233,75.0188386315438,37.543247057825155,50.31582928144643,60,43,0.7166666666666667,0.6868587481130669
S03,2025,2,S03-2025-B2,B,40.0,21.98262918541854,62.836194511706985,25.527167161956378,63.736951819692415,60,49,0.8166666666666667,0.8686244537902583
S03,2025,3,S03-2025-B3,A,0.0,18.100880899534815,70.0288215428152,30.87335548750831,41.81180173452013,60,1,0.016666666666666666,0.007499350794647098
S03,2025,3,S03-2025-B3,A,2.5,21.679075599344312,66.57473859486473,28.411836406757942,55.034238836866976,60,3,0.05,0.08380146898410394
S03,2025,3,S03-2025-B3,A,5.0,21.023379360165,72.58890249359345,23.145424051390158,56.01192329713611,60,7,0.11666666666666667,0.2126506001572236
S03,2025,3,S03-2025-B3,A,10.0,22.16083988607084,76.42032711716357,25.015851526501535,55.412408730042905,60,21,0.35,0.4415478726254486
S03,2025,3,S03-2025-B3,A,20.0,21.460080146491187,69.29163659939115,28.40248855294151,62.1746080274028,60,40,0.6666666666666666,0.6898230328947513
S03,2025,3,S03-2025-B3,A,40.0,22.53021791296467,66.92345397119625,32.40412919599944,48.011260454927076,60,50,0.8333333333333334,0.7967596078031471
S03,2025,3,S03-2025-B3,B,0.0,22.201363187158353,67.69378884286402,46.66153617871387,57.23315521122619,60,0,0.0,0.009823114839055366
S03,2025,3,S03-2025-B3,B,2.5,21.523275525276354,69.3935001789269,26.326479234747453,63.96435087236047,60,8,0.13333333333333333,0.1380612286343133
S03,2025,3,S03-2025-B3,B,5.0,24.817849580534958,66.14864240852785,39.41674366431423,59.04401460041047,60,22,0.36666666666666664,0.2858590011384554
S03,2025,3,S03-2025-B3,B,10.0,23.10548104626939,71.14689092038604,42.06249679362692,58.336157779690204,60,27,0.45,0.5189062517793854
S03,2025,3,S03-2025-B3,B,20.0,18.50311450172183,67.85368236387237,33.60530751888203,70.3290352997634,60,44,0.7333333333333333,0.7448598702225219
S03,2025,3,S03-2025-B3,B,40.0,22.413991446573142,66.89516749337724,30.910526200001144,62.04832338569091,60,52,0.8666666666666667,0.860778773080696
S03,2025,4,S03-2025-B4,A,0.0,24.885251953594747,67.02444326898642,25.848494437971453,47.698611677761114,60,0,0.0,0.010890253639911442
S03,2025,4,S03-2025-B4,A,2.5,22.55847360037346,67.1796242948433,43.45679128895921,43.01745748509474,60,3,0.05,0.06314195228187693
S03,2025,4,S03-2025-B4,A,5.0,22.83027166366874,74.12237657029213,23.713220781414726,63.60433643039807,60,16,0.26666666666666666,0.24135144442862644
S03,2025,4,S03-2025-B4,A,10.0,20.135585545213033,65.2704312758796,32.38347166097211,50.38821063702292,60,25,0.4166666666666667,0.3865280470749392
S03,2025,4,S03-2025-B4,A,20.0,22.437413461102846,65.67716788322387,23.505516575239884,57.89351471297604,60,38,0.6333333333333333,0.6929327829378813
S03,2025,4,S03-2025-B4,A,40.0,22.340117041949384,80.51623217017902,28.155215156125625,55.403648598280554,60,49,0.8166666666666667,0.8197511953075413
S03,2025,4,S03-2025-B4,B,0.0,21.12961512001624,71.53578938922618,35.46510547498455,57.61785438592821,60,0,0.0,0.01065358487913233
S03,2025,4,S03-2025-B4,B,2.5,23.675713411334367,70.864224469001,25.31447864571202,64.48865669229515,60,4,0.06666666666666667,0.14656092047351654
S03,2025,4,S03-2025-B4,B,5.0,21.898644257470405,68.46068496551288,33.180308607519045,54.58434451441904,60,24,0.4,0.27527162778711994
S03,2025,4,S03-2025-B4,B,10.0,23.14068724125567,64.55552403582287,27.714233146184064,63.95369163763178,60,33,0.55,0.5754365524424163
S03,2025,4,S03-2025-B4,B,20.0,19.72479835057784,64.48451767885653,26.30552006510171,65.50717346518888,60,48,0.8,0.758406319542094
S03,2025,4,S03-2025-B4,B,40.0,20.846188076801184,68.3668454991255,26.25676421834903,55.13917377239847,60,53,0.8833333333333333,0.847074802710888
S04,2023,1,S04-2023-B1,A,0.0,23.138594582291187,69.8811671981366,29.768250380699236,53.548648556291965,60,0,0.0,0.016279949418742064
S04,2023,1,S04-2023-B1,A,2.5,22.064007888793256,69.71290042765305,23.987830314608537,66.24057831973902,60,6,0.1,0.11204315408438591
S04,2023,1,S04-2023-B1,A,5.0,23.6826047755834,76.43594623759837,36.7903404788305,58.31340755452775,60,15,0.25,0.21948366087719953
S04,2023,1,S04-2023-B1,A,10.0,22.697623641419664,68.45512994312037,23.091920675981616,49.14401633014299,60,27,0.45,0.44491062379741636
S04,2023,1,S04-2023-B1,A,20.0,24.711227119193897,74.7770941258643,31.053089240867614,56.72009338024451,60,46,0.7666666666666667,0.7027672221601172
S04,2023,1,S04-2023-B1,A,40.0,24.699531877109358,64.21093727159553,23.751303585298473,57.15687016771977,60,50,0.8333333333333334,0.8580583417442336
S04,2023,1,S04-2023-B1,B,0.0,20.312165350668582,73.25638330328067,25.389405559018257,74.83824723826326,60,0,0.0,0.021231078776921167
S04,2023,1,S04-2023-B1,B,2.5,23.704271384575033,72.76961703557768,23.416644884217373,61.18457131311826,60,13,0.21666666666666667,0.15329629963002622
S04,2023,1,S04-2023-B1,B,5.0,24.983613752501768,70.82635400712238,24.424162847475944,65.92464735867141,60,25,0.4166666666666667,0.3560868229914432
S04,2023,1,S04-2023-B1,B,10.0,22.194546490011476,69.33671191322433,27.02040697143555,73.70843611715013,60,30,0.5,0.6268717005316685
S04,2023,1,S04-2023-B1,B,20.0,22.582683770536843,66.8801040069197,38.08003753262831,56.02532268757432,60,41,0.6833333333333333,0.7550278748948331
S04,2023,1,S04-2023-B1,B,40.0,21.272932798173372,69.0737757539322,24.053499979578575,75.72326607405878,60,53,0.8833333333333333,0.9068572950197424
S04,2023,2,S04-2023-B2,A,0.0,23.928772886736017,71.9326058708107,26.898794696727727,42.500288291033876,60,0,0.0,0.014388238335275095
S04,2023,2,S04-2023-B2,A,2.5,22.95126622379477,63.576530675709044,55.997011261416404,61.17958083592925,60,6,0.1,0.07988341561377695
S04,2023,2,S04-2023-B2,A,5.0,21.317599666826595,66.49708175169962,42.59625406039828,48.751509710686015,60,11,0.18333333333333332,0.17809785511589724
S04,2023,2,S04-2023-B2,A,10.0,22.69682235761885,74.6442552529834,38.86607997790824,47.122305431374286,60,28,0.4666666666666667,0.39907004423073533
S04,2023,2,S04-2023-B2,A,20.0,23.645577354379522,69.96451113536762,31.464912710871673,67.87015168384147,60,45,0.75,0.7339755324943489
S04,2023,2,S04-2023-B2,A,40.0,21.883064583799214,67.63844964209945,28.61835726565468,46.22376148099376,60,52,0.8666666666666667,0.8232412938071294
S04,2023,2,S04-2023-B2,B,0.0,23.9555032795019,71.96655413220113,23.862253319446765,53.59019539501445,60,0,0.0,0.017466414786010086
S04,2023,2,S04-2023-B2,B,2.5,23.4494077597076,67.33300405451158,24.84948666716508,49.384116294344615,60,13,0.21666666666666667,0.12966313442709224
S04,2023,2,S04-2023-B2,B,5.0,20.565819074940343,64.57549730793274,35.477836746352274,56.78844747724134,60,15,0.25,0.28124840884507996
S04,2023,2,S04-2023-B2,B,10.0,24.136360334401736,64.64451889742901,32.48977013182123,68.5531148349023,60,43,0.7166666666666667,0.604062093011714
S04,2023,2,S04-2023-B2,B,20.0,25.392415913010478,71.05719769461393,34.63583299178545,72.04515744689425,60,47,0.7833333333333333,0.8067137965394154
S04,2023,2,S04-2023-B2,B,40.0,23.449107426252553,73.04908907316477,23.493224178979204,72.3678923180613,60,56,0.9333333333333333,0.9079245794922162
S04,2023,3,S04-2023-B3,A,0.0,22.259070905756282,64.43923693241986,37.72710335562566,58.23594232406125,60,0,0.0,0.01581390263749618
S04,2023,3,S04-2023-B3,A,2.5,23.81590037558537,72.29179593631282,26.08024673370812,48.95184378694948,60,3,0.05,0.08995336821073213
S04,2023,3,S04-2023-B3,A,5.0,26.325051304719697,66.45946981412648,25.33474160205828,50.99647032721651,60,12,0.2,0.22029001544288193
S04,2023,3,S04-2023-B3,A,10.0,21.05091747373968,65.99665893815775,25.00110843172064,60.497996133638445,60,28,0.4666666666666667,0.46965994999180616
S04,2023,3,S04-2023-B3,A,20.0,25.30798599983082,65.18466768919095,25.877958794890546,45.9782161159874,60,42,0.7,0.6794130955127675
S04,2023,3,S04-2023-B3,A,40.0,21.476263747244197,71.10169704061714,23.18687250176249,53.372125700925416,60,48,0.8,0.8437629179781829
S04,2023,3,S04-2023-B3,B,0.0,24.371612762804805,65.16106802747736,31.51155407247267,56.45934906292712,60,1,0.016666666666666666,0.016959372262506874
S04,2023,3,S04-2023-B3,B,2.5,24.88644426031835,69.04971973713313,24.539428189899102,60.77144478370328,60,4,0.06666666666666667,0.1521195650157802
S04,2023,3,S04-2023-B3,B,5.0,22.471660698359873,71.52842999394777,25.887902058951695,57.068728487795084,60,16,0.26666666666666666,0.3160840991122204
S04,2023,3,S04-2023-B3,B,10.0,23.774734534416485,65.9444162396901,24.291663022016543,66.60771475694746,60,37,0.6166666666666667,0.6157251571160021
S04,2023,3,S04-2023-B3,B,20.0,22.23686819972711,66.49145642985891,25.79513087483777,69.94080184738674,60,49,0.8166666666666667,0.8097265108539019
S04,2023,3,S04-2023-B3,B,40.0,22.66180489542134,69.57158820269026,27.886443751318552,54.2607932368461,60,51,0.85,0.8762843833059175
S04,2023,4,S04-2023-B4,A,0.0,21.457090144486198,69.35253861844261,30.26545263631106,59.400152754964935,60,0,0.0,0.016889266480794377
S04,2023,4,S04-2023-B4,A,2.5,22.668721030204573,71.07979601160807,37.514907035534975,49.67222502963474,60,2,0.03333333333333333,0.08032723630494853
S04,2023,4,S04-2023-B4,A,5.0,23.282867092377636,67.01235321685469,30.238070599450182,50.25733408240356,60,16,0.26666666666666666,0.2091492154666612
S04,2023,4,S04-2023-B4,A,10.0,21.57370901506046,66.61218699322248,34.92681444379094,52.9879067503552,60,25,0.4166666666666667,0.42210478635656007
S04,2023,4,S04-2023-B4,A,20.0,22.597261433090196,63.03307207944921,24.4848300575531,60.6688351144737,60,46,0.7666666666666667,0.7225157460087264
S04,2023,4,S04-2023-B4,A,40.0,22.873168782994373,75.71753681470615,24.9724254778553,58.317245830878655,60,50,0.8333333333333334,0.8559787564288318
S04,2023,4,S04-2023-B4,B,0.0,25.155237634094476,67.76270652246741,40.68190970605081,66.7354259402384,60,2,0.03333333333333333,0.018065184006380467
S04,2023,4,S04-2023-B4,B,2.5,23.842051797979014,71.78885084631393,36.67954725204149,55.64828116352335,60,8,0.13333333333333333,0.12753171819330034
S04,2023,4,S04-2023-B4,B,5.0,21.259470725408505,66.18711531902912,22.581020580173718,72.63188906137,60,24,0.4,0.3674189235689599
S04,2023,4,S04-2023-B4,B,10.0,20.443409851364162,61.405706257221,22.54399169968578,53.96636598262274,60,35,0.5833333333333334,0.5505746903203027
S04,2023,4,S04-2023-B4,B,20.0,25.0194842850542,68.81829976582911,31.081920059907198,41.62849225925329,60,42,0.7,0.7327958444574195
S04,2023,4,S04-2023-B4,B,40.0,22.00266818958801,73.2146361540564,37.17407059215142,67.48450853988695,60,58,0.9666666666666667,0.8855023093866662
S04,2024,1,S04-2024-B1,A,0.0,23.208422171802702,77.29383205409067,33.15654266595462,48.37097667089556,60,0,0.0,0.014772254530626453
S04,2024,1,S04-2024-B1,A,2.5,23.23919925985552,68.78240472965749,29.29389800012171,54.44135700850771,60,4,0.06666666666666667,0.0930658173724799
S04,2024,1,S04-2024-B1,A,5.0,21.11213633908902,73.70821157722325,23.743831781215384,53.72139682171262,60,16,0.26666666666666666,0.21754238475532536
S04,2024,1,S04-2024-B1,A,10.0,23.384503402550234,66.24481963689736,22.7251293414992,66.98544687447827,60,28,0.4666666666666667,0.5143373402848275
S04,2024,1,S04-2024-B1,A,20.0,24.55055338527168,64.66688572011518,28.502284351037936,44.466341385500044,60,38,0.6333333333333333,0.6675417817438454
S04,2024,1,S04-2024-B1,A,40.0,23.906824104900988,64.72700485963796,21.83791766491436,51.127100825903085,60,52,0.8666666666666667,0.8483532757607429
S04,2024,1,S04-2024-B1,B,0.0,23.559849648175682,64.98058967187167,25.220151240723386,44.874152755840576,60,0,0.0,0.015254150535500067
S04,2024,1,S04-2024-B1,B,2.5,23.071103309287576,64.60934448152594,24.731788809005142,62.518117185558104,60,7,0.11666666666666667,0.15218366058380453
S04,2024,1,S04-2024-B1,B,5.0,22.450319162082174,57.06864362048245,38.68364922003428,60.966628622029255,60,13,0.21666666666666667,0.2998275983860474
S04,2024,1,S04-2024-B1,B,10.0,25.149522258441284,72.94773176657299,26.694703939150607,61.396609125119944,60,35,0.5833333333333334,0.5916830340710845
S04,2024,1,S04-2024-B1,B,20.0,22.514490960488867,63.96940511942276,32.69591883130482,64.96836439092084,60,50,0.8333333333333334,0.7872892333058861
S04,2024,1,S04-2024-B1,B,40.0,25.005661745318093,67.79998723022618,31.206520282329876,59.44366143049207,60,55,0.9166666666666666,0.8840154001742513
S04,2024,2,S04-2024-B2,A,0.0,22.21620645424677,73.39432339966237,32.408708938864066,52.64748188245757,60,0,0.0,0.015501509444402336
S04,2024,2,S04-2024-B2,A,2.5,22.75210013642877,78.60627714024909,28.785995001781828,55.28846048941251,60,5,0.08333333333333333,0.09374515953217614
S04,2024,2,S04-2024-B2,A,5.0,21.65492384262108,69.19334638984076,28.80445857030648,59.10547575205969,60,17,0.2833333333333333,0.2261356799313529
S04,2024,2,S04-2024-B2,A,10.0,24.118945691913897,63.603866028468055,24.109575259828723,44.63729078997372,60,24,0.4,0.42983267864013885
S04,2024,2,S04-2024-B2,A,20.0,23.777942809415165,62.00569970426239,25.59951917845519,43.096960059154966,60,43,0.7166666666666667,0.6679921068320348
S04,2024,2,S04-2024-B2,A,40.0,23.97915884865369,66.45379691408378,31.081742797706916,47.75543283522563,60,53,0.8833333333333333,0.8291329613945646
S04,2024,2,S04-2024-B2,B,0.0,23.637429411747522,73.078472014008,32.56069866332719,65.68018483654693,60,3,0.05,0.019307605233541032
S04,2024,2,S04-2024-B2,B,2.5,24.556341647733614,76.09324740236202,36.463827155917166,51.5910798553487,60,8,0.13333333333333333,0.12119280276580337
S04,2024,2,S04-2024-B2,B,5.0,22.831022328744005,65.69802849009947,24.387223519813492,60.38294414806076,60,28,0.4666666666666667,0.3307205505986265
S04,2024,2,S04-2024-B2,B,10.0,22.38719727882425,63.15922263397916,27.891165898621075,52.95519728999999,60,33,0.55,0.5494180414515524
S04,2024,2,S04-2024-B2,B,20.0,23.451115097907696,73.68832821473544,32.231488683874694,62.293913771146535,60,50,0.8333333333333334,0.7844996260105372
S04,2024,2,S04-2024-B2,B,40.0,21.54818261417274,68.50996041911036,30.323264934616734,53.54025937206115,60,51,0.85,0.8689519212381892
S04,2024,3,S04-2024-B3,A,0.0,21.011471884090756,72.67271812097243,52.89019391101537,58.9946027828588,60,0,0.0,0.013365838223619728
S04,2024,3,S04-2024-B3,A,2.5,23.958487953896526,70.04467031167228,22.467604657228918,48.37661797172195,60,4,0.06666666666666667,0.09200526992108074
S04,2024,3,S04-2024-B3,A,5.0,21.368413578286123,72.96486725346992,33.755126397852486,57.22830332181697,60,16,0.26666666666666666,0.21116454605649473
S04,2024,3,S04-2024-B3,A,10.0,23.129590472109026,69.82654231959049,30.824741439881315,46.331264307914786,60,28,0.4666666666666667,0.41632289339323963
S04,2024,3,S04-2024-B3,A,20.0,21.632139278440064,65.86405452138504,27.51469152832383,60.712343996456966,60,41,0.6833333333333333,0.7099108973899709
S04,2024,3,S04-2024-B3,A,40.0,23.682812062616193,69.24463972420644,27.888597745878215,49.59516955978666,60,49,0.8166666666666667,0.8369296060939971
S04,2024,3,S04-2024-B3,B,0.0,23.125850152367963,67.44237638887607,24.744236414983327,63.39844773440626,60,1,0.016666666666666666,0.019994510645264325
S04,2024,3,S04-2024-B3,B,2.5,21.801067406105705,66.65547727009425,25.011438440733677,61.66681537761244,60,10,0.16666666666666666,0.14607731673993593
S04,2024,3,S04-2024-B3,B,5.0,22.735587084803505,71.6496941159621,27.820396226120387,66.50443073294562,60,22,0.36666666666666664,0.34309030613073044
S04,2024,3,S04-2024-B3,B,10.0,23.637557087521596,70.61261580208698,28.946590536187784,66.6953434984499,60,34,0.5666666666666667,0.6031769181805908
S04,2024,3,S04-2024-B3,B,20.0,25.188503221971942,72.13094487096382,35.47996812616157,50.111283434732385,60,40,0.6666666666666666,0.7481324642213348
S04,2024,3,S04-2024-B3,B,40.0,22.886759446172043,66.87259126951064,43.798215788036224,63.33691988829236,60,50,0.8333333333333334,0.8744806475733311
S04,2024,4,S04-2024-B4,A,0.0,20.645959495495237,66.53938795613477,24.457957050187918,41.81504428826993,60,0,0.0,0.013516774944663116
S04,2024,4,S04-2024-B4,A,2.5,25.045022910203425,63.64336793922602,37.25311715193482,57.96540280837774,60,5,0.08333333333333333,0.09212147763601039
S04,2024,4,S04-2024-B4,A,5.0,25.081702378624264,66.66394550276698,27.32083454226961,53.95730047859377,60,18,0.3,0.22500508238903957
S04,2024,4,S04-2024-B4,A,10.0,22.685687455250168,63.897184475760824,24.469970049940127,54.217323857307434,60,30,0.5,0.4587598446204897
S04,2024,4,S04-2024-B4,A,20.0,23.464171082461235,72.93104107520982,22.90355903770115,56.40040007936468,60,45,0.75,0.7153073396586864
S04,2024,4,S04-2024-B4,A,40.0,23.45665087732835,65.49171879906112,27.167638277368503,58.87261463405415,60,54,0.9,0.8555355945223786
S04,2024,4,S04-2024-B4,B,0.0,22.356797053020145,64.9444563026953,37.26710207596974,55.06422286470558,60,0,0.0,0.01537205111003529
S04,2024,4,S04-2024-B4,B,2.5,23.22154097390939,64.11399083424352,27.14365582249762,58.8169399161747,60,7,0.11666666666666667,0.14253122740513466
S04,2024,4,S04-2024-B4,B,5.0,21.639446302924895,71.98450912555258,25.83416591873253,59.477065980228666,60,22,0.36666666666666664,0.3173602279542069
S04,2024,4,S04-2024-B4,B,10.0,20.689547121329596,62.81263537044732,26.71513552332832,56.54206352726415,60,38,0.6333333333333333,0.5511001126933336
S04,2024,4,S04-2024-B4,B,20.0,23.788351432444127,74.80443546209996,30.92487031166754,53.39832908955902,60,50,0.8333333333333334,0.7642946050662554
S04,2024,4,S04-2024-B4,B,40.0,20.43260927525693,69.08902476304254,30.20078784843949,62.257416063190256,60,49,0.8166666666666667,0.8785719154700746
S04,2025,1,S04-2025-B1,A,0.0,21.044941390049324,66.32040799751657,27.01136447595895,40.80230439004272,60,2,0.03333333333333333,0.01316098115779215
S04,2025,1,S04-2025-B1,A,2.5,22.317175179878884,65.3568301700503,25.084795301812832,60.79607837826325,60,8,0.13333333333333333,0.10351416013165667
S04,2025,1,S04-2025-B1,A,5.0,22.769807224731245,70.22416422499823,30.251819386206215,57.050581372941586,60,12,0.2,0.22391959275972428
S04,2025,1,S04-2025-B1,A,10.0,23.033888852412506,67.88931059750772,24.837490375093754,63.28209590490094,60,32,0.5333333333333333,0.4939860062577714
S04,2025,1,S04-2025-B1,A,20.0,21.427022820207025,73.25435785268608,41.24488329388823,45.316421600654856,60,30,0.5,0.6273179522462112
S04,2025,1,S04-2025-B1,A,40.0,24.714813556873025,69.22425537482147,25.09703576564111,49.94012287132764,60,46,0.7666666666666667,0.8425191788338564
S04,2025,1,S04-2025-B1,B,0.0,23.40054647389561,76.10561544723464,24.525326254161413,57.33866824651748,60,1,0.016666666666666666,0.01836228610960518
S04,2025,1,S04-2025-B1,B,2.5,23.656031079985453,75.31987319954231,22.69773618478862,60.11510781719167,60,7,0.11666666666666667,0.15156192510275113
S04,2025,1,S04-2025-B1,B,5.0,24.94849940000306,72.47530828555234,30.115588597928095,66.90556309553612,60,23,0.38333333333333336,0.34540482793942345
S04,2025,1,S04-2025-B1,B,10.0,22.713738492019456,69.27402541704241,24.20428346120716,52.31441264785656,60,29,0.48333333333333334,0.5584821673095898
S04,2025,1,S04-2025-B1,B,20.0,23.55723812866729,75.83185393488344,35.589802752377075,60.9497746889249,60,50,0.8333333333333334,0.7756938766803658
S04,2025,1,S04-2025-B1,B,40.0,25.030441422813556,66.24873648321268,32.13127338373137,54.8313702284444,60,58,0.9666666666666667,0.8756897058693023
S04,2025,2,S04-2025-B2,A,0.0,24.19105648364247,70.74192194168823,24.05843445750951,40.28817122248362,60,0,0.0,0.014478692694347074
S04,2025,2,S04-2025-B2,A,2.5,22.385097094548563,71.46642349813334,25.773013560796425,58.20811014160429,60,7,0.11666666666666667,0.09951038433693599
S04,2025,2,S04-2025-B2,A,5.0,23.32723189069213,69.8770275856773,22.0035814503784,55.45229915402513,60,17,0.2833333333333333,0.2362079641943841
S04,2025,2,S04-2025-B2,A,10.0,21.88531603716077,68.74337181025192,24.498194849293334,48.0999702019013,60,23,0.38333333333333336,0.43104854887884086
S04,2025,2,S04-2025-B2,A,20.0,23.114062826630143,68.58902717706985,36.16284702152672,53.51035864101104,60,43,0.7166666666666667,0.6771061291697431
S04,2025,2,S04-2025-B2,A,40.0,24.121606155696977,67.51018687277616,26.448692748928856,45.96381231414803,60,52,0.8666666666666667,0.8320855023223382
S04,2025,2,S04-2025-B2,B,0.0,23.93172446520609,61.93974299046608,31.745949984691503,50.173235230132455,60,1,0.016666666666666666,0.015496458856588619
S04,2025,2,S04-2025-B2,B,2.5,23.60676301983003,66.55375573655567,35.50184518854625,52.93058616032537,60,8,0.13333333333333333,0.123587657282893
S04,2025,2,S04-2025-B2,B,5.0,19.437446806881525,77.86391062358032,23.826548774971126,49.10326073373886,60,11,0.18333333333333332,0.26930713718196836
S04,2025,2,S04-2025-B2,B,10.0,20.87609291052164,71.46474484738381,27.357834294891553,56.90998357731427,60,28,0.4666666666666667,0.5531742227751537
S04,2025,2,S04-2025-B2,B,20.0,23.58587759797145,73.13246535764432,30.38958044911284,62.29394231518145,60,51,0.85,0.7880681897850451
S04,2025,2,S04-2025-B2,B,40.0,24.24414428501789,71.75991767226387,36.141368069748964,61.59774255224019,60,56,0.9333333333333333,0.881923612805039
S04,2025,3,S04-2025-B3,A,0.0,23.80877321223656,73.25302840427811,27.398055011058123,58.25243989625154,60,1,0.016666666666666666,0.018194962516922406
S04,2025,3,S04-2025-B3,A,2.5,25.04755013904048,72.23390172587948,28.158082156148332,63.967005896627,60,11,0.18333333333333332,0.1085182506583094
S04,2025,3,S04-2025-B3,A,5.0,19.354343219812293,72.87311366101393,29.65254630484113,51.079624478838944,60,14,0.23333333333333334,0.1883084441629619
S04,2025,3,S04-2025-B3,A,10.0,24.092060864001343,65.60663125488269,26.383706455009875,60.88100471859496,60,29,0.48333333333333334,0.48492220640011025
S04,2025,3,S04-2025-B3,A,20.0,22.652909201886487,70.60614391849454,26.642317727987034,53.87677179987643,60,45,0.75,0.6966604733043751
S04,2025,3,S04-2025-B3,A,40.0,23.762819941045397,75.13281190332897,24.66108103274902,54.023384420912635,60,51,0.85,0.8501088199534146
S04,2025,3,S04-2025-B3,B,0.0,21.96634994265295,64.35975806459818,26.381765130563842,55.07732215573311,60,2,0.03333333333333333,0.016879498719564835
S04,2025,3,S04-2025-B3,B,2.5,23.292173881972264,73.272343647586,27.64867113929626,58.01063708290185,60,12,0.2,0.14075524135786813
S04,2025,3,S04-2025-B3,B,5.0,21.332609090776884,73.97265686972337,38.63244793821999,69.086584774693,60,17,0.2833333333333333,0.3188658857904054
S04,2025,3,S04-2025-B3,B,10.0,21.659274697413124,70.27396901244023,21.869489603604297,62.06549568051487,60,39,0.65,0.5926548172019699
S04,2025,3,S04-2025-B3,B,20.0,23.317153931033424,70.07730699442034,30.81780515917505,62.10954894527966,60,50,0.8333333333333334,0.7861900056796225
S04,2025,3,S04-2025-B3,B,40.0,24.710042311763768,67.78854284152953,34.93772765051038,55.347451049706585,60,50,0.8333333333333334,0.8734144614657562
S04,2025,4,S04-2025-B4,A,0.0,24.594619504968886,69.16269953995082,32.219783396335686,48.93342347267623,60,0,0.0,0.015217464799530839
S04,2025,4,S04-2025-B4,A,2.5,25.351877282038874,67.00687251370132,30.766764637208695,56.8120577882083,60,6,0.1,0.09621680895538962
S04,2025,4,S04-2025-B4,A,5.0,24.925416819533694,67.05389924361366,31.686489706651106,44.74257495807363,60,14,0.23333333333333334,0.1951174125805391
S04,2025,4,S04-2025-B4,A,10.0,21.599718943868528,63.94860193616114,23.285395299358964,48.78314534812137,60,25,0.4166666666666667,0.4342573323824173
S04,2025,4,S04-2025-B4,A,20.0,25.751883879827346,67.4572692986118,32.28403018059655,53.22838324314294,60,45,0.75,0.6878356280244401
S04,2025,4,S04-2025-B4,A,40.0,23.29915031510198,64.4003689177896,38.074467570898975,42.91609077399319,60,52,0.8666666666666667,0.8065739246443575
S04,2025,4,S04-2025-B4,B,0.0,23.3813149864358,70.4020370325505,30.359287390188413,44.229296316547,60,1,0.016666666666666666,0.014284213909853417
S04,2025,4,S04-2025-B4,B,2.5,23.801338364031295,79.2122814704193,34.2371956535837,58.08613856618422,60,6,0.1,0.13396060525295075
S04,2025,4,S04-2025-B4,B,5.0,22.556548268722043,68.84653472868405,25.029428000695376,74.61628524139927,60,25,0.4166666666666667,0.37692599643605257
S04,2025,4,S04-2025-B4,B,10.0,22.862472774897736,68.66456678958521,22.369238349020247,52.9263850998122,60,33,0.55,0.5660674568034372
S04,2025,4,S04-2025-B4,B,20.0,24.40663873756924,76.5620653193863,31.71985969747786,53.52769602582114,60,48,0.8,0.7643650825443423
S04,2025,4,S04-2025-B4,B,40.0,22.39655390876521,65.8921540663455,38.29703715209904,40.922885797092974,60,55,0.9166666666666666,0.8386288263739079
S05,2023,1,S05-2023-B1,A,0.0,25.71837390322776,60.234337619122755,21.311025204313292,49.12390059881364,60,4,0.06666666666666667,0.042009762772892055
S05,2023,1,S05-2023-B1,A,2.5,25.674141535081592,67.58973968214639,30.552213433980263,56.039868040389955,60,2,0.03333333333333333,0.1249448833214088
S05,2023,1,S05-2023-B1,A,5.0,23.216633310505202,71.47200852646002,33.07296139558921,40.423771613743355,60,13,0.21666666666666667,0.21109628731891564
S05,2023,1,S05-2023-B1,A,10.0,23.61809863471428,65.36877383938318,25.522152760049448,52.48835148009334,60,28,0.4666666666666667,0.495634032161047
S05,2023,1,S05-2023-B1,A,20.0,23.940640652952215,64.59151890795492,22.560611705459568,48.623752279098106,60,42,0.7,0.7352808386358886
S05,2023,1,S05-2023-B1,A,40.0,23.39494698755585,64.39626492453188,23.62805270733902,50.94315413269102,60,54,0.9,0.883884166599735
S05,2023,1,S05-2023-B1,B,0.0,24.965093541128642,64.77099918000832,28.337447719195865,59.13960986486513,60,5,0.08333333333333333,0.045460295448918775
S05,2023,1,S05-2023-B1,B,2.5,25.005440918233898,65.51462568632657,26.90429966078409,60.409888795218876,60,12,0.2,0.18192346956519367
S05,2023,1,S05-2023-B1,B,5.0,21.381757762167044,66.05957672306293,28.200953256874996,76.7449606927386,60,24,0.4,0.40991114735742457
S05,2023,1,S05-2023-B1,B,10.0,24.904093953652726,72.72077144283864,27.3015525300145,61.11495252635902,60,41,0.6833333333333333,0.6307359705181484
S05,2023,1,S05-2023-B1,B,20.0,24.135742186788942,70.92072668326686,26.3346218717217,58.822591745190294,60,52,0.8666666666666667,0.8255145577267891
S05,2023,1,S05-2023-B1,B,40.0,25.710339604103922,75.20389270647149,21.307333546504477,62.55627473807872,60,56,0.9333333333333333,0.9301739349569113
S05,2023,2,S05-2023-B2,A,0.0,27.297300246063937,64.6851947779336,25.988643420379635,52.66205342912467,60,3,0.05,0.0413106373220221
S05,2023,2,S05-2023-B2,A,2.5,27.354813131614016,65.20163595410168,38.709383621876626,43.68808762983507,60,2,0.03333333333333333,0.09632725673189735
S05,2023,2,S05-2023-B2,A,5.0,25.691591764134788,69.05902951121718,25.378977292517412,58.57119515096622,60,19,0.31666666666666665,0.2777463257291662
S05,2023,2,S05-2023-B2,A,10.0,27.050172866666934,64.81483262921272,27.66811864379155,51.67687816103151,60,26,0.43333333333333335,0.4843641346605704
S05,2023,2,S05-2023-B2,A,20.0,23.640630064346645,66.48891122711444,23.180053222895626,43.334303103186556,60,44,0.7333333333333333,0.7175657192547754
S05,2023,2,S05-2023-B2,A,40.0,23.61721278240351,64.70864832203176,22.36580106207416,59.91240186205659,60,57,0.95,0.8984590961722069
S05,2023,2,S05-2023-B2,B,0.0,24.823946923066462,69.37560943990154,35.13526221554705,58.71405597798034,60,2,0.03333333333333333,0.042334335365688466
S05,2023,2,S05-2023-B2,B,2.5,25.874861992810395,66.26700712817797,31.30370246835613,62.22970965840664,60,10,0.16666666666666666,0.17888893043678286
S05,2023,2,S05-2023-B2,B,5.0,26.309156689630328,57.02478205172575,26.83080914701968,61.247465605598435,60,25,0.4166666666666667,0.3714025021782215
S05,2023,2,S05-2023-B2,B,10.0,23.900180844962325,64.48635008083535,27.862300147140424,69.92187432332386,60,36,0.6,0.6583319777903432
S05,2023,2,S05-2023-B2,B,20.0,27.406794751272805,63.43737205796699,28.942313189352312,64.65864605070236,60,49,0.8166666666666667,0.8306724979794738
S05,2023,2,S05-2023-B2,B,40.0,21.372908420272783,63.5337495295045,29.114799731230107,44.53593298380257,60,57,0.95,0.8982316081866654
S05,2023,3,S05-2023-B3,A,0.0,26.043662784193565,70.56293207438843,20.846459876114096,50.90236520100092,60,7,0.11666666666666667,0.04317004735231516
S05,2023,3,S05-2023-B3,A,2.5,25.417876791713997,72.02996142113531,38.7230394591278,35.12964950202965,60,3,0.05,0.08783374714916715
S05,2023,3,S05-2023-B3,A,5.0,25.507377590220578,75.91343653458128,34.81566973733892,56.46331145956515,60,13,0.21666666666666667,0.2534021241502548
S05,2023,3,S05-2023-B3,A,10.0,25.391673319489318,72.09898144634319,20.251476195581144,63.51816331637339,60,34,0.5666666666666667,0.5521770650184974
S05,2023,3,S05-2023-B3,A,20.0,26.606076619785977,67.19325831744639,29.59800176243136,67.87669849028592,60,49,0.8166666666666667,0.7742937794855359
S05,2023,3,S05-2023-B3,A,40.0,23.137979035401237,63.72023974857632,21.336983965797824,59.70363631402013,60,53,0.8833333333333333,0.8984026635799591
S05,2023,3,S05-2023-B3,B,0.0,23.808562912284927,67.58160481733796,23.208191716632598,53.36365649604373,60,3,0.05,0.04365386115544268
S05,2023,3,S05-2023-B3,B,2.5,23.81384375844096,63.30268507530204,19.520427436431717,53.06945486763853,60,10,0.16666666666666666,0.1748743465122209
S05,2023,3,S05-2023-B3,B,5.0,23.371267222383537,66.01857003475473,26.51740616610602,60.49831852612588,60,26,0.43333333333333335,0.3684196961803222
S05,2023,3,S05-2023-B3,B,10.0,26.04954793629104,65.14591390888945,20.47364904833191,58.169321952373394,60,35,0.5833333333333334,0.6350650326514387
S05,2023,3,S05-2023-B3,B,20.0,25.008848002277293,64.27321257454044,28.18420321665557,59.79221051378378,60,47,0.7833333333333333,0.8254832677320938
S05,2023,3,S05-2023-B3,B,40.0,20.773480390892455,66.17991036905057,25.82601758951506,55.43482121161635,60,57,0.95,0.9129788211422989
S05,2023,4,S05-2023-B4,A,0.0,27.634275387702065,60.13947153496516,20.03382060861979,38.08516824522137,60,4,0.06666666666666667,0.0351665137650029
S05,2023,4,S05-2023-B4,A,2.5,27.62794207562678,70.7072000989178,26.761671079282216,56.988834959198314,60,9,0.15,0.127134898580749
S05,2023,4,S05-2023-B4,A,5.0,22.284897321583177,69.72701537460127,37.384455259060076,55.63697707662888,60,19,0.31666666666666665,0.23972209890651633
S05,2023,4,S05-2023-B4,A,10.0,22.93084207042097,62.206773549689004,24.253407401759105,46.21427002959535,60,29,0.48333333333333334,0.47234153839526055
S05,2023,4,S05-2023-B4,A,20.0,28.687246571153782,71.74221764250939,42.24398653473348,45.410908677005594,60,45,0.75,0.6713260912346758
S05,2023,4,S05-2023-B4,A,40.0,26.852632241523455,68.55874573247685,28.750566265812353,51.92922499084739,60,54,0.9,0.8796397834953786
S05,2023,4,S05-2023-B4,B,0.0,22.645565640773953,72.00510797791381,34.957953029251335,47.94692353376408,60,0,0.0,0.035359241184453195
S05,2023,4,S05-2023-B4,B,2.5,24.640242868161156,65.75682250940926,27.344569988542936,51.57729052811969,60,13,0.21666666666666667,0.16234148839554435
S05,2023,4,S05-2023-B4,B,5.0,21.24922300493521,67.9530236471493,22.136231744533106,70.13623348406693,60,28,0.4666666666666667,0.39946383005233593
S05,2023,4,S05-2023-B4,B,10.0,26.889707750784506,63.48208209445257,31.17041111154981,64.5454865859835,60,31,0.5166666666666667,0.6295614443269443
S05,2023,4,S05-2023-B4,B,20.0,26.037039069199384,73.76386200987747,25.797785523277227,64.46435417906171,60,49,0.8166666666666667,0.8378772496534246
S05,2023,4,S05-2023-B4,B,40.0,25.85166702025908,69.59805472849864,24.084268438445328,54.4262518076307,60,51,0.85,0.9197194103583919
S05,2024,1,S05-2024-B1,A,0.0,27.262074072650286,63.998097083008254,33.62659670051709,41.554946421074334,60,0,0.0,0.03308365718439696
S05,2024,1,S05-2024-B1,A,2.5,26.0845818859757,64.34860319087866,19.793654435858986,64.5089203564857,60,10,0.16666666666666666,0.1520024180326361
S05,2024,1,S05-2024-B1,A,5.0,24.928925080295887,63.278995943307486,19.766964853026057,55.39430951366552,60,13,0.21666666666666667,0.2784579729116995
S05,2024,1,S05-2024-B1,A,10.0,24.790160343304965,59.966790329545326,26.85697432898143,56.167366605241774,60,32,0.5333333333333333,0.5068698873328261
S05,2024,1,S05-2024-B1,A,20.0,22.036883081379155,61.47012942402609,24.240177929266792,52.337387572300095,60,40,0.6666666666666666,0.734255293861898
S05,2024,1,S05-2024-B1,A,40.0,24.744810508338887,66.4809539137135,24.733910366194632,48.649617061562864,60,58,0.9666666666666667,0.8800705507392627
S05,2024,1,S05-2024-B1,B,0.0,24.40537697677176,68.21940507879428,31.241994567025557,47.63293155379783,60,1,0.016666666666666666,0.037824502802079156
S05,2024,1,S05-2024-B1,B,2.5,22.673175638821693,67.35690469056392,23.69535744266683,64.38285228778184,60,16,0.26666666666666666,0.1912425225057748
S05,2024,1,S05-2024-B1,B,5.0,24.156482591218396,68.55267268938849,24.081105095843128,72.90523507383088,60,29,0.48333333333333334,0.4195749503177447
S05,2024,1,S05-2024-B1,B,10.0,24.861591682158643,66.98203537457252,23.126408495787643,55.5409127340125,60,39,0.65,0.6194469874880701
S05,2024,1,S05-2024-B1,B,20.0,25.54530905435553,61.92954460212476,40.59924059094362,56.981994935730114,60,51,0.85,0.7991330255141987
S05,2024,1,S05-2024-B1,B,40.0,25.807207855419854,67.65673374876049,21.817871011847046,58.952185274896316,60,56,0.9333333333333333,0.9260313127063744
S05,2024,2,S05-2024-B2,A,0.0,24.00728029024789,64.10891712114007,23.438492742475038,53.797887115891065,60,2,0.03333333333333333,0.04440890957806875
S05,2024,2,S05-2024-B2,A,2.5,24.965261006130362,66.73001272957009,20.44510925424006,64.17049151457962,60,12,0.2,0.15153228558719084
S05,2024,2,S05-2024-B2,A,5.0,21.959660954229186,64.39318495638416,31.878965071589654,49.508105187184704,60,12,0.2,0.2305161131200727
S05,2024,2,S05-2024-B2,A,10.0,23.91832839467658,74.33433958549472,25.117779495296805,49.651420799462485,60,23,0.38333333333333336,0.48538020257757464
S05,2024,2,S05-2024-B2,A,20.0,23.5421224368196,59.223832919306375,24.93301797198179,65.23888068989328,60,48,0.8,0.7748997755571034
S05,2024,2,S05-2024-B2,A,40.0,23.224676046913952,51.863417827741635,24.46672286376085,50.654887436567144,60,55,0.9166666666666666,0.8818863703686121
S05,2024,2,S05-2024-B2,B,0.0,25.579372379635068,63.34802811177258,27.763917157731182,65.28576313037156,60,6,0.1,0.050374768925761426
S05,2024,2,S05-2024-B2,B,2.5,25.413329139615204,67.5592483353731,30.814762552906906,60.062415602285434,60,7,0.11666666666666667,0.17483496083279623
S05,2024,2,S05-2024-B2,B,5.0,24.466498382416578,62.72925182751525,26.306700540492976,54.032861028719694,60,23,0.38333333333333336,0.34802643421650103
S05,2024,2,S05-2024-B2,B,10.0,25.072717865253015,70.04008403866615,31.389462881450463,66.7136200419904,60,34,0.5666666666666667,0.6392778173902779
S05,2024,2,S05-2024-B2,B,20.0,26.27208447053536,69.19141389057589,31.00239683266917,58.04373671837707,60,48,0.8,0.8155034564110349
S05,2024,2,S05-2024-B2,B,40.0,24.63989681279552,64.81993444223579,26.67250223455725,66.89892845181095,60,58,0.9666666666666667,0.9308957188608421
S05,2024,3,S05-2024-B3,A,0.0,23.26440593038682,66.70275202840755,21.380264968333893,72.16013246488357,60,2,0.03333333333333333,0.058249328771740924
S05,2024,3,S05-2024-B3,A,2.5,23.07819567672838,67.99513649392262,21.29384536584566,51.95048713974226,60,11,0.18333333333333332,0.1264319980883473
S05,2024,3,S05-2024-B3,A,5.0,23.768076479080833,63.37730760753734,21.203985073922706,38.765531595645456,60,14,0.23333333333333334,0.22773274193592172
S05,2024,3,S05-2024-B3,A,10.0,23.338384281251805,64.60827299140382,34.41000150004719,45.0599662955668,60,20,0.3333333333333333,0.4431852689869709
S05,2024,3,S05-2024-B3,A,20.0,21.112914673503607,67.0728895090515,33.46391588014532,54.33202861872634,60,49,0.8166666666666667,0.7155219273187787
S05,2024,3,S05-2024-B3,A,40.0,23.646788603127778,73.59924511971424,29.022049530285063,58.699762103496894,60,54,0.9,0.8901367718485329
S05,2024,3,S05-2024-B3,B,0.0,24.56478299332998,68.77533608202454,19.760002184118342,72.09845054279873,60,6,0.1,0.05974777541880236
S05,2024,3,S05-2024-B3,B,2.5,23.508598888155007,69.91678585831703,30.84182087325337,44.20596755725111,60,11,0.18333333333333332,0.14183579449618508
S05,2024,3,S05-2024-B3,B,5.0,23.278982163060018,72.21918226778398,22.12518955309311,73.25906369554068,60,29,0.48333333333333334,0.42289414132784897
S05,2024,3,S05-2024-B3,B,10.0,25.04282793211767,61.0346920281352,24.713729938935597,60.94444706394853,60,45,0.75,0.6347080070180278
S05,2024,3,S05-2024-B3,B,20.0,23.869602485139964,64.06050999353772,24.28663147323124,53.46071385756004,60,48,0.8,0.8155206549678277
S05,2024,3,S05-2024-B3,B,40.0,23.40372703927142,63.240131455898116,28.958086688699638,56.06112202292917,60,55,0.9166666666666666,0.9170569669660573
S05,2024,4,S05-2024-B4,A,0.0,24.269689811102243,61.90908079810763,26.4174404796811,56.412189648717195,60,1,0.016666666666666666,0.044907463853967426
S05,2024,4,S05-2024-B4,A,2.5,22.84907608734699,61.82362750399178,25.048621690675116,50.27969838936122,60,7,0.11666666666666667,0.11918647250658897
S05,2024,4,S05-2024-B4,A,5.0,24.52411355396017,69.29905745217519,21.696056897135357,59.56995187592996,60,18,0.3,0.28750011342955295
S05,2024,4,S05-2024-B4,A,10.0,24.19946456615139,56.4053012658208,22.28569326674166,48.47270334024368,60,31,0.5166666666666667,0.488699429465864
S05,2024,4,S05-2024-B4,A,20.0,24.87641169433267,67.72151879548325,29.7728502081631,49.916548887342145,60,42,0.7,0.724821476005193
S05,2024,4,S05-2024-B4,A,40.0,24.602945023258815,58.78075803676844,27.818815848841083,58.01630856630434,60,52,0.8666666666666667,0.8911252733165581
S05,2024,4,S05-2024-B4,B,0.0,24.55510896393119,65.16047892755483,26.969960735635745,69.71155794792014,60,4,0.06666666666666667,0.05408674242885864
S05,2024,4,S05-2024-B4,B,2.5,24.020423684787254,61.66425958605883,30.90758410672636,56.82021280197748,60,17,0.2833333333333333,0.16724970902295833
S05,2024,4,S05-2024-B4,B,5.0,25.239258742558963,68.56598989603951,26.058429629783532,53.62006992730906,60,18,0.3,0.347443006148804
S05,2024,4,S05-2024-B4,B,10.0,24.391174112750313,63.58715596976151,26.983395381680026,48.76117347514466,60,36,0.6,0.5854477981158214
S05,2024,4,S05-2024-B4,B,20.0,23.665298195486717,64.7893509694654,31.856644929401476,56.064995343788134,60,49,0.8166666666666667,0.8095571437179646
S05,2024,4,S05-2024-B4,B,40.0,25.091665783559336,62.83021251887938,22.20256459328439,64.34284948489538,60,58,0.9666666666666667,0.9313423982930636
S05,2025,1,S05-2025-B1,A,0.0,25.817484144565665,54.53274930495716,22.55293739470496,55.69266957749978,60,1,0.016666666666666666,0.04596092807915511
S05,2025,1,S05-2025-B1,A,2.5,23.60667176207155,63.516000603045406,33.632215991194606,61.996965241135065,60,10,0.16666666666666666,0.13051229673569376
S05,2025,1,S05-2025-B1,A,5.0,23.639974370290016,67.13829196975021,23.9897788979542,45.5138619321758,60,14,0.23333333333333334,0.24081501741692354
S05,2025,1,S05-2025-B1,A,10.0,24.553563960986853,73.42180870086518,37.79746798705203,45.6197339389437,60,31,0.5166666666666667,0.4404436020757387
S05,2025,1,S05-2025-B1,A,20.0,27.03349126880829,65.8781275930952,24.761659836315687,44.63072462054366,60,43,0.7166666666666667,0.7150831673348684
S05,2025,1,S05-2025-B1,A,40.0,27.533160253853012,68.31334447029913,23.732205135261502,36.09112454930481,60,52,0.8666666666666667,0.8561798175380405
S05,2025,1,S05-2025-B1,B,0.0,25.834155959905857,68.93417511113573,35.43156819512066,71.41661395913174,60,3,0.05,0.05088422654040777
S05,2025,1,S05-2025-B1,B,2.5,23.93352660032905,67.1553096400762,21.317959774328255,56.24684665203758,60,10,0.16666666666666666,0.17974949488721456
S05,2025,1,S05-2025-B1,B,5.0,24.326282930963025,66.27283363450428,20.50216807303603,55.46454241798271,60,29,0.48333333333333334,0.36641379304669447
S05,2025,1,S05-2025-B1,B,10.0,24.16096196000788,65.00817008438374,26.597123346654293,74.38286818740568,60,43,0.7166666666666667,0.6755212401416563
S05,2025,1,S05-2025-B1,B,20.0,24.727473186086705,67.15567680701925,26.030707251356937,58.398208547993825,60,51,0.85,0.824949631189812
S05,2025,1,S05-2025-B1,B,40.0,25.84618478365846,69.37493937363844,29.212768403714364,52.85802198250548,60,57,0.95,0.9138941770833906
S05,2025,2,S05-2025-B2,A,0.0,27.790439852862217,72.94952226034009,42.10143459734992,59.293748444039096,60,0,0.0,0.038792135955445846
S05,2025,2,S05-2025-B2,A,2.5,25.378597433176758,64.3079443989902,19.809838063265357,48.713687307086374,60,4,0.06666666666666667,0.12451262526299067
S05,2025,2,S05-2025-B2,A,5.0,25.55350178617291,66.00843535224337,22.033944878016005,57.13578116819273,60,16,0.26666666666666666,0.27956653843531937
S05,2025,2,S05-2025-B2,A,10.0,26.62235199368976,62.679306017966795,32.04300079838133,45.903193059914706,60,24,0.4,0.4527095340390648
S05,2025,2,S05-2025-B2,A,20.0,23.573066024146243,73.26944858536419,28.678496384223337,74.26884543115803,60,44,0.7333333333333333,0.791847808272385
S05,2025,2,S05-2025-B2,A,40.0,23.74296727536809,64.79393504554774,20.591199420197086,48.67384420812901,60,53,0.8833333333333333,0.8837315229236063
S05,2025,2,S05-2025-B2,B,0.0,25.859747218163594,61.602575640149254,23.944054740884575,54.16811860527609,60,5,0.08333333333333333,0.044359841761760485
S05,2025,2,S05-2025-B2,B,2.5,23.198035120836927,62.665236838847896,20.56792613421475,60.38929904294526,60,12,0.2,0.18862689529817897
S05,2025,2,S05-2025-B2,B,5.0,24.979703877209108,65.05720828810142,34.28253229582089,56.93967280941875,60,21,0.35,0.3405055645966686
S05,2025,2,S05-2025-B2,B,10.0,25.305316354543756,66.83478332710035,27.127903887662136,57.72548027594902,60,34,0.5666666666666667,0.6180193302635537
S05,2025,2,S05-2025-B2,B,20.0,23.141158999669738,65.5351047046424,22.354213724728318,47.02007797100994,60,44,0.7333333333333333,0.8020944478355637
S05,2025,2,S05-2025-B2,B,40.0,23.32485887644696,70.16740953278475,36.129165737945485,67.38434849085809,60,55,0.9166666666666666,0.9241711408934593
S05,2025,3,S05-2025-B3,A,0.0,24.2204336269168,62.637237048275175,25.96347589186018,48.149936661014735,60,1,0.016666666666666666,0.03993083193394166
S05,2025,3,S05-2025-B3,A,2.5,25.943774397366894,63.12408019310271,33.03464440466263,46.627966649332215,60,10,0.16666666666666666,0.10757610028098968
S05,2025,3,S05-2025-B3,A,5.0,27.898465987478218,65.73713943403372,30.383868113645065,36.96164842872667,60,14,0.23333333333333334,0.2021037072945484
S05,2025,3,S05-2025-B3,A,10.0,24.868565852690338,72.67767621282552,25.496446761966247,55.95916576335043,60,22,0.36666666666666664,0.5099111823090272
S05,2025,3,S05-2025-B3,A,20.0,21.531412534047842,68.32904670217536,28.260681571796876,45.51384254229517,60,41,0.6833333333333333,0.7024470895407877
S05,2025,3,S05-2025-B3,A,40.0,22.967220658896046,70.79086499555333,20.892603645247423,52.87125883848864,60,52,0.8666666666666667,0.8884928820406129
S05,2025,3,S05-2025-B3,B,0.0,30.00653414731487,69.18795260449036,32.95305941908947,70.77817004801246,60,3,0.05,0.04597389879302146
S05,2025,3,S05-2025-B3,B,2.5,25.325179320755087,63.83958645059744,33.43955455677149,53.64769600476598,60,11,0.18333333333333332,0.15801254465597372
S05,2025,3,S05-2025-B3,B,5.0,22.138889875400977,68.51654974766312,25.727134191044623,49.77586875834987,60,17,0.2833333333333333,0.3265407274085882
S05,2025,3,S05-2025-B3,B,10.0,24.178843676756433,64.2168832002242,25.925385811398904,54.81133961929412,60,30,0.5,0.6098204148196873
S05,2025,3,S05-2025-B3,B,20.0,24.902493605382112,67.83934888733317,22.691064714833637,48.94675955313481,60,47,0.7833333333333333,0.8087946519816493
S05,2025,3,S05-2025-B3,B,40.0,23.26304524286952,65.65843928030307,29.888353757062532,52.20293538123717,60,57,0.95,0.9116581130450097
S05,2025,4,S05-2025-B4,A,0.0,22.597114176507883,62.860461156782186,22.272025965664117,56.70345369009824,60,3,0.05,0.045630698411820554
S05,2025,4,S05-2025-B4,A,2.5,23.592783118078714,63.79215538053938,23.323215215135992,50.78701190118314,60,8,0.13333333333333333,0.12328421177358857
S05,2025,4,S05-2025-B4,A,5.0,22.06055208017333,62.18806718416066,26.188443559117978,62.32983491944334,60,16,0.26666666666666666,0.278499488594308
S05,2025,4,S05-2025-B4,A,10.0,24.16081801826081,69.58576343174775,21.553196952459768,46.15911563244198,60,23,0.38333333333333336,0.48216929236658335
S05,2025,4,S05-2025-B4,A,20.0,25.410875476761476,67.55733474043522,20.60768665388158,57.96613104740497,60,50,0.8333333333333334,0.7652360307721533
S05,2025,4,S05-2025-B4,A,40.0,24.979034859121832,67.55531091941208,21.942542578402687,49.7575879854292,60,55,0.9166666666666666,0.8848204490622789
S05,2025,4,S05-2025-B4,B,0.0,25.50308307224469,68.96294414371518,28.958771463898465,54.50598857073032,60,3,0.05,0.04258660104860151
S05,2025,4,S05-2025-B4,B,2.5,26.558023590742764,67.99060007216667,30.954899803913833,62.67554401496949,60,13,0.21666666666666667,0.17880938581289524
S05,2025,4,S05-2025-B4,B,5.0,22.65053119359021,64.06670770187147,25.977929167541895,60.02742372143658,60,20,0.3333333333333333,0.363714595438006
S05,2025,4,S05-2025-B4,B,10.0,25.050239743506847,66.78704586062103,28.944244072750735,63.34598897759328,60,43,0.7166666666666667,0.633612819835173
S05,2025,4,S05-2025-B4,B,20.0,23.026689685273414,67.09504898273927,39.07448186189476,53.18683297423877,60,50,0.8333333333333334,0.789604282256666
S05,2025,4,S05-2025-B4,B,40.0,25.48852398338358,66.09252030170194,30.97023046322444,63.61556222171647,60,56,0.9333333333333333,0.9247225478091546
S06,2023,1,S06-2023-B1,A,0.0,23.22464563375408,72.17681020547077,29.797121613213164,65.67211278253622,60,5,0.08333333333333333,0.06033943563154624
S06,2023,1,S06-2023-B1,A,2.5,25.506302913455837,63.85140194193379,22.05470614112739,56.942948357243395,60,6,0.1,0.14775060477826504
S06,2023,1,S06-2023-B1,A,5.0,25.816297626584355,59.4328333079133,24.196404135343677,65.05931478142483,60,21,0.35,0.3117235208979048
S06,2023,1,S06-2023-B1,A,10.0,26.16600496601054,70.15177327241052,21.74057034465413,44.22360400589392,60,24,0.4,0.48482613722913875
S06,2023,1,S06-2023-B1,A,20.0,26.52439263799713,64.83417272470591,22.333018924464476,57.910232066527946,60,44,0.7333333333333333,0.768453093650905
S06,2023,1,S06-2023-B1,A,40.0,22.139775284726614,61.409626930041455,27.510578728809477,45.903509333536526,60,49,0.8166666666666667,0.875558140968094
S06,2023,1,S06-2023-B1,B,0.0,23.104010918873044,65.69644642774735,22.018080671606604,56.97731228592019,60,4,0.06666666666666667,0.05730370520130333
S06,2023,1,S06-2023-B1,B,2.5,23.572768921088915,61.99893094877092,39.07225441801299,57.059682495442594,60,7,0.11666666666666667,0.1666040762319176
S06,2023,1,S06-2023-B1,B,5.0,26.41119214583315,63.492347255500796,23.091884380008317,54.758548625888,60,22,0.36666666666666664,0.3680069785789715
S06,2023,1,S06-2023-B1,B,10.0,24.678783325754765,62.251504470362306,27.94569618299314,68.89986121380984,60,35,0.5833333333333334,0.6647153303566813
S06,2023,1,S06-2023-B1,B,20.0,27.01545322676239,69.83937006994132,21.5888814525756,69.52759533168609,60,50,0.8333333333333334,0.8574118313323728
S06,2023,1,S06-2023-B1,B,40.0,25.622775907416916,67.6169671067482,31.104182585138403,56.04422258016248,60,52,0.8666666666666667,0.9222778490335793
S06,2023,2,S06-2023-B2,A,0.0,26.49034445993264,65.45547969814223,24.560335194052996,57.74246516262953,60,2,0.03333333333333333,0.0569226006507607
S06,2023,2,S06-2023-B2,A,2.5,23.310809218205932,65.82989980678578,25.79563727573349,63.943530477167144,60,12,0.2,0.1547607763776664
S06,2023,2,S06-2023-B2,A,5.0,25.146133297154435,69.40002925932228,23.07171970100061,54.594828536783034,60,25,0.4166666666666667,0.2819985848497731
S06,2023,2,S06-2023-B2,A,10.0,24.395486749464883,58.237148667958536,22.45474089973945,48.22925626574287,60,35,0.5833333333333334,0.499299910538706
S06,2023,2,S06-2023-B2,A,20.0,27.177087597958767,67.50508439688815,30.74898803261619,58.20184686592719,60,40,0.6666666666666666,0.7517060249991592
S06,2023,2,S06-2023-B2,A,40.0,25.724578514608012,66.29165516153981,25.26338992819617,47.81151056746953,60,53,0.8833333333333333,0.8849734029218995
S06,2023,2,S06-2023-B2,B,0.0,26.749647641805886,65.16036156982727,25.605063656509916,60.35993149844103,60,3,0.05,0.058258441297731126
S06,2023,2,S06-2023-B2,B,2.5,26.494987816319288,62.30546629579567,33.6469433222419,55.359905402122294,60,9,0.15,0.17049513997662066
S06,2023,2,S06-2023-B2,B,5.0,25.081267663689385,70.10464526149815,29.409131614775156,55.87604011506845,60,17,0.2833333333333333,0.3595627914416253
S06,2023,2,S06-2023-B2,B,10.0,27.64296336349813,65.25010510789363,29.422769633161266,68.38479746604465,60,35,0.5833333333333334,0.6519159971101517
S06,2023,2,S06-2023-B2,B,20.0,23.283173071366758,66.54190000282482,41.66197151120947,59.79860324606767,60,48,0.8,0.8104389411212748
S06,2023,2,S06-2023-B2,B,40.0,27.099135703463258,70.37544494593328,31.817746973221595,51.141784184043935,60,57,0.95,0.9147405418905723
S06,2023,3,S06-2023-B3,A,0.0,25.870741483556024,62.768948676921994,32.19742906338938,46.61743307841197,60,3,0.05,0.04550380813086881
S06,2023,3,S06-2023-B3,A,2.5,24.509900347415044,64.36439306847383,20.616424693037917,47.57627978687077,60,10,0.16666666666666666,0.13257391770880958
S06,2023,3,S06-2023-B3,A,5.0,28.796846466249725,68.17122962030804,30.68298550354421,39.02688994319546,60,10,0.16666666666666666,0.2114554335718519
S06,2023,3,S06-2023-B3,A,10.0,26.055378560569153,62.681072602638594,21.023980375179157,46.82762936417015,60,35,0.5833333333333334,0.4966852745282428
S06,2023,3,S06-2023-B3,A,20.0,24.420795531110656,65.12975676751957,20.85569119982484,54.22702039105786,60,51,0.85,0.7629757207929737
S06,2023,3,S06-2023-B3,A,40.0,24.54207604499172,68.53876188987059,34.98012622375508,48.66244642870598,60,56,0.9333333333333333,0.8762694572156944
S06,2023,3,S06-2023-B3,B,0.0,26.14936495024589,73.37398995294896,20.200908772530198,64.5921625778764,60,8,0.13333333333333333,0.06558242111119468
S06,2023,3,S06-2023-B3,B,2.5,25.55048242262185,64.46420740709306,20.17431519579922,55.14793457246087,60,13,0.21666666666666667,0.19140359192305717
S06,2023,3,S06-2023-B3,B,5.0,25.848784600567292,58.27712344700984,20.531523297701593,67.18312263008009,60,27,0.45,0.4200790021401194
S06,2023,3,S06-2023-B3,B,10.0,23.55963547550519,63.12789550804879,20.782331384085442,78.79176302659435,60,40,0.6666666666666666,0.709824896567891
S06,2023,3,S06-2023-B3,B,20.0,26.07848770117861,75.27764705313061,19.983487307488303,60.87680634609623,60,50,0.8333333333333334,0.8448254436201839
S06,2023,3,S06-2023-B3,B,40.0,24.825345605289012,66.68795590779911,32.7877394972465,57.385326668649306,60,49,0.8166666666666667,0.922640333942886
S06,2023,4,S06-2023-B4,A,0.0,23.956796586252036,66.75005251343059,19.414272205334726,54.44879664762222,60,3,0.05,0.05702267156694216
S06,2023,4,S06-2023-B4,A,2.5,25.121503514218603,60.3965439698567,33.667974434695275,60.8835480937286,60,14,0.23333333333333334,0.14085953511170335
S06,2023,4,S06-2023-B4,A,5.0,27.065055428921728,69.0947114758038,24.256229121846147,52.85741443188813,60,18,0.3,0.2701835959990798
S06,2023,4,S06-2023-B4,A,10.0,25.553487957641636,62.575951652267676,25.685224975372396,53.2379763072806,60,29,0.48333333333333334,0.510078893763021
S06,2023,4,S06-2023-B4,A,20.0,23.746176207976358,59.398794545835884,23.32332006344219,42.41471329959404,60,42,0.7,0.7233259303682009
S06,2023,4,S06-2023-B4,A,40.0,27.82040096275724,62.61969225090684,25.032196890164254,68.26942502178363,60,56,0.9333333333333333,0.9099009904531742
S06,2023,4,S06-2023-B4,B,0.0,27.144381006181618,65.64333291625299,23.2730631661409,61.055999105203675,60,3,0.05,0.05970564586976916
S06,2023,4,S06-2023-B4,B,2.5,25.604307709504095,70.18038585378517,25.621497252246776,55.318730663857146,60,7,0.11666666666666667,0.183451447536844
S06,2023,4,S06-2023-B4,B,5.0,24.831524684235823,68.64690566967167,20.734061577824008,67.9659674459411,60,23,0.38333333333333336,0.42329255679095773
S06,2023,4,S06-2023-B4,B,10.0,25.403283182004778,72.72084567705966,21.793141770087846,66.03478115599478,60,42,0.7,0.6687708405339031
S06,2023,4,S06-2023-B4,B,20.0,25.56709233544763,65.87047039156407,21.379537140420286,69.38479251947294,60,53,0.8833333333333333,0.8596772025390261
S06,2023,4,S06-2023-B4,B,40.0,24.042693534517607,62.24863356685259,29.428187729337886,54.45843160382364,60,57,0.95,0.9215818642760719
S06,2024,1,S06-2024-B1,A,0.0,22.90749507718138,64.30918878696244,24.45941280234736,57.17437407755535,60,4,0.06666666666666667,0.05656176447254683
S06,2024,1,S06-2024-B1,A,2.5,23.28107229722191,65.53307559819322,31.996044315928902,46.55078126985612,60,6,0.1,0.11693358722975783
S06,2024,1,S06-2024-B1,A,5.0,25.208283316032446,65.4972733527371,21.814336243246352,58.115722244786426,60,17,0.2833333333333333,0.2944618959735348
S06,2024,1,S06-2024-B1,A,10.0,24.517889894127585,68.15296832694264,29.670150081569226,54.40582252197139,60,33,0.55,0.5030594966038583
S06,2024,1,S06-2024-B1,A,20.0,27.42204628841482,65.56365659169084,34.0354522428742,51.302755432537516,60,42,0.7,0.7230598815786496
S06,2024,1,S06-2024-B1,A,40.0,23.929988661292754,64.02786759495335,22.786064465061436,43.19843878094804,60,50,0.8333333333333334,0.8795934162313549
S06,2024,1,S06-2024-B1,B,0.0,27.471223656861536,61.14034409634604,23.62039691374556,61.52206097768814,60,7,0.11666666666666667,0.060129921765074666
S06,2024,1,S06-2024-B1,B,2.5,24.6289368877717,67.17495724923424,34.11622794513012,61.09026272146954,60,11,0.18333333333333332,0.18349104988784437
S06,2024,1,S06-2024-B1,B,5.0,26.444151426110373,69.97403758941658,22.717078000283323,57.81122956982839,60,23,0.38333333333333336,0.37821908069877463
S06,2024,1,S06-2024-B1,B,10.0,24.12172440535157,57.54740990065489,20.55293320104269,72.13607535704206,60,37,0.6166666666666667,0.6893826129741577
S06,2024,1,S06-2024-B1,B,20.0,26.00224161662678,64.31988571422355,21.041681353008148,63.82440447019311,60,50,0.8333333333333334,0.8485902291792199
S06,2024,1,S06-2024-B1,B,40.0,25.490734875690954,64.81479020008226,20.30882138233444,59.40527841339988,60,58,0.9666666666666667,0.9327601283301891
S06,2024,2,S06-2024-B2,A,0.0,26.002935726997077,73.41360538231912,39.69812406596799,44.09801539619735,60,5,0.08333333333333333,0.04125445136657714
S06,2024,2,S06-2024-B2,A,2.5,24.788425790653147,60.33427937502383,39.12201894051978,49.6095691936757,60,4,0.06666666666666667,0.11582009721721978
S06,2024,2,S06-2024-B2,A,5.0,23.782249991846356,62.74762865175031,18.89591851775181,60.64787969108016,60,16,0.26666666666666666,0.30472809498573034
S06,2024,2,S06-2024-B2,A,10.0,23.300945676546785,60.236351896363516,21.179374732107668,59.78464083308848,60,28,0.4666666666666667,0.5410465150888439
S06,2024,2,S06-2024-B2,A,20.0,24.44588521581765,61.54433969944559,22.9996812974254,55.68182961053624,60,44,0.7333333333333333,0.7619737030904223
S06,2024,2,S06-2024-B2,A,40.0,27.564219672572154,67.69517190079864,30.40843323329282,52.9864326559886,60,53,0.8833333333333333,0.8841192481903536
S06,2024,2,S06-2024-B2,B,0.0,25.940001303922557,68.17051552127474,25.28467357610426,61.72822000607526,60,6,0.1,0.06084403767877855
S06,2024,2,S06-2024-B2,B,2.5,23.31393367527689,60.06299467428406,20.344777414202383,54.565945413537094,60,9,0.15,0.18746788399152936
S06,2024,2,S06-2024-B2,B,5.0,26.491066642558724,66.50407823841174,21.303421625375147,60.18001058348264,60,16,0.26666666666666666,0.38980440690495244
S06,2024,2,S06-2024-B2,B,10.0,26.77892545489811,71.32074031074613,23.769543339972685,54.419845301952776,60,34,0.5666666666666667,0.6194840724083619
S06,2024,2,S06-2024-B2,B,20.0,25.54315008724943,70.17489089109716,28.561300243217246,78.1706758367681,60,54,0.9,0.8661260545715245
S06,2024,2,S06-2024-B2,B,40.0,24.843789684966666,63.9482412273288,35.19035340040503,54.37379847169387,60,54,0.9,0.9173349859972294
S06,2024,3,S06-2024-B3,A,0.0,24.30572773722139,65.05697449308032,25.00451069884596,46.61839585665566,60,3,0.05,0.04933605301240314
S06,2024,3,S06-2024-B3,A,2.5,22.55631841301819,68.14658748374026,29.466605955785283,50.78219991213133,60,8,0.13333333333333333,0.12475926865738186
S06,2024,3,S06-2024-B3,A,5.0,25.995099977626836,68.18166411465047,25.42203516837928,58.28744384678457,60,13,0.21666666666666667,0.2865812332747445
S06,2024,3,S06-2024-B3,A,10.0,23.588505977748774,67.13900861621715,34.23140766747125,52.61389499532156,60,32,0.5333333333333333,0.48274366245811123
S06,2024,3,S06-2024-B3,A,20.0,22.916912705274086,60.0552835810119,22.349934920985113,51.698963212431686,60,49,0.8166666666666667,0.7484051285716151
S06,2024,3,S06-2024-B3,A,40.0,25.77463964856322,67.81952102070899,28.570992272080126,57.16960841754456,60,53,0.8833333333333333,0.8950154810554136
S06,2024,3,S06-2024-B3,B,0.0,24.128536677205684,58.13179871575321,33.77908352021647,64.82292954013869,60,5,0.08333333333333333,0.05871391221450981
S06,2024,3,S06-2024-B3,B,2.5,24.81384153774319,60.42794238071316,23.459020469291808,46.95595293130174,60,8,0.13333333333333333,0.16828940524592453
S06,2024,3,S06-2024-B3,B,5.0,22.49991165547269,67.37712844789624,27.07794615762696,67.1963200447084,60,27,0.45,0.39633230219369636
S06,2024,3,S06-2024-B3,B,10.0,28.03402325824788,65.00960477356126,20.55203756897693,61.09866039613854,60,34,0.5666666666666667,0.6432533129439225
S06,2024,3,S06-2024-B3,B,20.0,23.5285327619311,61.43543790689992,23.76834236902636,64.01970151379926,60,49,0.8166666666666667,0.8446767723413157
S06,2024,3,S06-2024-B3,B,40.0,25.499863776430757,58.9145646626347,23.379013154989302,52.26755671636154,60,55,0.9166666666666666,0.9235839334153723
S06,2024,4,S06-2024-B4,A,0.0,23.729762558081354,60.962893144371414,29.701322941166428,54.23590618443629,60,5,0.08333333333333333,0.052308584883609954
S06,2024,4,S06-2024-B4,A,2.5,24.693448146310157,64.66506211560868,32.28989365442805,51.565708777496745,60,8,0.13333333333333333,0.12617556654716852
S06,2024,4,S06-2024-B4,A,5.0,23.592009151686593,74.1776469793459,25.523117829616275,57.26294135991941,60,18,0.3,0.2822382775351605
S06,2024,4,S06-2024-B4,A,10.0,24.745367792578993,63.862594766137335,18.650994666621003,64.8175296943828,60,40,0.6666666666666666,0.5660991555915514
S06,2024,4,S06-2024-B4,A,20.0,24.05649249166361,64.80776368496792,26.035604684259997,56.98069478628243,60,48,0.8,0.7594632069480459
S06,2024,4,S06-2024-B4,A,40.0,26.182403077802032,62.120441460639,32.982093080012206,56.074875291082165,60,51,0.85,0.8887964617701593
S06,2024,4,S06-2024-B4,B,0.0,23.93516121606018,60.372758094593415,24.347945107276132,58.37893176090878,60,3,0.05,0.05848107981807039
S06,2024,4,S06-2024-B4,B,2.5,24.78817603770307,62.71699214966823,24.932529340401437,47.16250953184836,60,10,0.16666666666666666,0.16665982105577615
S06,2024,4,S06-2024-B4,B,5.0,25.290275762632234,63.60886546572036,20.30532622399243,54.756028438934585,60,23,0.38333333333333336,0.375470622599585
S06,2024,4,S06-2024-B4,B,10.0,25.43290251380152,71.61255169896855,30.874230134385982,63.20464763066247,60,45,0.75,0.6371394568130871
S06,2024,4,S06-2024-B4,B,20.0,25.079341671364414,65.4346908640684,30.37229107215255,70.32040068735549,60,50,0.8333333333333334,0.8497589038278566
S06,2024,4,S06-2024-B4,B,40.0,25.16534315700295,61.518579163626804,19.787141716289906,55.451205301259094,60,55,0.9166666666666666,0.9292171816893876
S06,2025,1,S06-2025-B1,A,0.0,23.856928669481835,66.42578652437575,38.64344035161059,44.04163569510332,60,1,0.016666666666666666,0.04146503239371105
S06,2025,1,S06-2025-B1,A,2.5,27.361567323291844,71.76229423677538,23.69883668407374,52.61901366742755,60,5,0.08333333333333333,0.13461509706097874
S06,2025,1,S06-2025-B1,A,5.0,28.37358850715465,64.45062645713362,21.803336169576543,62.712892564417224,60,20,0.3333333333333333,0.29727503107544756
S06,2025,1,S06-2025-B1,A,10.0,25.22542458697875,60.51356214764746,24.689640400765537,47.99716849435569,60,31,0.5166666666666667,0.4920879194627015
S06,2025,1,S06-2025-B1,A,20.0,24.233669816407208,71.90392072073449,20.53337547286891,49.49221144468726,60,45,0.75,0.7494089598370817
S06,2025,1,S06-2025-B1,A,40.0,25.28229172574372,72.14146636963653,24.184226056491568,56.58995733342453,60,57,0.95,0.8986102862792285
S06,2025,1,S06-2025-B1,B,0.0,27.66391706840595,71.50366369698811,25.117540116729742,60.59370708844949,60,7,0.11666666666666667,0.0580873460884672
S06,2025,1,S06-2025-B1,B,2.5,24.053688603766393,62.43276865221438,20.63767316490373,55.971348024206115,60,8,0.13333333333333333,0.19184879467964527
S06,2025,1,S06-2025-B1,B,5.0,25.410508186965913,63.40061598216958,29.721660597018275,62.06989974013284,60,21,0.35,0.37934071247555534
S06,2025,1,S06-2025-B1,B,10.0,24.069642085584633,64.98707882492822,21.265301300478672,62.50536510247676,60,41,0.6833333333333333,0.6562768106658018
S06,2025,1,S06-2025-B1,B,20.0,24.391907728669544,57.9918715828701,25.941123634193193,79.41279660511083,60,49,0.8166666666666667,0.8713544962593361
S06,2025,1,S06-2025-B1,B,40.0,23.53513515717144,64.44603236758446,23.039484117175213,46.58516835261928,60,52,0.8666666666666667,0.9169405403880097
S06,2025,2,S06-2025-B2,A,0.0,26.640297114005655,63.20933513107514,26.178018460072906,49.00168582738846,60,5,0.08333333333333333,0.049811220692252266
S06,2025,2,S06-2025-B2,A,2.5,26.904317507067816,71.17333764670148,26.181710100253532,56.60504079255812,60,8,0.13333333333333333,0.13990968894074565
S06,2025,2,S06-2025-B2,A,5.0,22.211904086382976,63.506160530558724,34.69929476949856,54.477680639787124,60,17,0.2833333333333333,0.2507234670328217
S06,2025,2,S06-2025-B2,A,10.0,25.235388375442827,67.14643339653888,21.783548732028617,54.729305378594574,60,34,0.5666666666666667,0.5245724507887223
S06,2025,2,S06-2025-B2,A,20.0,27.06480697177583,61.916143890131856,21.841929948557507,54.064340102643946,60,43,0.7166666666666667,0.7563143662406895
S06,2025,2,S06-2025-B2,A,40.0,24.367612080651387,66.69593758282608,37.240737574488755,55.01261995320228,60,51,0.85,0.8835052982261649
S06,2025,2,S06-2025-B2,B,0.0,22.855434454762232,60.30390050347068,19.102397368447612,64.20730177403716,60,1,0.016666666666666666,0.06488221677809246
S06,2025,2,S06-2025-B2,B,2.5,26.766925552859902,65.47928210462061,26.70945535448255,55.65425861505612,60,13,0.21666666666666667,0.180250920696507
S06,2025,2,S06-2025-B2,B,5.0,26.72655097161598,67.34260912192711,19.82848543780478,68.32059214033482,60,18,0.3,0.4217892071107052
S06,2025,2,S06-2025-B2,B,10.0,25.614098966463523,62.872492160339284,32.60437574171288,59.75074499583358,60,40,0.6666666666666666,0.6211608156974932
S06,2025,2,S06-2025-B2,B,20.0,24.960634792381256,57.84434119344531,33.28500227033023,61.78038784422326,60,53,0.8833333333333333,0.8287656756483928
S06,2025,2,S06-2025-B2,B,40.0,25.353099143478623,66.73095808360287,24.173584207435916,79.11447484871857,60,58,0.9666666666666667,0.9472595412430175
S06,2025,3,S06-2025-B3,A,0.0,23.723684368699878,60.92852848113815,25.733026018639674,63.87126375686426,60,3,0.05,0.062057990345724054
S06,2025,3,S06-2025-B3,A,2.5,21.599404352111392,61.74938455647197,24.036878630006484,58.24621783120644,60,8,0.13333333333333333,0.14067893042317461
S06,2025,3,S06-2025-B3,A,5.0,26.949454438701814,66.91268639701755,23.53758896604639,52.12927326988164,60,9,0.15,0.26923623824506754
S06,2025,3,S06-2025-B3,A,10.0,26.160164505336244,56.86140930877005,33.77031472697929,61.38206247152338,60,29,0.48333333333333334,0.5179522485123509
S06,2025,3,S06-2025-B3,A,20.0,25.085888868419072,67.77626456372207,37.874091971577975,54.18808867547537,60,48,0.8,0.730151818461062
S06,2025,3,S06-2025-B3,A,40.0,24.389805677003594,58.89289008030631,19.70514556700155,50.195008655025035,60,56,0.9333333333333333,0.8934363454241783
S06,2025,3,S06-2025-B3,B,0.0,27.308325256610296,69.53926674163161,25.472500698775267,63.1832839308024,60,6,0.1,0.0605497108213602
S06,2025,3,S06-2025-B3,B,2.5,26.88844863054171,66.06379197148097,36.33531270945594,58.61488492136166,60,11,0.18333333333333332,0.17239913516322286
S06,2025,3,S06-2025-B3,B,5.0,24.443327431109452,64.57074987388484,26.518385777096363,58.388659011718794,60,20,0.3333333333333333,0.37373181991454274
S06,2025,3,S06-2025-B3,B,10.0,26.58391147468793,71.28434397082414,31.520788050219778,54.00762646998343,60,31,0.5166666666666667,0.6007303161337126
S06,2025,3,S06-2025-B3,B,20.0,25.774102641726337,59.88105762395818,26.165680845788824,70.22151696888145,60,56,0.9333333333333333,0.8546722150882107
S06,2025,3,S06-2025-B3,B,40.0,28.43914093711788,68.38250208875938,26.840058353064986,67.79092948304374,60,57,0.95,0.9329652782165317
S06,2025,4,S06-2025-B4,A,0.0,25.62468262694763,60.251841666362864,18.903475877248418,48.0453111111277,60,4,0.06666666666666667,0.05267585592352289
S06,2025,4,S06-2025-B4,A,2.5,23.330812336227968,68.68530599202661,20.98658603155559,50.19817496263995,60,9,0.15,0.13517103935180697
S06,2025,4,S06-2025-B4,A,5.0,24.680047384935442,60.2268466483561,29.584066458162823,44.7141341682821,60,21,0.35,0.24017818259065957
S06,2025,4,S06-2025-B4,A,10.0,24.336757278857778,72.4521268134544,21.662588214015585,58.41836295885099,60,36,0.6,0.5381735949174931
S06,2025,4,S06-2025-B4,A,20.0,27.62277556254471,76.31869366712488,20.5438958139277,52.22981846311479,60,47,0.7833333333333333,0.7511888682206783
S06,2025,4,S06-2025-B4,A,40.0,27.64787461436626,72.48750720793568,23.70087781214054,56.857398633665554,60,52,0.8666666666666667,0.8962341831911603
S06,2025,4,S06-2025-B4,B,0.0,24.50152415788806,65.77271518567238,23.546160068727964,61.99733468636513,60,8,0.13333333333333333,0.06209654842888323
S06,2025,4,S06-2025-B4,B,2.5,22.27494993193403,69.26449832921674,20.727084575023394,56.84864686846507,60,14,0.23333333333333334,0.1887078400218111
S06,2025,4,S06-2025-B4,B,5.0,25.22031198131356,63.73362175260913,27.24738301124846,72.03682982392488,60,19,0.31666666666666665,0.42128492392840083
S06,2025,4,S06-2025-B4,B,10.0,24.73086018308045,61.23369667763111,22.432078926279367,64.10368532243362,60,38,0.6333333333333333,0.6599381691986531
S06,2025,4,S06-2025-B4,B,20.0,25.198812386056414,62.05170055449503,26.583381026863048,59.79618732421048,60,50,0.8333333333333334,0.8339615403877085
S06,2025,4,S06-2025-B4,B,40.0,24.898035639405723,64.68695284950125,22.67147838812482,68.95076010592422,60,55,0.9166666666666666,0.939988249587489
S07,2023,1,S07-2023-B1,A,0.0,23.260109258309615,76.51476893477356,32.96300447908379,66.41663678373922,60,3,0.05,0.03305097406159137
S07,2023,1,S07-2023-B1,A,2.5,25.38683621992421,68.7056741001338,29.456627559632125,61.76495211160336,60,7,0.11666666666666667,0.12086444715573513
S07,2023,1,S07-2023-B1,A,5.0,23.171495396256137,59.226181495463294,36.91396245314314,41.124115749515624,60,17,0.2833333333333333,0.19325791565704029
S07,2023,1,S07-2023-B1,A,10.0,24.62648207304315,68.97469844552718,24.458134244085027,54.102174939992196,60,32,0.5333333333333333,0.49044303683757157
S07,2023,1,S07-2023-B1,A,20.0,22.931125754140886,69.65397456980162,27.347318103962433,53.986122655262925,60,46,0.7666666666666667,0.7238418626317026
S07,2023,1,S07-2023-B1,A,40.0,24.680682834270915,56.8826526670526,29.18854878532192,56.23673660804376,60,53,0.8833333333333333,0.8751163983153603
S07,2023,1,S07-2023-B1,B,0.0,24.86169783328096,70.15850465981084,38.462056806726,60.763625135711735,60,2,0.03333333333333333,0.029288340264129152
S07,2023,1,S07-2023-B1,B,2.5,23.01262931818812,72.21166009221106,23.875998541215235,60.353324994863165,60,14,0.23333333333333334,0.16759130620243798
S07,2023,1,S07-2023-B1,B,5.0,23.70703041934425,72.3237317490119,26.83495243903546,62.32266552288607,60,23,0.38333333333333336,0.35867860217051856
S07,2023,1,S07-2023-B1,B,10.0,24.508280341404504,68.50482103650337,21.445959692680283,58.20758268888279,60,34,0.5666666666666667,0.6186573105532396
S07,2023,1,S07-2023-B1,B,20.0,22.45293694045785,67.38390465760514,26.201929517859824,61.02579753075488,60,51,0.85,0.8133728706462071
S07,2023,1,S07-2023-B1,B,40.0,24.621912013824197,60.788754786374994,26.27028900363048,64.4018417133708,60,57,0.95,0.9183760372752835
S07,2023,2,S07-2023-B2,A,0.0,24.513458509942456,67.18187231327107,28.108814882972723,44.05756056571637,60,2,0.03333333333333333,0.02535773946346598
S07,2023,2,S07-2023-B2,A,2.5,23.378717763309982,65.60723993336921,26.629631218354415,65.849918514868,60,10,0.16666666666666666,0.1293048003479034
S07,2023,2,S07-2023-B2,A,5.0,20.930099161258752,70.65018452561492,23.972250020282914,49.04221972643141,60,11,0.18333333333333332,0.22323843761555487
S07,2023,2,S07-2023-B2,A,10.0,24.14624175666841,66.91880382280506,24.84052635830052,44.720844226563294,60,21,0.35,0.4537021713016022
S07,2023,2,S07-2023-B2,A,20.0,25.082069059884507,62.81337470786307,22.297976170868672,60.53300040557267,60,45,0.75,0.756514332013582
S07,2023,2,S07-2023-B2,A,40.0,22.507338690762623,63.38139499892656,32.249037016365655,49.22449219901742,60,53,0.8833333333333333,0.8557745486401712
S07,2023,2,S07-2023-B2,B,0.0,23.903518475385262,62.57831615274545,26.606255076363542,63.16686451519836,60,2,0.03333333333333333,0.033824859839768136
S07,2023,2,S07-2023-B2,B,2.5,19.71736566386354,61.79470186753018,26.15297962549809,75.20209119018811,60,4,0.06666666666666667,0.17907655563883249
S07,2023,2,S07-2023-B2,B,5.0,24.245861991273202,68.42857993852756,22.84934817639481,62.60074186471168,60,23,0.38333333333333336,0.3701527470015377
S07,2023,2,S07-2023-B2,B,10.0,23.240471574770552,72.71921944073868,23.24247536582036,47.13141780360002,60,31,0.5166666666666667,0.5708879036803709
S07,2023,2,S07-2023-B2,B,20.0,24.69312594989751,77.90637955727247,21.799368173252983,64.63278508091074,60,49,0.8166666666666667,0.832322039374273
S07,2023,2,S07-2023-B2,B,40.0,23.83830111250162,64.84516891987704,21.936821321376147,59.82218694358935,60,56,0.9333333333333333,0.9159916415226743
S07,2023,3,S07-2023-B3,A,0.0,25.56570950764859,66.94737952406682,25.01111991587548,52.69234468183071,60,3,0.05,0.02962959071960464
S07,2023,3,S07-2023-B3,A,2.5,25.87572580964079,62.73765967780802,22.32081068757047,66.63196255748845,60,5,0.08333333333333333,0.13669777164224392
S07,2023,3,S07-2023-B3,A,5.0,22.138156559583646,67.18432314480835,22.720946050258544,61.53089679565939,60,16,0.26666666666666666,0.26792417446833255
S07,2023,3,S07-2023-B3,A,10.0,23.50067750986728,64.31440376365715,25.11700672937648,46.17115156250608,60,24,0.4,0.4565278280217114
S07,2023,3,S07-2023-B3,A,20.0,24.51996879985371,66.52964270052676,22.028511339236335,46.58283527797043,60,44,0.7333333333333333,0.7162604451638054
S07,2023,3,S07-2023-B3,A,40.0,22.1389579401121,69.05995343563424,21.02706647084919,54.11547611995635,60,53,0.8833333333333333,0.8761376898283267
S07,2023,3,S07-2023-B3,B,0.0,22.417930738403236,63.0345209286025,26.799100791284303,62.2481737468816,60,4,0.06666666666666667,0.03244638011222899
S07,2023,3,S07-2023-B3,B,2.5,25.472885390251637,72.06857491382074,23.938957696487755,74.88439135826752,60,8,0.13333333333333333,0.2031326989075533
S07,2023,3,S07-2023-B3,B,5.0,23.118787642288673,70.14004190612532,23.28039068484236,56.967194488372805,60,21,0.35,0.346326414115556
S07,2023,3,S07-2023-B3,B,10.0,24.569755403665717,62.73009043891186,20.862847108771327,62.10924582372583,60,39,0.65,0.6337857793117809
S07,2023,3,S07-2023-B3,B,20.0,24.845956998810845,64.6876347042118,35.38232035711489,63.21329961602437,60,51,0.85,0.8092901900915856
S07,2023,3,S07-2023-B3,B,40.0,23.457564357272677,62.5921828398717,36.49614989037186,44.70456924593971,60,50,0.8333333333333334,0.8820081322925579
S07,2023,4,S07-2023-B4,A,0.0,22.503407980866868,70.35704608578523,37.972618569110075,57.563421988096884,60,3,0.05,0.027251477195259017
S07,2023,4,S07-2023-B4,A,2.5,26.719626378104014,65.74230194077968,22.483117105549724,58.65677218170748,60,4,0.06666666666666667,0.12183204954283572
S07,2023,4,S07-2023-B4,A,5.0,24.813235330954583,75.65525623594505,31.277457580426407,58.599493881019754,60,16,0.26666666666666666,0.25087709377539474
S07,2023,4,S07-2023-B4,A,10.0,22.8490821995725,66.45013694615417,28.08872446878776,53.05915380020792,60,34,0.5666666666666667,0.4718751223531469
S07,2023,4,S07-2023-B4,A,20.0,24.68987657086838,72.45744011005783,22.382949022125686,65.25169199382623,60,42,0.7,0.7690841148613816
S07,2023,4,S07-2023-B4,A,40.0,24.299351719392746,72.20694782309246,37.42733394671116,62.30749025627715,60,53,0.8833333333333333,0.8758499114950595
S07,2023,4,S07-2023-B4,B,0.0,24.017379976413828,65.78346868552364,20.80770856911862,73.76904560677546,60,1,0.016666666666666666,0.041728481197121525
S07,2023,4,S07-2023-B4,B,2.5,22.12812316064222,64.77770626002754,24.053345146678925,69.29458557785205,60,13,0.21666666666666667,0.183630729559501
S07,2023,4,S07-2023-B4,B,5.0,23.987329336807154,61.89303233781792,23.08143558026029,50.84786896232212,60,18,0.3,0.3290556216775561
S07,2023,4,S07-2023-B4,B,10.0,21.674350413454384,65.70158913327786,27.169116506363412,63.54942386449995,60,37,0.6166666666666667,0.6112710938036122
S07,2023,4,S07-2023-B4,B,20.0,23.09733853120114,61.6347185190353,23.737773021766124,72.7605158765522,60,44,0.7333333333333333,0.8438392860157785
S07,2023,4,S07-2023-B4,B,40.0,22.47606139081978,59.583459314112105,22.145144599273827,57.30753064533527,60,55,0.9166666666666666,0.9108602608912993
S07,2024,1,S07-2024-B1,A,0.0,23.616882622050806,70.28415910170001,34.58179840678783,44.44020226662063,60,0,0.0,0.02401425046785746
S07,2024,1,S07-2024-B1,A,2.5,24.257479812074685,59.91799510207977,30.5701295220791,51.2565173764592,60,9,0.15,0.10360246435043881
S07,2024,1,S07-2024-B1,A,5.0,26.235410770168993,74.65797373999,25.287461020937254,47.63057154775264,60,15,0.25,0.22942604537039363
S07,2024,1,S07-2024-B1,A,10.0,24.486650077890317,68.40936027517039,21.546477797493164,54.789289863206804,60,30,0.5,0.4985736273479235
S07,2024,1,S07-2024-B1,A,20.0,21.933336487120968,67.07660963831789,22.565515073698563,46.64142525141139,60,49,0.8166666666666667,0.7047782208701603
S07,2024,1,S07-2024-B1,A,40.0,23.283509529165514,62.12088911757768,25.33334563336981,58.27283417403602,60,54,0.9,0.8807125804104217
S07,2024,1,S07-2024-B1,B,0.0,24.619863415100543,74.95745527864389,23.98418052661122,62.83622452103583,60,2,0.03333333333333333,0.03509261206379415
S07,2024,1,S07-2024-B1,B,2.5,25.53147453221468,68.13234991921651,21.915539455421637,67.43228666729786,60,12,0.2,0.18803207124906132
S07,2024,1,S07-2024-B1,B,5.0,25.03920395348623,69.59290765701178,22.495717489932627,52.035409037802125,60,18,0.3,0.33410101270703185
S07,2024,1,S07-2024-B1,B,10.0,22.86112431620415,63.02825857578071,23.867229427220046,73.16790084719844,60,42,0.7,0.6584140455827979
S07,2024,1,S07-2024-B1,B,20.0,23.44509845790655,67.43715056920733,22.086979097529767,68.05640023515993,60,46,0.7666666666666667,0.8367740196414863
S07,2024,1,S07-2024-B1,B,40.0,24.107170470851965,78.41196391504295,28.993991269578096,60.6343778401018,60,56,0.9333333333333333,0.9115433857482305
S07,2024,2,S07-2024-B2,A,0.0,24.889700877077843,70.63911346860175,27.755778516521076,50.66880722785442,60,4,0.06666666666666667,0.028370986164940184
S07,2024,2,S07-2024-B2,A,2.5,25.496756260494344,69.9325691219487,25.60931924935726,52.341954242371294,60,6,0.1,0.11003238203986485
S07,2024,2,S07-2024-B2,A,5.0,22.42163804782934,69.5349442986659,23.167216184904877,63.36216347473384,60,18,0.3,0.272894338687383
S07,2024,2,S07-2024-B2,A,10.0,24.491704210634826,62.16372096165649,26.67050157392048,52.2654042622487,60,21,0.35,0.47632316869923336
S07,2024,2,S07-2024-B2,A,20.0,23.73609931376592,63.13615246003241,23.83713053549276,44.37372353012519,60,32,0.5333333333333333,0.7031742635045813
S07,2024,2,S07-2024-B2,A,40.0,21.737027737430584,66.74276704084573,35.54165018251429,54.497912663008485,60,53,0.8833333333333333,0.8583904384267249
S07,2024,2,S07-2024-B2,B,0.0,24.032452234960267,67.78125425680133,27.83740949985674,59.80641530411685,60,2,0.03333333333333333,0.03223366853260705
S07,2024,2,S07-2024-B2,B,2.5,23.68113569517706,66.11410946377704,29.251784689750654,62.40101451772716,60,11,0.18333333333333332,0.16534772412305465
S07,2024,2,S07-2024-B2,B,5.0,22.010747183553974,65.41675535510416,23.596065008042565,62.78211855891678,60,30,0.5,0.35797412085107166
S07,2024,2,S07-2024-B2,B,10.0,24.78206296684867,63.17029123197434,23.15697462406573,56.31932733945344,60,36,0.6,0.6066482887913793
S07,2024,2,S07-2024-B2,B,20.0,23.77764972056628,62.652114578060036,22.301027680562804,71.61191626236042,60,53,0.8833333333333333,0.8442542166765092
S07,2024,2,S07-2024-B2,B,40.0,22.679296575807108,63.510265439286584,31.55424879857366,58.33436421619575,60,54,0.9,0.9046144399676956
S07,2024,3,S07-2024-B3,A,0.0,22.022669780349176,64.74447364404756,30.351028168597914,47.5804312037618,60,2,0.03333333333333333,0.025329078029089565
S07,2024,3,S07-2024-B3,A,2.5,24.0030006862221,76.03216786636551,32.499324476191234,55.21759381012589,60,7,0.11666666666666667,0.10717648743407217
S07,2024,3,S07-2024-B3,A,5.0,22.375547577802166,68.71277367870222,21.015671679374133,54.55179755354977,60,11,0.18333333333333332,0.2512745550831964
S07,2024,3,S07-2024-B3,A,10.0,23.56819271907183,67.92349967251279,27.011026240439996,51.75149423805716,60,28,0.4666666666666667,0.47131885887106095
S07,2024,3,S07-2024-B3,A,20.0,24.466596436437264,62.56280458704666,21.406984795507228,60.226069988830176,60,44,0.7333333333333333,0.7560438365130544
S07,2024,3,S07-2024-B3,A,40.0,22.975615323116383,61.66017707692843,23.95895298245015,59.53957469928907,60,54,0.9,0.8835186806348735
S07,2024,3,S07-2024-B3,B,0.0,24.27355245159818,69.78710241096083,22.773537392331704,57.42298341519515,60,2,0.03333333333333333,0.0327659766456722
S07,2024,3,S07-2024-B3,B,2.5,22.326707477155512,66.93244506169685,23.789421211005187,59.274006962355166,60,11,0.18333333333333332,0.16269904101285354
S07,2024,3,S07-2024-B3,B,5.0,23.22762005406265,65.76794698474058,39.061887437988105,51.24476271374374,60,23,0.38333333333333336,0.29257408972877325
S07,2024,3,S07-2024-B3,B,10.0,22.9261890855011,66.86199267099742,25.21562730126502,59.72570348831787,60,40,0.6666666666666666,0.6088517557662806
S07,2024,3,S07-2024-B3,B,20.0,25.21835939728994,72.86037301806759,25.528115644751452,64.6998809469433,60,54,0.9,0.8265698436050756
S07,2024,3,S07-2024-B3,B,40.0,25.330240759270318,63.115778907376644,27.774434261868024,58.8347699001062,60,52,0.8666666666666667,0.910623266186652
S07,2024,4,S07-2024-B4,A,0.0,24.023304729794745,60.78601152443776,23.877565537809705,41.75489487868385,60,1,0.016666666666666666,0.025749771041164205
S07,2024,4,S07-2024-B4,A,2.5,24.280204995013047,60.890960151946025,32.654140123418635,59.78668129145967,60,10,0.16666666666666666,0.11399738763572188
S07,2024,4,S07-2024-B4,A,5.0,24.44647451853154,63.59668248691694,21.65839457510385,56.91448243732779,60,13,0.21666666666666667,0.2631022657591082
S07,2024,4,S07-2024-B4,A,10.0,23.806300862898365,62.83218749039049,25.746302053414954,55.31190627126801,60,31,0.5166666666666667,0.4885841217880462
S07,2024,4,S07-2024-B4,A,20.0,24.276892766258374,67.89258280626811,28.209088566402784,59.142692591273644,60,47,0.7833333333333333,0.7399381829991616
S07,2024,4,S07-2024-B4,A,40.0,23.94421135531467,70.22900327857283,35.39645432561126,47.4648345519075,60,48,0.8,0.851397305856629
S07,2024,4,S07-2024-B4,B,0.0,23.98929968194847,63.88403120654564,35.436767000221195,66.25519252405307,60,2,0.03333333333333333,0.03287332643251034
S07,2024,4,S07-2024-B4,B,2.5,22.228271194262454,56.6346254547705,24.558822951344833,68.25692914675173,60,7,0.11666666666666667,0.18035982089470093
S07,2024,4,S07-2024-B4,B,5.0,24.021018126359465,73.40866656702734,27.22166246959461,62.32624009847069,60,28,0.4666666666666667,0.3572371630270875
S07,2024,4,S07-2024-B4,B,10.0,22.815427325364237,67.54103460194554,36.00152293700814,68.29279988080981,60,39,0.65,0.6131985678955209
S07,2024,4,S07-2024-B4,B,20.0,24.651806883293112,63.373424363379776,29.1406415152331,63.85112752443078,60,49,0.8166666666666667,0.8193996130445593
S07,2024,4,S07-2024-B4,B,40.0,25.073641513801878,64.42150575198471,28.594802332422006,62.538948615426726,60,56,0.9333333333333333,0.9144440746593264
S07,2025,1,S07-2025-B1,A,0.0,25.700432838293132,58.435945608308295,26.67783876928744,45.39967752697099,60,3,0.05,0.026412684267508393
S07,2025,1,S07-2025-B1,A,2.5,24.532117653438526,64.05223166991844,26.74695868722095,45.783190443569374,60,4,0.06666666666666667,0.09980977099574827
S07,2025,1,S07-2025-B1,A,5.0,20.843604119888127,59.04714978873713,23.802942342966627,52.412736925047184,60,15,0.25,0.23105794907570743
S07,2025,1,S07-2025-B1,A,10.0,24.09765017128362,65.6993370303266,25.052330001681756,50.60962632967736,60,29,0.48333333333333334,0.47386257720240005
S07,2025,1,S07-2025-B1,A,20.0,24.64358279084101,69.05043237301793,23.797306034902395,62.93169730802197,60,45,0.75,0.7595014232446629
S07,2025,1,S07-2025-B1,A,40.0,25.636808152299707,68.73795147063045,25.03880506486935,54.38732662400427,60,54,0.9,0.87623293364462
S07,2025,1,S07-2025-B1,B,0.0,23.95875137891483,67.79301628590109,23.69422174947484,63.821588375594025,60,4,0.06666666666666667,0.03543605638266111
S07,2025,1,S07-2025-B1,B,2.5,22.985551103431614,67.97390884546931,23.369934823828757,57.72728609116669,60,8,0.13333333333333333,0.16235539528602733
S07,2025,1,S07-2025-B1,B,5.0,25.73280743001833,68.18533992156651,23.38421295136452,72.03580476612007,60,26,0.43333333333333335,0.40137297543923234
S07,2025,1,S07-2025-B1,B,10.0,24.294846984878134,64.26634907883977,21.10484138307133,58.653363892142906,60,38,0.6333333333333333,0.6196502414607207
S07,2025,1,S07-2025-B1,B,20.0,26.500032687097224,68.22281119139015,33.39283877435396,54.192594746378646,60,44,0.7333333333333333,0.7884149801792794
S07,2025,1,S07-2025-B1,B,40.0,23.27083232632396,69.46867572523635,27.857790404857575,52.99540135519504,60,55,0.9166666666666666,0.9019124215862401
S07,2025,2,S07-2025-B2,A,0.0,24.51050721346968,76.42277911295554,29.953718283425413,49.77582867157626,60,0,0.0,0.027304895538940277
S07,2025,2,S07-2025-B2,A,2.5,24.21752898287191,63.622891382569506,23.152121799838746,59.398925806284616,60,6,0.1,0.12334563401523191
S07,2025,2,S07-2025-B2,A,5.0,22.519060482862304,59.35038926848201,22.957479351911292,61.931596277070476,60,15,0.25,0.26982577047334044
S07,2025,2,S07-2025-B2,A,10.0,25.604078918743287,70.90737832068534,24.19434719549202,59.980967298519545,60,22,0.36666666666666664,0.5116857419710662
S07,2025,2,S07-2025-B2,A,20.0,22.6122054686738,66.78828202415201,20.934230884666405,54.309114365318855,60,47,0.7833333333333333,0.7352388637338917
S07,2025,2,S07-2025-B2,A,40.0,24.372106927979335,68.1022563125986,23.40029473106715,46.34901831861227,60,50,0.8333333333333334,0.8644903764719711
S07,2025,2,S07-2025-B2,B,0.0,22.33185320010259,64.48347354476718,38.83806879817871,62.48534500018778,60,1,0.016666666666666666,0.02915324382826674
S07,2025,2,S07-2025-B2,B,2.5,23.495450050378796,73.52641247200047,21.273412023116105,63.340440116283894,60,14,0.23333333333333334,0.17848113773465846
S07,2025,2,S07-2025-B2,B,5.0,23.807915921516706,68.1808195262629,31.606183962950137,65.86310700416345,60,20,0.3333333333333333,0.35916776730079086
S07,2025,2,S07-2025-B2,B,10.0,23.56135251181997,67.93927248199188,38.22081366699198,70.19873106095424,60,35,0.5833333333333334,0.6182725249347178
S07,2025,2,S07-2025-B2,B,20.0,22.29247198168023,63.983578390916875,26.384298059582882,57.22084516378861,60,45,0.75,0.803055804105905
S07,2025,2,S07-2025-B2,B,40.0,22.25640848388917,68.45372838521968,28.850120110022704,65.24462698891625,60,58,0.9666666666666667,0.9144940818379338
S07,2025,3,S07-2025-B3,A,0.0,22.238638110022816,69.90444793496107,33.64455920279185,54.03529878711191,60,1,0.016666666666666666,0.027042028859024132
S07,2025,3,S07-2025-B3,A,2.5,21.97228170978503,66.18261723768977,25.894218865777052,55.05265613675215,60,5,0.08333333333333333,0.10943635153467589
S07,2025,3,S07-2025-B3,A,5.0,23.28302955783645,68.82858317953047,29.192337696425287,57.55548693003318,60,9,0.15,0.24834443192984101
S07,2025,3,S07-2025-B3,A,10.0,21.210349547488338,62.88861437659092,27.80679156009923,50.17374225934752,60,22,0.36666666666666664,0.44856656797000855
S07,2025,3,S07-2025-B3,A,20.0,24.652450217412795,70.19798429347532,23.6752769773108,46.77165378670027,60,48,0.8,0.7127543123359211
S07,2025,3,S07-2025-B3,A,40.0,23.638875206702675,69.45617375670163,22.40791911292464,44.32007544790338,60,52,0.8666666666666667,0.8612002813547178
S07,2025,3,S07-2025-B3,B,0.0,26.189818220184307,67.32449747909452,52.11619950943776,43.64416830397761,60,2,0.03333333333333333,0.01998698176033728
S07,2025,3,S07-2025-B3,B,2.5,24.987936914263127,67.31089724832133,40.963204790346005,56.61224996393915,60,7,0.11666666666666667,0.14025482047218327
S07,2025,3,S07-2025-B3,B,5.0,25.100045679728,63.99997299798128,30.9857372868116,52.98929951135642,60,19,0.31666666666666665,0.31890132443265307
S07,2025,3,S07-2025-B3,B,10.0,24.15895208160646,72.29938500948627,23.892895855335126,56.54138930249227,60,39,0.65,0.6052653471261662
S07,2025,3,S07-2025-B3,B,20.0,22.210518448637725,68.3199252856005,35.57471821984774,66.24075931992157,60,50,0.8333333333333334,0.8094816826680354
S07,2025,3,S07-2025-B3,B,40.0,24.455345049291854,70.59439346870272,27.651661512849408,69.43544101470006,60,54,0.9,0.9227837812271192
S07,2025,4,S07-2025-B4,A,0.0,23.493779787298184,61.5330466073562,23.052620398725356,63.52222043535083,60,1,0.016666666666666666,0.035299690648637125
S07,2025,4,S07-2025-B4,A,2.5,22.147394440935496,57.637743687581406,44.65391797878651,48.88273973535501,60,6,0.1,0.08537126979044915
S07,2025,4,S07-2025-B4,A,5.0,23.102328825404456,69.80705034825384,21.922169299121173,60.140802863706696,60,22,0.36666666666666664,0.269089693427067
S07,2025,4,S07-2025-B4,A,10.0,25.963099911981903,67.36648507937247,23.391136697528736,52.260408468472185,60,28,0.4666666666666667,0.4840459061319718
S07,2025,4,S07-2025-B4,A,20.0,23.202773450136533,70.35816359126179,25.490427254333127,68.4328978100211,60,44,0.7333333333333333,0.7685283181358002
S07,2025,4,S07-2025-B4,A,40.0,23.61031522315352,66.6969103466698,25.664854803012176,57.04164378720611,60,55,0.9166666666666666,0.8790172367454937
S07,2025,4,S07-2025-B4,B,0.0,25.016817067548924,69.22244378154927,32.07468803867218,61.94795740828742,60,1,0.016666666666666666,0.03197090628479461
S07,2025,4,S07-2025-B4,B,2.5,24.194610012185723,64.36544210637979,22.01154348695513,72.94406281232409,60,15,0.25,0.20070019714457257
S07,2025,4,S07-2025-B4,B,5.0,20.572543790930048,70.42153680427765,24.86392723493141,62.53463757625439,60,16,0.26666666666666666,0.3424513630825853
S07,2025,4,S07-2025-B4,B,10.0,22.74385602899071,68.63861716903942,21.14880745026792,53.27796948496945,60,36,0.6,0.5948443943834876
S07,2025,4,S07-2025-B4,B,20.0,23.88946400451459,66.68185279253977,28.59954251211505,75.25635644933482,60,55,0.9166666666666666,0.8434824697116452
S07,2025,4,S07-2025-B4,B,40.0,24.976351266894266,75.76793063555795,21.797503820312272,64.71834135286836,60,55,0.9166666666666666,0.9220154290244968
S08,2023,1,S08-2023-B1,A,0.0,21.18548270006557,62.871394314736875,36.481022980174366,49.07472681017745,60,0,0.0,0.006284526783462673
S08,2023,1,S08-2023-B1,A,2.5,23.343152293826446,62.7647800513721,28.79041883644144,43.98374466377517,60,3,0.05,0.06922553937706061
S08,2023,1,S08-2023-B1,A,5.0,22.393092331944146,69.72137380182004,25.085594475447976,37.27953214871937,60,9,0.15,0.16446621540807504
S08,2023,1,S08-2023-B1,A,10.0,22.3575933636156,75.91242456388362,30.02005563602096,43.190627115110495,60,27,0.45,0.3691946144559491
S08,2023,1,S08-2023-B1,A,20.0,21.130945559444243,73.43044140184436,27.67702244692073,50.64033562043109,60,38,0.6333333333333333,0.622549773696959
S08,2023,1,S08-2023-B1,A,40.0,21.2131941072604,74.97125063867851,41.481500837502296,38.75247239163306,60,43,0.7166666666666667,0.7077946167616889
S08,2023,1,S08-2023-B1,B,0.0,21.64940741135988,66.70297418851774,29.246800994903044,67.20171458396007,60,0,0.0,0.008991058432441273
S08,2023,1,S08-2023-B1,B,2.5,21.788681013365885,66.85458965013414,40.01848409041207,57.51746604786496,60,7,0.11666666666666667,0.10679020845422743
S08,2023,1,S08-2023-B1,B,5.0,24.66863988173258,66.92226489574443,30.894216497709266,62.785301155233064,60,20,0.3333333333333333,0.3021960048213006
S08,2023,1,S08-2023-B1,B,10.0,21.807304758019065,73.87918230625645,32.24645643844637,61.68504222316336,60,31,0.5166666666666667,0.525967986035502
S08,2023,1,S08-2023-B1,B,20.0,21.687831685817752,68.6266256672895,34.65860870365123,65.81978450726591,60,44,0.7333333333333333,0.7303273207444123
S08,2023,1,S08-2023-B1,B,40.0,21.860229204085623,66.46712191342141,29.878167366414917,76.15107449901677,60,59,0.9833333333333333,0.8552601926788306
S08,2023,2,S08-2023-B2,A,0.0,21.919987109938802,73.3095918673163,28.524240868263995,46.57164526238334,60,0,0.0,0.006719372463134705
S08,2023,2,S08-2023-B2,A,2.5,22.50926836664181,75.96646855428635,35.58759700655598,61.62235988962933,60,4,0.06666666666666667,0.08171031267571899
S08,2023,2,S08-2023-B2,A,5.0,23.3869037454081,74.83991555723529,34.24232579703338,48.36429506768369,60,11,0.18333333333333332,0.1780387483232167
S08,2023,2,S08-2023-B2,A,10.0,22.16258146115613,69.61914739840371,37.48098380243903,51.85476845696636,60,23,0.38333333333333336,0.38091559755408716
S08,2023,2,S08-2023-B2,A,20.0,19.76629857003578,83.23966148230383,32.809016171750564,56.15828748896443,60,37,0.6166666666666667,0.615318422316402
S08,2023,2,S08-2023-B2,A,40.0,23.429451817525905,74.73206918551793,26.905332881206352,49.1268290797871,60,44,0.7333333333333333,0.7765095845042244
S08,2023,2,S08-2023-B2,B,0.0,21.294764323066776,70.3027741092574,29.969023372795508,71.03680407887603,60,0,0.0,0.009334124192086788
S08,2023,2,S08-2023-B2,B,2.5,20.991920242166728,74.54088562199723,27.75416148242235,55.98403535801142,60,9,0.15,0.11374212449873443
S08,2023,2,S08-2023-B2,B,5.0,21.4772378018748,66.6082768349208,31.86446061145639,67.27170537831373,60,14,0.23333333333333334,0.30137283319568753
S08,2023,2,S08-2023-B2,B,10.0,19.426851503837618,66.16260162453113,26.214814004372272,57.99433066200277,60,28,0.4666666666666667,0.5011469562567307
S08,2023,2,S08-2023-B2,B,20.0,21.860332561378797,74.54837441501208,30.120195293987322,50.26184312426851,60,38,0.6333333333333333,0.6929322116709479
S08,2023,2,S08-2023-B2,B,40.0,20.952872850320766,66.61139405139313,31.18336075599441,58.276147887296965,60,53,0.8833333333333333,0.8119432733788641
S08,2023,3,S08-2023-B3,A,0.0,21.807981584071342,73.23774555357197,26.15026439749641,51.89891707998371,60,0,0.0,0.0074218151238295395
S08,2023,3,S08-2023-B3,A,2.5,24.069910761645065,72.46280713395284,31.982221050096577,63.8263601852728,60,4,0.06666666666666667,0.08919323791249872
S08,2023,3,S08-2023-B3,A,5.0,22.997587329928294,74.83757205831944,30.29314915985467,57.07708943215449,60,13,0.21666666666666667,0.2031784258072697
S08,2023,3,S08-2023-B3,A,10.0,24.14248222897489,68.1379859844396,28.275166986021638,53.039987853063536,60,26,0.43333333333333335,0.4159918427950389
S08,2023,3,S08-2023-B3,A,20.0,19.88304033344225,71.74314108847553,40.75106625817869,56.73790941930698,60,39,0.65,0.5998978671790688
S08,2023,3,S08-2023-B3,A,40.0,20.144365016433085,64.13200094612463,23.93697919475092,50.003954395842015,60,50,0.8333333333333334,0.7654379554097511
S08,2023,3,S08-2023-B3,B,0.0,22.312549393935914,76.00604732357837,34.11727785614306,52.350275008480104,60,0,0.0,0.007006060896222915
S08,2023,3,S08-2023-B3,B,2.5,24.58623808305374,75.33267567158629,27.700060160157605,80.24310858378252,60,6,0.1,0.16670255896366953
S08,2023,3,S08-2023-B3,B,5.0,21.976645869963217,69.34586527060476,36.88806200789166,52.52724135658039,60,12,0.2,0.2505227685203922
S08,2023,3,S08-2023-B3,B,10.0,22.07055789023556,66.56721001531321,33.71343152455424,49.84643502238072,60,30,0.5,0.4799544971826083
S08,2023,3,S08-2023-B3,B,20.0,21.50866643483493,73.0730799619054,30.997921620358312,68.03892572486656,60,42,0.7,0.7427064306984077
S08,2023,3,S08-2023-B3,B,40.0,22.912009668503245,66.42147634480544,38.27468081433409,69.97235484874663,60,48,0.8,0.8358014061718838
S08,2023,4,S08-2023-B4,A,0.0,21.960697606107267,75.93649301555308,32.39596037933673,52.609700884253094,60,1,0.016666666666666666,0.007083213143852269
S08,2023,4,S08-2023-B4,A,2.5,20.571585552678016,77.1459772882602,36.1474886056901,43.59797532396633,60,3,0.05,0.05939390034471235
S08,2023,4,S08-2023-B4,A,5.0,21.180191836836375,72.4233305538841,28.802460293022,54.31402586817687,60,10,0.16666666666666666,0.19061921416702973
S08,2023,4,S08-2023-B4,A,10.0,18.815984958580586,67.39205196408278,36.22945161269256,51.236773036191906,60,18,0.3,0.3467459116561801
S08,2023,4,S08-2023-B4,A,20.0,22.61679900789639,75.91145135084486,26.44603525075274,56.49543856495345,60,42,0.7,0.656327552600183
S08,2023,4,S08-2023-B4,A,40.0,23.14421880670212,72.9299945001091,23.426098756703084,58.30444366929008,60,55,0.9166666666666666,0.804240345132823
S08,2023,4,S08-2023-B4,B,0.0,22.59417422711679,72.9915974968746,30.855352670437288,65.03549829798895,60,2,0.03333333333333333,0.008802488301196952
S08,2023,4,S08-2023-B4,B,2.5,22.35261040476309,75.69975215961132,28.27915128016337,47.881677090816375,60,4,0.06666666666666667,0.10578105060335385
S08,2023,4,S08-2023-B4,B,5.0,19.248588541177817,73.57936672484401,33.453444230770835,65.32286191427038,60,16,0.26666666666666666,0.2710630159048534
S08,2023,4,S08-2023-B4,B,10.0,18.09818936171055,73.20121842178106,33.666356891354845,54.35283301901268,60,24,0.4,0.4483288580647284
S08,2023,4,S08-2023-B4,B,20.0,23.318560477522244,69.79696165770287,23.960828925247643,55.442907102505856,60,46,0.7666666666666667,0.7287568785824888
S08,2023,4,S08-2023-B4,B,40.0,19.791048589228122,70.27653515047972,25.503410080850575,73.81791680466411,60,53,0.8833333333333333,0.845383587179906
S08,2024,1,S08-2024-B1,A,0.0,21.436221817558504,74.55671912929483,29.261808015591598,60.81313551849919,60,0,0.0,0.008208975043414108
S08,2024,1,S08-2024-B1,A,2.5,20.8127291253825,73.65578634249606,25.225491357525296,54.675454756886054,60,5,0.08333333333333333,0.0771194154223475
S08,2024,1,S08-2024-B1,A,5.0,20.888884485839753,69.46761769012342,30.031059161203956,54.83317113537239,60,9,0.15,0.18719862532624165
S08,2024,1,S08-2024-B1,A,10.0,21.04809989106604,67.6400965821064,31.177912547447754,47.970115868693796,60,26,0.43333333333333335,0.37188409408878026
S08,2024,1,S08-2024-B1,A,20.0,21.4200869213177,63.99910151200224,31.060943610811464,49.67596101244136,60,36,0.6,0.6130965494184365
S08,2024,1,S08-2024-B1,A,40.0,22.466830701508968,71.46072031028822,29.67893376857638,51.02435445661975,60,48,0.8,0.7736281415854828
S08,2024,1,S08-2024-B1,B,0.0,25.23338717765637,74.74149695974967,27.328533555904322,46.69914667999986,60,2,0.03333333333333333,0.007221598058968953
S08,2024,1,S08-2024-B1,B,2.5,23.5065019081152,71.74115303531123,29.34684093656105,73.10106487771883,60,10,0.16666666666666666,0.14815681049730453
S08,2024,1,S08-2024-B1,B,5.0,20.487951871153896,71.8740438059361,29.106233365990064,52.888635538478404,60,17,0.2833333333333333,0.2544917264903596
S08,2024,1,S08-2024-B1,B,10.0,21.508537774849405,71.07991430899492,28.896309683929005,67.25632046460235,60,31,0.5166666666666667,0.5514498439463595
S08,2024,1,S08-2024-B1,B,20.0,21.044002969577658,71.34756243589513,29.372729356138258,60.74471834927782,60,48,0.8,0.7209065285409809
S08,2024,1,S08-2024-B1,B,40.0,21.64503602576425,68.62560014819516,25.725812100662843,63.810083017407734,60,47,0.7833333333333333,0.836240065603035
S08,2024,2,S08-2024-B2,A,0.0,21.93713273834773,68.26677002611076,40.65115969696507,49.908319953115644,60,0,0.0,0.006335988417762585
S08,2024,2,S08-2024-B2,A,2.5,20.50006022788545,76.47572561871473,36.318086975450676,42.2930392451302,60,5,0.08333333333333333,0.05773689896052042
S08,2024,2,S08-2024-B2,A,5.0,21.37771223953316,68.13255772027608,27.139703446617993,53.327071393293835,60,9,0.15,0.19106684046253214
S08,2024,2,S08-2024-B2,A,10.0,21.147054433215605,61.05185848214446,31.701024822244513,57.430792730271406,60,23,0.38333333333333336,0.4052584746415328
S08,2024,2,S08-2024-B2,A,20.0,19.541167162182013,76.08710771808518,35.40810194577253,39.954367655175105,60,32,0.5333333333333333,0.5464002020963484
S08,2024,2,S08-2024-B2,A,40.0,20.907896134250368,69.1733469895115,27.80106678282779,55.42300618215518,60,44,0.7333333333333333,0.7793751724358868
S08,2024,2,S08-2024-B2,B,0.0,22.9499790606689,71.68951931551355,29.469196368874275,61.0012891697007,60,1,0.016666666666666666,0.008568592472024706
S08,2024,2,S08-2024-B2,B,2.5,20.740455880468897,68.8735460953488,35.38885854811167,72.29222831337313,60,8,0.13333333333333333,0.12996708263129345
S08,2024,2,S08-2024-B2,B,5.0,18.83110193129684,75.21665796039633,37.93110419471315,63.35460524262286,60,13,0.21666666666666667,0.25076420090924845
S08,2024,2,S08-2024-B2,B,10.0,22.861186949789705,74.34071060130391,28.647795924153346,60.037182936233556,60,34,0.5666666666666667,0.5346462376495993
S08,2024,2,S08-2024-B2,B,20.0,19.468640463337138,70.18241532251864,26.707288609646383,55.8637467782074,60,41,0.6833333333333333,0.6958625554152886
S08,2024,2,S08-2024-B2,B,40.0,22.64467006681296,66.39291856179373,26.190304132800584,57.519933188516056,60,52,0.8666666666666667,0.8263616817654345
S08,2024,3,S08-2024-B3,A,0.0,20.43085405659592,73.02188999242946,25.327320769750514,47.02412343662357,60,1,0.016666666666666666,0.006675206464145119
S08,2024,3,S08-2024-B3,A,2.5,23.34225474458801,74.31842859394825,36.091401237892974,42.08927595644394,60,2,0.03333333333333333,0.06263955332482242
S08,2024,3,S08-2024-B3,A,5.0,22.309896053795693,69.5749631505807,33.66016688109408,50.9241124685646,60,7,0.11666666666666667,0.18021072764954868
S08,2024,3,S08-2024-B3,A,10.0,20.53639805647623,71.52895699105102,29.954533324554077,43.919591968433245,60,22,0.36666666666666664,0.35567229049808596
S08,2024,3,S08-2024-B3,A,20.0,21.572520804147082,73.43609774681877,49.47541716026029,55.41156910042101,60,36,0.6,0.5908734760733885
S08,2024,3,S08-2024-B3,A,40.0,21.811543031100893,66.80401918288712,31.57515596287873,43.942339758282095,60,45,0.75,0.7474339769863764
S08,2024,3,S08-2024-B3,B,0.0,23.17908494282001,67.7047300392117,34.83579228441387,59.545008756393,60,1,0.016666666666666666,0.007985406110326429
S08,2024,3,S08-2024-B3,B,2.5,20.327920218197374,70.01655683550274,26.224883717162918,60.99888541759402,60,8,0.13333333333333333,0.11947267243977262
S08,2024,3,S08-2024-B3,B,5.0,20.751699957298214,73.7966989538489,23.72861897135822,62.46295692287012,60,15,0.25,0.2961176643158115
S08,2024,3,S08-2024-B3,B,10.0,21.14488577258392,77.61036322674565,26.209767900545852,62.43845601197298,60,22,0.36666666666666664,0.5368753858957159
S08,2024,3,S08-2024-B3,B,20.0,21.284643942675594,69.04152673334968,23.637193365930006,61.24933850615737,60,43,0.7166666666666667,0.7355794271189499
S08,2024,3,S08-2024-B3,B,40.0,21.631188628693163,75.19992196854231,23.648241167806937,55.71456156207044,60,49,0.8166666666666667,0.8219172724686256
S08,2024,4,S08-2024-B4,A,0.0,22.454447958444483,71.51682724384142,25.479907899791968,46.57044119943204,60,0,0.0,0.007110813804116328
S08,2024,4,S08-2024-B4,A,2.5,20.042805104558596,63.84844105072187,25.49498563886193,43.502895251889754,60,3,0.05,0.06370718979540034
S08,2024,4,S08-2024-B4,A,5.0,23.89642326122941,68.11773417806525,26.745656327808184,59.55547987698643,60,8,0.13333333333333333,0.21649483863561922
S08,2024,4,S08-2024-B4,A,10.0,21.03061043979979,68.3802044920138,30.83973213098982,58.91944090031565,60,29,0.48333333333333334,0.4116342665344556
S08,2024,4,S08-2024-B4,A,20.0,20.327737266475435,78.17895093536703,30.57657829476753,54.44852562727196,60,35,0.5833333333333334,0.6205087254356874
S08,2024,4,S08-2024-B4,A,40.0,23.637450634830135,68.62056700109636,44.37968508286258,39.951739196447676,60,50,0.8333333333333334,0.718820328470618
S08,2024,4,S08-2024-B4,B,0.0,22.703877444905423,69.30724494571767,28.634409566700825,58.54189633337841,60,2,0.03333333333333333,0.00828542596847976
S08,2024,4,S08-2024-B4,B,2.5,22.009235783092393,73.87818982753153,23.54533485270614,68.22635515216137,60,8,0.13333333333333333,0.14211816951705664
S08,2024,4,S08-2024-B4,B,5.0,23.318593350705953,64.58971059868576,25.349883996259575,54.495049941644055,60,15,0.25,0.2838424313355861
S08,2024,4,S08-2024-B4,B,10.0,23.295103371518568,74.28689980791847,39.77920207674809,60.96960254658561,60,29,0.48333333333333334,0.5124521424047584
S08,2024,4,S08-2024-B4,B,20.0,19.774072438016095,68.6741407669378,33.89403393362407,69.2972006247585,60,45,0.75,0.7258633153357827
S08,2024,4,S08-2024-B4,B,40.0,20.86391306573989,80.93152513105082,29.886395986442167,53.59301990516218,60,51,0.85,0.8031967566679391
S08,2025,1,S08-2025-B1,A,0.0,23.662548598113876,62.872442120172074,32.162330064955526,58.49792432353175,60,0,0.0,0.0081113591395506
S08,2025,1,S08-2025-B1,A,2.5,20.62296757541685,70.30669266634489,34.244902946417035,53.31146530178958,60,2,0.03333333333333333,0.06916848330798411
S08,2025,1,S08-2025-B1,A,5.0,21.98053076159883,69.99609664273761,27.255214173382583,60.10963772670914,60,10,0.16666666666666666,0.21066466098490863
S08,2025,1,S08-2025-B1,A,10.0,20.728866051757787,72.99726123637126,36.986937073060034,46.34614281818867,60,17,0.2833333333333333,0.35015347230655264
S08,2025,1,S08-2025-B1,A,20.0,21.70697677638591,68.79466317827965,30.572426034876344,41.904129697078375,60,38,0.6333333333333333,0.5888334616048816
S08,2025,1,S08-2025-B1,A,40.0,19.285438767937865,68.17566898103911,48.89121640980612,51.76549903557082,60,40,0.6666666666666666,0.7142458255087397
S08,2025,1,S08-2025-B1,B,0.0,19.76216738105769,75.49452624852384,27.5363980612627,66.89119543677376,60,0,0.0,0.008472529171658754
S08,2025,1,S08-2025-B1,B,2.5,22.439309945629457,75.5436375084466,29.503056173969014,59.93875053859456,60,7,0.11666666666666667,0.12257699764632839
S08,2025,1,S08-2025-B1,B,5.0,20.857974799892386,68.02733536464376,24.311719812119264,59.42988611861426,60,19,0.31666666666666665,0.2867557402000834
S08,2025,1,S08-2025-B1,B,10.0,20.04494947584957,70.44975529085424,45.90319642816767,61.3095683715094,60,21,0.35,0.4716759250657491
S08,2025,1,S08-2025-B1,B,20.0,23.13377587623854,70.57662104357055,39.34720368696142,63.17113776596347,60,47,0.7833333333333333,0.7204352550929352
S08,2025,1,S08-2025-B1,B,40.0,22.546776456725226,69.71003374861733,33.95562166790705,43.81935174586953,60,47,0.7833333333333333,0.7813233975392048
S08,2025,2,S08-2025-B2,A,0.0,20.421087418261408,71.88737200315114,30.28972345931264,52.1022682255412,60,0,0.0,0.006830913617293232
S08,2025,2,S08-2025-B2,A,2.5,24.912909243699158,69.4100904297236,25.244410063238973,52.33210691318147,60,8,0.13333333333333333,0.08102774667756907
S08,2025,2,S08-2025-B2,A,5.0,22.981584775301503,66.95068433942471,33.91753451619137,51.00468973367574,60,8,0.13333333333333333,0.18258887887250275
S08,2025,2,S08-2025-B2,A,10.0,21.87273162881432,65.84131846096795,36.963374999440006,53.63767082797753,60,19,0.31666666666666665,0.38545866178468513
S08,2025,2,S08-2025-B2,A,20.0,18.119850667422437,77.2844934616643,26.302707592312913,51.518850035644334,60,37,0.6166666666666667,0.5899118024245001
S08,2025,2,S08-2025-B2,A,40.0,21.898352652055376,67.37213970483612,33.03138818757919,47.77993325027277,60,44,0.7333333333333333,0.7558555170309461
S08,2025,2,S08-2025-B2,B,0.0,20.57646332110016,71.49179091572032,26.89545294417848,59.93298727557017,60,1,0.016666666666666666,0.00799394216422536
S08,2025,2,S08-2025-B2,B,2.5,22.203934370253524,68.29754600092095,25.26819578329269,60.08659434542111,60,13,0.21666666666666667,0.12675192977660674
S08,2025,2,S08-2025-B2,B,5.0,21.89464952693911,61.15266835594432,33.445377331511644,55.98102743502557,60,14,0.23333333333333334,0.2656713293685124
S08,2025,2,S08-2025-B2,B,10.0,21.112340453478684,70.2357449299385,24.274093507838955,56.22757762626788,60,30,0.5,0.518450765553311
S08,2025,2,S08-2025-B2,B,20.0,24.886122502369084,73.45258696699777,30.62352869566936,77.02163461809104,60,39,0.65,0.7788478805991228
S08,2025,2,S08-2025-B2,B,40.0,20.523706024070076,65.62753518086913,26.28473088242852,57.607704507962616,60,46,0.7666666666666667,0.8156027326674107
S08,2025,3,S08-2025-B3,A,0.0,20.770645836509424,73.22624949252238,40.24006950775514,45.62708264213617,60,0,0.0,0.005705069413176439
S08,2025,3,S08-2025-B3,A,2.5,22.557709553279214,67.05142865931849,29.434298702600152,53.74089362508445,60,2,0.03333333333333333,0.07734229488736631
S08,2025,3,S08-2025-B3,A,5.0,21.422586655576485,74.66156470250183,31.196962110687785,46.49203468487431,60,11,0.18333333333333332,0.17036980613410582
S08,2025,3,S08-2025-B3,A,10.0,25.29623447328766,75.27750066214887,23.89728688093465,57.227694322617765,60,27,0.45,0.44189600438202825
S08,2025,3,S08-2025-B3,A,20.0,22.412479951390527,76.22636737837678,31.184465444699434,56.669777673899986,60,36,0.6,0.6445695400185628
S08,2025,3,S08-2025-B3,A,40.0,20.08326880512343,68.50848448239668,27.755360023591248,62.75003046245015,60,44,0.7333333333333333,0.7916057307542879
S08,2025,3,S08-2025-B3,B,0.0,23.580227082368474,79.55165806618528,29.41830319476587,64.00136812100465,60,1,0.016666666666666666,0.009035760364725648
S08,2025,3,S08-2025-B3,B,2.5,22.003227899489733,74.96775203759547,26.341050619263314,62.170263054679815,60,12,0.2,0.12838943435676214
S08,2025,3,S08-2025-B3,B,5.0,21.030566282226026,72.07736975583109,33.354729701969006,58.674245591328194,60,15,0.25,0.26777161518062725
S08,2025,3,S08-2025-B3,B,10.0,21.893535773298407,73.42994055040535,24.62624817811094,56.560856302043554,60,32,0.5333333333333333,0.5256357776134207
S08,2025,3,S08-2025-B3,B,20.0,22.57227547852958,74.62668829568948,52.864518330422854,55.13141714651154,60,41,0.6833333333333333,0.6634702398404131
S08,2025,3,S08-2025-B3,B,40.0,20.846659162008283,68.28604933520563,35.24651466088391,55.29694188587697,60,46,0.7666666666666667,0.7984267610199197
S08,2025,4,S08-2025-B4,A,0.0,23.018663346616034,66.65873191346367,31.261431979452787,55.14826080464247,60,0,0.0,0.007704120850964484
S08,2025,4,S08-2025-B4,A,2.5,20.326856719036254,62.6413464286633,25.493071901985303,55.818474291053185,60,5,0.08333333333333333,0.07671725948534146
S08,2025,4,S08-2025-B4,A,5.0,20.20727250565786,69.70279141085993,26.106902198593875,46.40152288473837,60,12,0.2,0.17018347841728296
S08,2025,4,S08-2025-B4,A,10.0,23.094782627113208,72.6450511606924,26.230919368777666,53.049989183759415,60,26,0.43333333333333335,0.41649388771510715
S08,2025,4,S08-2025-B4,A,20.0,22.56135256913782,76.7491978409208,39.3171464584711,50.0247154683844,60,34,0.5666666666666667,0.6030025687175057
S08,2025,4,S08-2025-B4,A,40.0,19.73647441122162,73.00359998234448,30.694735813904828,46.80562389334368,60,44,0.7333333333333333,0.7404712855037135
S08,2025,4,S08-2025-B4,B,0.0,23.799790592955464,62.74978479211821,44.891992475862395,56.69961314483571,60,0,0.0,0.0069718712825094
S08,2025,4,S08-2025-B4,B,2.5,22.487258599362264,69.44702493422957,28.435588684314478,48.35851069113317,60,6,0.1,0.10620906589815735
S08,2025,4,S08-2025-B4,B,5.0,21.54812414152444,72.9359653828903,25.58087328776861,67.15699711599694,60,17,0.2833333333333333,0.313937801760051
S08,2025,4,S08-2025-B4,B,10.0,24.625807240424482,75.27293808213211,31.847918598328622,69.7730408568854,60,33,0.55,0.5686020124697335
S08,2025,4,S08-2025-B4,B,20.0,22.218079830075713,73.98819768992252,30.612637397422844,55.73444275214768,60,44,0.7333333333333333,0.711182779998267
S08,2025,4,S08-2025-B4,B,40.0,20.230301466909914,70.64017945405976,28.419267031049163,49.87946469819869,60,49,0.8166666666666667,0.7918316793972047
