rollout,policy,followup_cost_units,n_efficacy_followups,n_safety_followups,n_advanced,downstream_cost_units,posterior_expected_portfolio_value,realised_portfolio_value,oracle_portfolio_value,oracle_regret,advanced_technical_success_rate,oracle_n_advanced
0,no_followup,0,0,0,5,126,118.97618743826061,215.2533310567438,307.16237788393005,91.90904682718624,0.8,5
0,uniform,24,4,4,5,126,118.97618743826061,215.2533310567438,307.16237788393005,91.90904682718624,0.8,5
0,uncertainty,24,1,10,4,121,165.6897416482003,243.7437909223912,307.16237788393005,63.418586961538836,1.0,5
0,portfolio_voi,24,2,8,5,129,185.92958869674885,210.53354214826138,307.16237788393005,96.62883573566867,0.8,5
1,no_followup,0,0,0,6,122,189.75779139723997,38.54345305675946,284.1407087826858,245.59725572592635,0.3333333333333333,6
1,uniform,24,4,4,6,122,189.75779139723997,38.54345305675946,284.1407087826858,245.59725572592635,0.3333333333333333,6
1,uncertainty,24,0,12,6,125,212.94444154214938,83.78929436383481,284.1407087826858,200.351414418851,0.5,6
1,portfolio_voi,24,1,10,6,124,197.94663505101667,137.0686338046175,284.1407087826858,147.07207497806831,0.6666666666666666,6
2,no_followup,0,0,0,6,127,148.0026405210224,135.20101642396793,367.89914236742266,232.69812594345473,0.5,5
2,uniform,24,4,4,6,129,183.72471845645532,154.93192419098517,367.89914236742266,212.96721817643748,0.5,5
2,uncertainty,24,1,10,5,113,199.75251845571358,234.2337384327712,367.89914236742266,133.66540393465147,0.8,5
2,portfolio_voi,24,3,6,5,115,231.6275421655975,331.67032519446025,367.89914236742266,36.22881717296241,1.0,5
3,no_followup,0,0,0,5,126,157.08912369618685,326.49493300491065,382.8363602868889,56.34142728197827,1.0,5
3,uniform,24,4,4,5,125,158.2812925921413,310.53151578697396,382.8363602868889,72.30484449991496,1.0,5
3,uncertainty,24,1,10,5,126,241.97866151233552,326.49493300491065,382.8363602868889,56.34142728197827,1.0,5
3,portfolio_voi,24,1,10,5,126,284.85331062973194,326.49493300491065,382.8363602868889,56.34142728197827,1.0,5
4,no_followup,0,0,0,6,119,222.23751474529826,365.0269186948684,487.5806886455913,122.55376995072288,0.8333333333333334,6
4,uniform,24,4,4,6,124,274.91964582532535,464.81709705100775,487.5806886455913,22.763591594583545,1.0,6
4,uncertainty,24,1,10,6,128,301.1881320370737,461.1444571106023,487.5806886455913,26.43623153498902,1.0,6
4,portfolio_voi,24,3,6,6,124,429.42836890304943,483.96111173267786,487.5806886455913,3.6195769129134305,1.0,6
5,no_followup,0,0,0,6,130,181.31034316823428,217.10569773904595,369.186497786681,152.08080004763505,0.6666666666666666,5
5,uniform,24,4,4,6,130,182.49575712168973,217.10569773904595,369.186497786681,152.08080004763505,0.6666666666666666,5
5,uncertainty,24,1,10,6,127,191.3698427980633,168.29838911767987,369.186497786681,200.88810866900113,0.5,5
5,portfolio_voi,24,0,12,6,130,184.9488675344068,255.61607638194494,369.186497786681,113.57042140473607,0.6666666666666666,5
6,no_followup,0,0,0,5,128,184.02922149377042,312.54316944323983,331.748881911543,19.205712468303147,1.0,5
6,uniform,24,4,4,6,130,195.2719110719887,275.45745550022804,331.748881911543,56.291426411314944,0.8333333333333334,5
6,uncertainty,24,0,12,6,128,229.94111067518142,207.98822224812614,331.748881911543,123.76065966341685,0.6666666666666666,5
6,portfolio_voi,24,1,10,6,129,226.51999391428208,206.98822224812614,331.748881911543,124.76065966341685,0.6666666666666666,5
7,no_followup,0,0,0,6,112,178.9872508284978,-31.719470602315425,285.75562208227416,317.4750926845896,0.16666666666666666,5
7,uniform,24,4,4,6,114,178.30183977187477,-33.719470602315425,285.75562208227416,319.4750926845896,0.16666666666666666,5
7,uncertainty,24,1,10,6,130,224.64681532050267,32.38467258959464,285.75562208227416,253.37094949267953,0.3333333333333333,5
7,portfolio_voi,24,3,6,6,114,254.89043072280577,-33.719470602315425,285.75562208227416,319.4750926845896,0.16666666666666666,5
8,no_followup,0,0,0,6,117,271.7886372381395,256.1408537382125,462.2348527938749,206.09399905566238,0.6666666666666666,6
8,uniform,24,4,4,6,117,271.7886372381395,256.1408537382125,462.2348527938749,206.09399905566238,0.6666666666666666,6
8,uncertainty,24,0,12,6,116,337.3024870225273,327.78593501470186,462.2348527938749,134.44891777917303,0.8333333333333334,6
8,portfolio_voi,24,1,10,6,119,340.81561182161045,409.90331703643835,462.2348527938749,52.33153575743654,1.0,6
9,no_followup,0,0,0,6,128,186.56422057472128,83.31099294446612,421.4217358328191,338.11074288835295,0.5,6
9,uniform,24,4,4,6,128,187.22194916033186,83.31099294446612,421.4217358328191,338.11074288835295,0.5,6
9,uncertainty,24,0,12,5,120,222.10703147462763,130.41295101393814,421.4217358328191,291.00878481888094,0.6,6
9,portfolio_voi,24,2,8,5,120,280.03934264916245,130.41295101393814,421.4217358328191,291.00878481888094,0.6,6
10,no_followup,0,0,0,6,130,290.6505147145939,343.7580463847793,479.0554001288958,135.29735374411655,0.8333333333333334,6
10,uniform,24,4,4,6,130,318.8295405342151,343.7580463847793,479.0554001288958,135.29735374411655,0.8333333333333334,6
10,uncertainty,24,3,6,6,124,345.59591730825935,445.36034459789107,479.0554001288958,33.695055531004755,1.0,6
10,portfolio_voi,24,3,6,6,121,368.7966573433147,449.6624562684333,479.0554001288958,29.392943860462537,1.0,6
11,no_followup,0,0,0,5,116,212.3388660665329,91.05368899637196,372.2731246892987,281.2194356929267,0.4,6
11,uniform,24,4,4,5,122,217.7138112233436,166.930172550549,372.2731246892987,205.3429521387497,0.6,6
11,uncertainty,24,0,12,6,127,290.7768674958767,308.99792841390035,372.2731246892987,63.27519627539834,0.8333333333333334,6
11,portfolio_voi,24,0,12,6,127,270.0359836502952,308.99792841390035,372.2731246892987,63.27519627539834,0.8333333333333334,6
12,no_followup,0,0,0,6,127,282.0951342714739,415.0924158159462,463.7729324847269,48.68051666878068,1.0,6
12,uniform,24,4,4,6,128,333.8883348004317,423.5397308619704,463.7729324847269,40.233201622756496,1.0,6
12,uncertainty,24,1,10,6,127,355.30602874106796,424.9767075856108,463.7729324847269,38.796224899116055,1.0,6
12,portfolio_voi,24,3,6,6,120,379.34672317330853,430.02109484543746,463.7729324847269,33.75183763928942,1.0,6
13,no_followup,0,0,0,5,123,163.14342259919525,194.9854537407333,304.0521407619357,109.06668702120237,0.8,5
13,uniform,24,4,4,5,129,210.22087542056997,143.54116416186883,304.0521407619357,160.51097660006684,0.6,5
13,uncertainty,24,1,10,5,129,274.80024727744296,143.54116416186883,304.0521407619357,160.51097660006684,0.6,5
13,portfolio_voi,24,3,6,5,128,277.0021696425447,219.07493543227915,304.0521407619357,84.97720532965653,0.8,5
14,no_followup,0,0,0,6,121,280.31296580719686,334.0982614447858,459.72081254307443,125.62255109828862,0.8333333333333334,6
14,uniform,24,4,4,6,121,294.0823926996483,334.0982614447858,459.72081254307443,125.62255109828862,0.8333333333333334,6
14,uncertainty,24,1,10,6,122,304.52275603197467,308.1782377592994,459.72081254307443,151.54257478377502,0.8333333333333334,6
14,portfolio_voi,24,2,8,6,112,398.9687050292903,434.7745378966443,459.72081254307443,24.94627464643014,1.0,6
15,no_followup,0,0,0,6,124,244.58432794663548,327.50884046145853,438.39207679725143,110.8832363357929,0.8333333333333334,6
15,uniform,24,4,4,6,124,247.9205318713254,327.50884046145853,438.39207679725143,110.8832363357929,0.8333333333333334,6
15,uncertainty,24,1,10,6,127,271.66785601027556,324.50884046145853,438.39207679725143,113.8832363357929,0.8333333333333334,6
15,portfolio_voi,24,2,8,6,127,271.66785601027556,324.50884046145853,438.39207679725143,113.8832363357929,0.8333333333333334,6
16,no_followup,0,0,0,6,119,147.56228284635182,82.23444387910153,345.7084347553787,263.4739908762771,0.5,6
16,uniform,24,4,4,6,119,156.2486886648039,82.23444387910153,345.7084347553787,263.4739908762771,0.5,6
16,uncertainty,24,0,12,6,123,207.08834923814626,264.5793494167525,345.7084347553787,81.12908533862617,0.8333333333333334,6
16,portfolio_voi,24,1,10,6,126,201.08912533093954,246.9192882472982,345.7084347553787,98.78914650808048,0.8333333333333334,6
17,no_followup,0,0,0,6,121,248.3494151046068,58.385909013482404,374.4765739629353,316.09066494945284,0.3333333333333333,6
17,uniform,24,4,4,6,121,248.3494151046068,58.385909013482404,374.4765739629353,316.09066494945284,0.3333333333333333,6
17,uncertainty,24,0,12,6,116,310.6364770785928,156.48452914862972,374.4765739629353,217.99204481430556,0.5,6
17,portfolio_voi,24,1,10,6,119,309.6606854276774,236.6355693065317,374.4765739629353,137.84100465640358,0.6666666666666666,6
18,no_followup,0,0,0,6,120,227.9970900963716,404.37738924615934,456.91107525468374,52.5336860085244,1.0,6
18,uniform,24,4,4,6,120,231.57125482243464,404.37738924615934,456.91107525468374,52.5336860085244,1.0,6
18,uncertainty,24,0,12,6,129,311.3819149879188,325.6482088506441,456.91107525468374,131.26286640403964,0.8333333333333334,6
18,portfolio_voi,24,1,10,6,122,325.3167648685504,342.4896797839369,456.91107525468374,114.42139547074686,0.8333333333333334,6
19,no_followup,0,0,0,6,126,236.98191183522133,326.6041579304723,381.45642951522507,54.85227158475277,0.8333333333333334,6
19,uniform,24,4,4,6,126,256.94277807115714,326.6041579304723,381.45642951522507,54.85227158475277,0.8333333333333334,6
19,uncertainty,24,0,12,6,125,290.58753395141673,316.475847628421,381.45642951522507,64.98058188680409,0.8333333333333334,6
19,portfolio_voi,24,0,12,6,129,283.4681411941828,358.5788639605711,381.45642951522507,22.877565554653984,1.0,6
20,no_followup,0,0,0,6,125,187.23741672279507,147.5133839276777,342.66579566498956,195.15241173731187,0.5,5
20,uniform,24,4,4,6,125,205.82394565499888,147.5133839276777,342.66579566498956,195.15241173731187,0.5,5
20,uncertainty,24,1,10,6,126,306.6239594675061,148.9538786224984,342.66579566498956,193.71191704249117,0.5,5
20,portfolio_voi,24,3,6,6,126,298.27348750090425,234.07973205666192,342.66579566498956,108.58606360832763,0.6666666666666666,5
21,no_followup,0,0,0,6,125,234.29985073482564,335.8477335205104,425.7750381126038,89.92730459209338,0.8333333333333334,6
21,uniform,24,4,4,6,125,234.29985073482564,335.8477335205104,425.7750381126038,89.92730459209338,0.8333333333333334,6
21,uncertainty,24,0,12,6,119,274.39254218120874,295.67965970425246,425.7750381126038,130.09537840835134,0.8333333333333334,6
21,portfolio_voi,24,1,10,6,121,274.5677028831902,237.44859022811045,425.7750381126038,188.32644788449335,0.8333333333333334,6
22,no_followup,0,0,0,6,130,247.6448065024145,286.28315344635377,383.47255901393515,97.18940556758139,0.6666666666666666,5
22,uniform,24,4,4,6,130,292.83085962347127,286.28315344635377,383.47255901393515,97.18940556758139,0.6666666666666666,5
22,uncertainty,24,0,12,6,130,262.3138089696695,300.97249462764375,383.47255901393515,82.5000643862914,0.8333333333333334,5
22,portfolio_voi,24,2,8,5,113,346.06560212160906,303.28315344635377,383.47255901393515,80.18940556758139,0.8,5
23,no_followup,0,0,0,6,125,236.42931664484547,327.8641722176252,410.50438882464863,82.64021660702343,0.8333333333333334,6
23,uniform,24,4,4,6,125,236.42931664484547,327.8641722176252,410.50438882464863,82.64021660702343,0.8333333333333334,6
23,uncertainty,24,0,12,6,123,264.42721570601327,234.37864543635476,410.50438882464863,176.12574338829387,0.6666666666666666,6
23,portfolio_voi,24,1,10,6,123,305.8958010950542,234.37864543635476,410.50438882464863,176.12574338829387,0.6666666666666666,6
24,no_followup,0,0,0,6,127,204.74126293968484,223.36260549797515,410.06697618463227,186.70437068665711,0.6666666666666666,6
24,uniform,24,4,4,6,127,256.23100078432077,223.36260549797515,410.06697618463227,186.70437068665711,0.6666666666666666,6
24,uncertainty,24,1,10,6,122,285.4702798754828,315.3956896756621,410.06697618463227,94.67128650897018,0.8333333333333334,6
24,portfolio_voi,24,3,6,6,126,305.51645681931734,317.1175686228433,410.06697618463227,92.94940756178897,0.8333333333333334,6
25,no_followup,0,0,0,6,126,169.07736978972343,311.546133627714,466.4987526885141,154.9526190608001,0.8333333333333334,6
25,uniform,24,4,4,6,126,145.3947151205458,369.82888943290897,466.4987526885141,96.66986325560515,1.0,6
25,uncertainty,24,3,6,6,126,151.97675211690523,236.12646393026182,466.4987526885141,230.3722887582523,0.6666666666666666,6
25,portfolio_voi,24,2,8,6,129,202.1780492091786,329.6700575096837,466.4987526885141,136.8286951788304,0.8333333333333334,6
26,no_followup,0,0,0,6,130,214.82772949918058,255.41409379250115,359.67947731555057,104.26538352304942,0.8333333333333334,6
26,uniform,24,4,4,6,128,211.65681581882149,252.4253611989204,359.67947731555057,107.25411611663017,0.8333333333333334,6
26,uncertainty,24,1,10,6,123,229.37074431731833,262.11357608379524,359.67947731555057,97.56590123175533,0.8333333333333334,6
26,portfolio_voi,24,1,10,6,117,241.4254587882134,322.26641041189305,359.67947731555057,37.41306690365752,1.0,6
27,no_followup,0,0,0,6,121,156.888944970406,117.64833482460567,349.39262128043214,231.74428645582645,0.5,5
27,uniform,24,4,4,6,127,175.5635011426919,209.146134991236,349.39262128043214,140.24648628919613,0.6666666666666666,5
27,uncertainty,24,1,10,6,123,199.30932975701174,119.2503181915757,349.39262128043214,230.14230308885644,0.5,5
27,portfolio_voi,24,2,8,5,121,205.58515687741553,162.96023118696235,349.39262128043214,186.4323900934698,0.6,5
28,no_followup,0,0,0,5,119,124.08189412361814,42.54560233273069,280.50803935595405,237.96243702322337,0.4,5
28,uniform,24,4,4,5,125,140.43473706001183,36.54560233273069,280.50803935595405,243.96243702322337,0.4,5
28,uncertainty,24,0,12,5,125,128.29272814966777,36.54560233273069,280.50803935595405,243.96243702322337,0.4,5
28,portfolio_voi,24,2,8,5,120,145.82764755475577,41.54560233273069,280.50803935595405,238.96243702322337,0.4,5
29,no_followup,0,0,0,6,129,319.4231065689803,178.45193089170263,455.59047686214234,277.13854597043974,0.5,6
29,uniform,24,4,4,5,126,338.70600613459544,185.81164770275234,455.59047686214234,269.77882915939,0.6,6
29,uncertainty,24,0,12,5,125,335.2339678950507,180.0747189391042,455.59047686214234,275.5157579230381,0.6,6
29,portfolio_voi,24,3,6,6,130,364.8756436512922,265.14209025127775,455.59047686214234,190.4483866108646,0.6666666666666666,6
30,no_followup,0,0,0,6,129,202.4099812052459,304.59222744827827,372.67717774350126,68.084950295223,0.8333333333333334,6
30,uniform,24,4,4,6,129,281.54568041135474,304.59222744827827,372.67717774350126,68.084950295223,0.8333333333333334,6
30,uncertainty,24,2,8,6,124,322.2040700183479,293.0215443365237,372.67717774350126,79.65563340697759,0.8333333333333334,6
30,portfolio_voi,24,4,4,6,130,336.19811411755836,304.84544369119106,372.67717774350126,67.8317340523102,0.8333333333333334,6
31,no_followup,0,0,0,6,116,151.05021087504156,182.51338111740398,338.17683105066266,155.66344993325868,0.6666666666666666,6
31,uniform,24,4,4,6,109,153.16236199098844,120.97303593211768,338.17683105066266,217.20379511854497,0.5,6
31,uncertainty,24,0,12,5,120,159.0858129205498,185.5163563695473,338.17683105066266,152.66047468111535,0.8,6
31,portfolio_voi,24,1,10,5,122,182.62611315059576,124.88122889481174,338.17683105066266,213.29560215585093,0.6,6
32,no_followup,0,0,0,5,122,224.09467378724767,234.4642200403402,420.87987156930865,186.41565152896845,0.8,6
32,uniform,24,4,4,5,118,235.01643345758154,317.87541313617726,420.87987156930865,103.00445843313139,1.0,6
32,uncertainty,24,0,12,5,122,262.21806897552773,234.4642200403402,420.87987156930865,186.41565152896845,0.8,6
32,portfolio_voi,24,2,8,6,130,301.6330919320531,298.8916326700846,420.87987156930865,121.98823889922403,0.8333333333333334,6
33,no_followup,0,0,0,6,127,135.15795137236333,218.05529566606702,379.6373647569512,161.58206909088415,0.6666666666666666,6
33,uniform,24,4,4,6,125,139.31608871106687,154.91773879210314,379.6373647569512,224.71962596484803,0.5,6
33,uncertainty,24,0,12,6,130,232.25134326023345,179.19734647231556,379.6373647569512,200.4400182846356,0.5,6
33,portfolio_voi,24,1,10,6,127,219.74823414572714,238.70031798192963,379.6373647569512,140.93704677502154,0.6666666666666666,6
34,no_followup,0,0,0,6,126,194.7207077880975,103.4811928297195,387.2803527975948,283.7991599678753,0.5,6
34,uniform,24,4,4,6,129,238.78880077815865,136.11156870330797,387.2803527975948,251.16878409428682,0.5,6
34,uncertainty,24,0,12,6,127,229.54066993927842,107.96376333687186,387.2803527975948,279.3165894607229,0.5,6
34,portfolio_voi,24,1,10,6,125,281.549223994668,135.46184769258014,387.2803527975948,251.81850510501465,0.5,6
35,no_followup,0,0,0,5,125,131.0330475515055,42.55381135269019,343.92160637629473,301.3677950236046,0.4,5
35,uniform,24,4,4,5,127,144.79606196765508,83.14090689307541,343.92160637629473,260.78069948321934,0.4,5
35,uncertainty,24,0,12,5,126,166.71661218024394,87.60802432734114,343.92160637629473,256.3135820489536,0.6,5
35,portfolio_voi,24,2,8,5,130,174.40967823710776,163.7533579232438,343.92160637629473,180.16824845305092,0.6,5
36,no_followup,0,0,0,6,118,210.0833037433028,200.37280731358146,394.3001185814927,193.92731126791125,0.6666666666666666,6
36,uniform,24,4,4,6,118,206.3984903598281,200.37280731358146,394.3001185814927,193.92731126791125,0.6666666666666666,6
36,uncertainty,24,0,12,6,129,229.67724303303953,189.24308948433543,394.3001185814927,205.05702909715728,0.6666666666666666,6
36,portfolio_voi,24,3,6,6,124,240.15774026837548,290.65607387464115,394.3001185814927,103.64404470685156,0.8333333333333334,6
37,no_followup,0,0,0,6,123,133.83050491951548,210.05935692866254,334.87359624654107,124.81423931787853,0.8333333333333334,6
37,uniform,24,4,4,6,125,156.36162071978504,160.5335490369092,334.87359624654107,174.34004720963188,0.6666666666666666,6
37,uncertainty,24,0,12,6,130,179.7546295691369,70.49931193316101,334.87359624654107,264.37428431338003,0.5,6
37,portfolio_voi,24,1,10,6,121,214.77256304550238,139.8970330430522,334.87359624654107,194.97656320348887,0.6666666666666666,6
38,no_followup,0,0,0,5,124,145.43976734986873,39.72188927624835,243.52783226449668,203.80594298824832,0.4,5
38,uniform,24,4,4,5,124,151.10190980966354,39.72188927624835,243.52783226449668,203.80594298824832,0.4,5
38,uncertainty,24,1,10,5,125,162.5690096233811,38.72188927624835,243.52783226449668,204.80594298824832,0.4,5
38,portfolio_voi,24,2,8,5,125,186.33984277880492,38.72188927624835,243.52783226449668,204.80594298824832,0.4,5
39,no_followup,0,0,0,5,127,174.87307469925892,285.1124465761253,355.4536358856268,70.34118930950149,1.0,6
39,uniform,24,4,4,5,127,179.0294499236288,285.1124465761253,355.4536358856268,70.34118930950149,1.0,6
39,uncertainty,24,1,10,5,125,230.28601116358863,290.2517590029218,355.4536358856268,65.201876882705,1.0,6
39,portfolio_voi,24,3,6,5,114,276.32031576148086,298.4329149836789,355.4536358856268,57.02072090194787,1.0,6
40,no_followup,0,0,0,5,121,259.68151028322677,233.97462947285416,391.70187271532467,157.7272432424705,0.8,6
40,uniform,24,4,4,5,121,261.80003001659554,233.97462947285416,391.70187271532467,157.7272432424705,0.8,6
40,uncertainty,24,1,10,6,123,297.68996427520517,309.39008066625206,391.70187271532467,82.31179204907261,0.8333333333333334,6
40,portfolio_voi,24,3,6,6,122,266.04814977360303,361.1252969267464,391.70187271532467,30.576575788578282,1.0,6
41,no_followup,0,0,0,6,127,246.16302268986908,307.68682765524613,373.1448391024786,65.45801144723248,0.8333333333333334,6
41,uniform,24,4,4,6,127,271.9443166942825,310.0741012936943,373.1448391024786,63.070737808784315,0.8333333333333334,6
41,uncertainty,24,0,12,6,127,285.87797465355595,310.0741012936943,373.1448391024786,63.070737808784315,0.8333333333333334,6
41,portfolio_voi,24,2,8,6,128,258.7058843430956,222.2523970783254,373.1448391024786,150.8924420241532,0.6666666666666666,6
42,no_followup,0,0,0,5,118,141.93666119123512,132.16312288970602,342.2637036838191,210.10058079411306,0.6,5
42,uniform,24,4,4,6,129,212.34342732384098,118.45643548228708,342.2637036838191,223.807268201532,0.5,5
42,uncertainty,24,1,10,6,127,271.4178828232159,137.57807312363678,342.2637036838191,204.6856305601823,0.5,5
42,portfolio_voi,24,2,8,5,125,242.09284507610172,268.7336887661906,342.2637036838191,73.53001491762848,0.8,5
43,no_followup,0,0,0,5,128,243.08249999976132,310.1275988322784,433.886105204043,123.75850637176461,1.0,6
43,uniform,24,4,4,5,128,246.75888725193525,310.1275988322784,433.886105204043,123.75850637176461,1.0,6
43,uncertainty,24,1,10,6,127,295.70051903424644,391.1566329164896,433.886105204043,42.72947228755339,1.0,6
43,portfolio_voi,24,2,8,6,127,324.63041633537557,390.13959011941046,433.886105204043,43.74651508463256,1.0,6
44,no_followup,0,0,0,6,113,133.48402611600406,269.3666843981507,324.49480434015237,55.12811994200166,0.8333333333333334,5
44,uniform,24,4,4,6,106,103.80095092263599,174.45355529110861,324.49480434015237,150.04124904904376,0.6666666666666666,5
44,uncertainty,24,2,8,6,115,184.26081464083228,267.3666843981507,324.49480434015237,57.12811994200166,0.8333333333333334,5
44,portfolio_voi,24,4,4,6,116,186.63838323162486,266.3666843981507,324.49480434015237,58.12811994200166,0.8333333333333334,5
45,no_followup,0,0,0,6,122,301.8860659740674,245.94543694239616,417.5901223340357,171.64468539163954,0.6666666666666666,6
45,uniform,24,4,4,6,122,308.22708373370426,245.94543694239616,417.5901223340357,171.64468539163954,0.6666666666666666,6
45,uncertainty,24,0,12,6,130,331.52410035537923,314.22329541148804,417.5901223340357,103.36682692254766,0.8333333333333334,6
45,portfolio_voi,24,2,8,6,127,315.108576926593,366.40962314660277,417.5901223340357,51.18049918743293,1.0,6
46,no_followup,0,0,0,6,126,145.17255496347948,99.92122874352847,376.99718575168356,277.0759570081551,0.5,5
46,uniform,24,4,4,6,126,149.79297075109523,99.92122874352847,376.99718575168356,277.0759570081551,0.5,5
46,uncertainty,24,0,12,6,120,183.63754816591648,105.92122874352847,376.99718575168356,271.0759570081551,0.5,5
46,portfolio_voi,24,1,10,6,118,273.48201110324555,58.244806735094826,376.99718575168356,318.75237901658875,0.3333333333333333,5
47,no_followup,0,0,0,6,124,289.9772367314816,261.36027987789856,441.23631812929614,179.87603825139757,0.6666666666666666,6
47,uniform,24,4,4,6,124,287.7281299820815,261.36027987789856,441.23631812929614,179.87603825139757,0.6666666666666666,6
47,uncertainty,24,1,10,6,124,314.8267089140775,261.36027987789856,441.23631812929614,179.87603825139757,0.6666666666666666,6
47,portfolio_voi,24,1,10,6,124,396.10640127227396,261.36027987789856,441.23631812929614,179.87603825139757,0.6666666666666666,6
48,no_followup,0,0,0,6,130,156.91041495483674,89.69562257547716,362.21751018756396,272.5218876120868,0.5,6
48,uniform,24,4,4,6,130,174.95390853829807,89.69562257547716,362.21751018756396,272.5218876120868,0.5,6
48,uncertainty,24,0,12,6,129,248.36759964401398,338.8747075184108,362.21751018756396,23.342802669153173,1.0,6
48,portfolio_voi,24,0,12,6,119,273.8197917268579,285.73335175593695,362.21751018756396,76.48415843162701,0.8333333333333334,6
49,no_followup,0,0,0,6,130,196.12473063640263,232.5993289448246,411.20701184787663,178.60768290305202,0.6666666666666666,6
49,uniform,24,4,4,6,130,232.86245062247795,319.3001833930289,411.20701184787663,91.90682845484775,0.8333333333333334,6
49,uncertainty,24,1,10,6,130,254.5360890004067,319.3001833930289,411.20701184787663,91.90682845484775,0.8333333333333334,6
49,portfolio_voi,24,3,6,6,130,273.3674905716698,319.3001833930289,411.20701184787663,91.90682845484775,0.8333333333333334,6
50,no_followup,0,0,0,6,126,203.36658581874735,233.03560437171114,319.66805062797766,86.63244625626652,0.6666666666666666,5
50,uniform,24,4,4,6,126,206.3261209525831,233.03560437171114,319.66805062797766,86.63244625626652,0.6666666666666666,5
50,uncertainty,24,0,12,5,110,264.35450449730433,249.03560437171114,319.66805062797766,70.63244625626652,0.8,5
50,portfolio_voi,24,2,8,5,110,276.6373089420183,249.03560437171114,319.66805062797766,70.63244625626652,0.8,5
51,no_followup,0,0,0,6,125,200.6314515723917,249.28862864253688,417.22603510507776,167.93740646254088,0.6666666666666666,6
51,uniform,24,4,4,6,130,216.3707725409475,318.80709940226257,417.22603510507776,98.41893570281519,0.8333333333333334,6
51,uncertainty,24,1,10,6,125,233.7456340171227,249.28862864253688,417.22603510507776,167.93740646254088,0.6666666666666666,6
51,portfolio_voi,24,3,6,6,125,208.1920109844853,249.28862864253688,417.22603510507776,167.93740646254088,0.6666666666666666,6
52,no_followup,0,0,0,6,129,164.89748608090363,172.47492422367282,374.17986272358934,201.70493849991652,0.5,5
52,uniform,24,4,4,5,120,163.0605680562573,95.37397401815315,374.17986272358934,278.8058887054362,0.4,5
52,uncertainty,24,1,10,5,129,247.16358030667766,324.71802789000725,374.17986272358934,49.46183483358209,1.0,5
52,portfolio_voi,24,4,4,5,122,278.6303569304856,268.95983743021344,374.17986272358934,105.2200252933759,0.8,5
53,no_followup,0,0,0,5,127,176.5216326071157,65.2599826192162,372.2824396223035,307.0224570030873,0.4,6
53,uniform,24,4,4,5,127,177.2562402653466,65.2599826192162,372.2824396223035,307.0224570030873,0.4,6
53,uncertainty,24,0,12,5,121,176.40791165075868,266.5524660549469,372.2824396223035,105.72997356735664,0.8,6
53,portfolio_voi,24,1,10,5,121,210.53879999205213,266.5524660549469,372.2824396223035,105.72997356735664,0.8,6
54,no_followup,0,0,0,6,114,185.6640510129552,51.96809220598537,347.80766598722244,295.83957378123705,0.3333333333333333,6
54,uniform,24,4,4,6,114,194.21975809472897,51.96809220598537,347.80766598722244,295.83957378123705,0.3333333333333333,6
54,uncertainty,24,0,12,5,117,181.44761975378793,48.968092205985386,347.80766598722244,298.83957378123705,0.4,6
54,portfolio_voi,24,0,12,6,127,161.84146807294132,145.94178254318444,347.80766598722244,201.865883444038,0.5,6
55,no_followup,0,0,0,6,130,158.33902730643536,219.38262590940008,405.4678713734441,186.08524546404402,0.6666666666666666,6
55,uniform,24,4,4,6,130,170.93947564910457,219.38262590940008,405.4678713734441,186.08524546404402,0.6666666666666666,6
55,uncertainty,24,1,10,5,124,177.6344260831376,243.76984221835414,405.4678713734441,161.69802915508996,0.8,6
55,portfolio_voi,24,3,6,5,121,254.44518037828914,342.3236026134043,405.4678713734441,63.14426876003978,1.0,6
56,no_followup,0,0,0,6,119,288.09168632733895,356.7776912282451,471.3138276479139,114.53613641966882,0.8333333333333334,6
56,uniform,24,4,4,6,120,298.3711225856702,367.8926923486307,471.3138276479139,103.42113529928321,0.8333333333333334,6
56,uncertainty,24,0,12,6,120,269.08434320648746,373.9452542720435,471.3138276479139,97.36857337587043,0.8333333333333334,6
56,portfolio_voi,24,2,8,6,103,370.1623390318167,381.92683664971634,471.3138276479139,89.38699099819758,0.8333333333333334,6
57,no_followup,0,0,0,5,129,124.55994850024467,-23.00318455381128,309.41653284550677,332.4197173993181,0.2,5
57,uniform,24,4,4,5,127,89.21876305686588,-21.00318455381128,309.41653284550677,330.4197173993181,0.2,5
57,uncertainty,24,1,10,5,127,170.20185234673107,58.73196187771785,309.41653284550677,250.68457096778891,0.4,5
57,portfolio_voi,24,2,8,5,117,236.70183133188095,150.66187930249617,309.41653284550677,158.7546535430106,0.6,5
58,no_followup,0,0,0,5,121,228.87005644884727,204.94772176846075,373.0990654179276,168.15134364946684,0.8,6
58,uniform,24,4,4,5,121,229.23739201104007,204.94772176846075,373.0990654179276,168.15134364946684,0.8,6
58,uncertainty,24,1,10,6,130,241.9668566291982,157.96955940971066,373.0990654179276,215.12950600821694,0.6666666666666666,6
58,portfolio_voi,24,3,6,5,114,243.47325905766462,314.24157689406366,373.0990654179276,58.857488523863935,1.0,6
59,no_followup,0,0,0,5,119,230.14165838875806,361.045604492595,401.3378009813147,40.292196488719696,1.0,6
59,uniform,24,4,4,5,119,230.14165838875806,361.045604492595,401.3378009813147,40.292196488719696,1.0,6
59,uncertainty,24,0,12,5,120,256.56156830237836,353.281606734648,401.3378009813147,48.05619424666668,1.0,6
59,portfolio_voi,24,2,8,5,113,266.24728244984146,306.189939496414,401.3378009813147,95.14786148490066,1.0,6
60,no_followup,0,0,0,6,124,197.99824671128255,381.39741613707304,381.39741613707304,0.0,1.0,6
60,uniform,24,4,4,5,129,213.4649280842442,250.74643054982738,381.39741613707304,130.65098558724566,0.8,6
60,uncertainty,24,0,12,6,124,272.7768414871921,381.39741613707304,381.39741613707304,0.0,1.0,6
60,portfolio_voi,24,2,8,6,124,326.80872066698254,381.39741613707304,381.39741613707304,0.0,1.0,6
61,no_followup,0,0,0,6,125,157.49382484358088,46.95851288744042,360.2820674058596,313.3235545184192,0.3333333333333333,5
61,uniform,24,4,4,6,125,158.62548252703468,46.95851288744042,360.2820674058596,313.3235545184192,0.3333333333333333,5
61,uncertainty,24,2,8,5,119,190.43349146482976,152.23214022088302,360.2820674058596,208.04992718497658,0.6,5
61,portfolio_voi,24,3,6,5,106,213.43154098608505,65.95851288744042,360.2820674058596,294.3235545184192,0.4,5
62,no_followup,0,0,0,6,125,280.8619089399424,351.36481035343127,489.82056254544256,138.4557521920113,0.8333333333333334,6
62,uniform,24,4,4,6,122,292.0238908968923,381.7424567405592,489.82056254544256,108.07810580488336,0.8333333333333334,6
62,uncertainty,24,1,10,6,126,306.12448101918756,457.90078290567845,489.82056254544256,31.9197796397641,1.0,6
62,portfolio_voi,24,1,10,6,126,350.70952426079185,457.90078290567845,489.82056254544256,31.9197796397641,1.0,6
63,no_followup,0,0,0,6,123,277.82746530235295,426.2688231140604,464.2001657403913,37.93134262633089,1.0,6
63,uniform,24,4,4,6,124,288.83728626756886,460.14917616140747,464.2001657403913,4.050989578983831,1.0,6
63,uncertainty,24,1,10,6,128,294.3685923341989,428.1701787160421,464.2001657403913,36.029987024349225,1.0,6
63,portfolio_voi,24,3,6,6,124,399.6271438042921,460.14917616140747,464.2001657403913,4.050989578983831,1.0,6
64,no_followup,0,0,0,5,127,150.93878235385424,297.6846418506408,377.6926530737075,80.00801122306672,1.0,5
64,uniform,24,4,4,5,127,150.93878235385424,297.6846418506408,377.6926530737075,80.00801122306672,1.0,5
64,uncertainty,24,0,12,5,123,192.68578245879223,193.48396334021555,377.6926530737075,184.20868973349195,0.8,5
64,portfolio_voi,24,2,8,5,123,183.32112495394995,193.48396334021555,377.6926530737075,184.20868973349195,0.8,5
65,no_followup,0,0,0,6,129,256.5479083897737,238.98660972675643,443.8390013055156,204.85239157875915,0.6666666666666666,6
65,uniform,24,4,4,6,116,243.91219025188457,312.1456928838507,443.8390013055156,131.69330842166488,0.8333333333333334,6
65,uncertainty,24,0,12,6,122,368.94951546752145,245.9829554642158,443.8390013055156,197.8560458412998,0.6666666666666666,6
65,portfolio_voi,24,2,8,6,122,378.5630153451285,245.9829554642158,443.8390013055156,197.8560458412998,0.6666666666666666,6
66,no_followup,0,0,0,6,123,235.0882525307265,330.9436679663934,415.9931283979039,85.04946043151051,0.8333333333333334,6
66,uniform,24,4,4,6,123,238.4884465986016,330.9436679663934,415.9931283979039,85.04946043151051,0.8333333333333334,6
66,uncertainty,24,0,12,6,123,290.1442216921294,330.9436679663934,415.9931283979039,85.04946043151051,0.8333333333333334,6
66,portfolio_voi,24,2,8,6,128,294.1664430808173,391.94719428644373,415.9931283979039,24.045934111460156,1.0,6
67,no_followup,0,0,0,5,125,100.58233066419562,242.32575982181922,357.63245994141744,115.30670011959822,0.8,5
67,uniform,24,4,4,5,125,162.8208238253688,242.32575982181922,357.63245994141744,115.30670011959822,0.8,5
67,uncertainty,24,2,8,4,117,201.7578881926482,268.09408518022747,357.63245994141744,89.53837476118997,1.0,5
67,portfolio_voi,24,1,10,5,128,226.5591780449131,347.86978912810594,357.63245994141744,9.762670813311502,1.0,5
68,no_followup,0,0,0,5,130,161.5902227251999,296.3679082865017,416.85756153180273,120.48965324530104,1.0,6
68,uniform,24,4,4,6,129,182.62901176595514,295.760145782359,416.85756153180273,121.09741574944371,0.8333333333333334,6
68,uncertainty,24,1,10,5,127,254.94863188239586,332.88527643818617,416.85756153180273,83.97228509361656,1.0,6
68,portfolio_voi,24,1,10,6,129,347.73360597822034,416.85756153180273,416.85756153180273,0.0,1.0,6
69,no_followup,0,0,0,5,124,144.1460407090915,272.39191437059594,362.37123556640216,89.97932119580622,1.0,6
69,uniform,24,4,4,5,124,152.57473344903747,272.39191437059594,362.37123556640216,89.97932119580622,1.0,6
69,uncertainty,24,1,10,5,130,219.57435876896199,331.3605884997648,362.37123556640216,31.010647066637375,1.0,6
69,portfolio_voi,24,2,8,5,112,241.04662333966775,321.4793602782576,362.37123556640216,40.89187528814455,1.0,6
70,no_followup,0,0,0,6,129,266.06570738637015,261.1790050393239,486.39249142912143,225.21348638979754,0.6666666666666666,6
70,uniform,24,4,4,6,129,272.2243735951951,261.1790050393239,486.39249142912143,225.21348638979754,0.6666666666666666,6
70,uncertainty,24,0,12,6,129,314.8967856694137,261.1790050393239,486.39249142912143,225.21348638979754,0.6666666666666666,6
70,portfolio_voi,24,3,6,6,125,348.1699545489217,364.1709411929158,486.39249142912143,122.22155023620564,0.8333333333333334,6
71,no_followup,0,0,0,6,126,274.52909743461976,148.83591220551227,397.4078735720286,248.57196136651635,0.5,6
71,uniform,24,4,4,5,124,261.7969430224845,260.34353555381097,397.4078735720286,137.06433801821765,0.8,6
71,uncertainty,24,0,12,5,125,262.4273041577889,339.172482320538,397.4078735720286,58.235391251490626,1.0,6
71,portfolio_voi,24,2,8,5,129,286.49984708846273,258.92988636306006,397.4078735720286,138.47798720896856,0.8,6
72,no_followup,0,0,0,6,126,286.4618593189214,329.4954642185214,451.861249934976,122.36578571645458,0.8333333333333334,6
72,uniform,24,4,4,6,122,287.4067607950434,338.4675988015316,451.861249934976,113.3936511334444,0.8333333333333334,6
72,uncertainty,24,1,10,6,119,346.36317193006954,349.32830770992126,451.861249934976,102.53294222505474,0.8333333333333334,6
72,portfolio_voi,24,2,8,6,127,340.60114740579303,430.2594578341609,451.861249934976,21.60179210081509,1.0,6
73,no_followup,0,0,0,4,115,165.49766109050992,-13.449949916175512,376.69306366102774,390.14301357720325,0.25,5
73,uniform,24,4,4,5,127,153.59315308386218,122.32929162945696,376.69306366102774,254.36377203157076,0.6,5
73,uncertainty,24,0,12,5,125,215.2755847253589,161.63781354989328,376.69306366102774,215.05525011113446,0.6,5
73,portfolio_voi,24,1,10,5,129,291.8041474627723,265.51426843924946,376.69306366102774,111.17879522177827,0.8,5
74,no_followup,0,0,0,6,120,205.7029052924691,218.57581041645872,424.973033040622,206.39722262416328,0.6666666666666666,6
74,uniform,24,4,4,6,130,253.82040065597994,215.23623518239555,424.973033040622,209.73679785822645,0.6666666666666666,6
74,uncertainty,24,1,10,6,122,286.1830938126664,216.5758104164587,424.973033040622,208.3972226241633,0.6666666666666666,6
74,portfolio_voi,24,2,8,6,119,334.72849794698254,155.15308091979693,424.973033040622,269.81995212082506,0.5,6
75,no_followup,0,0,0,6,129,160.33269403845804,250.62681822405622,445.2160133113257,194.58919508726947,0.6666666666666666,6
75,uniform,24,4,4,6,130,161.47990261867602,211.5113682485507,445.2160133113257,233.704645062775,0.6666666666666666,6
75,uncertainty,24,1,10,6,126,214.97399650294773,230.4475404087901,445.2160133113257,214.7684729025356,0.6666666666666666,6
75,portfolio_voi,24,1,10,6,126,306.4108129229934,230.4475404087901,445.2160133113257,214.7684729025356,0.6666666666666666,6
76,no_followup,0,0,0,5,130,156.1628812171808,221.91745328684226,332.64249990871144,110.72504662186918,0.8,5
76,uniform,24,4,4,5,119,165.75094035876305,286.30503714516567,332.64249990871144,46.33746276354577,1.0,5
76,uncertainty,24,1,10,5,124,209.66619060335543,328.32718836786444,332.64249990871144,4.315311540847006,1.0,5
76,portfolio_voi,24,1,10,5,124,266.0975650367647,328.32718836786444,332.64249990871144,4.315311540847006,1.0,5
77,no_followup,0,0,0,5,129,140.6496006760259,226.67549213329062,281.48342366470627,54.80793153141565,0.8,5
77,uniform,24,4,4,5,129,140.6496006760259,226.67549213329062,281.48342366470627,54.80793153141565,0.8,5
77,uncertainty,24,1,10,5,121,166.64185939719664,196.0673673543119,281.48342366470627,85.41605631039437,0.8,5
77,portfolio_voi,24,2,8,4,112,175.5059801805922,243.67549213329062,281.48342366470627,37.80793153141565,1.0,5
78,no_followup,0,0,0,6,120,202.27797921168104,383.62179171066344,476.3840547693913,92.76226305872785,1.0,6
78,uniform,24,4,4,6,120,205.83194933285637,383.62179171066344,476.3840547693913,92.76226305872785,1.0,6
78,uncertainty,24,0,12,6,129,258.5905602841844,394.09021702279244,476.3840547693913,82.29383774659885,1.0,6
78,portfolio_voi,24,2,8,6,124,314.56747216542976,425.18215208493115,476.3840547693913,51.20190268446015,1.0,6
79,no_followup,0,0,0,6,124,267.8108504718344,236.13613870886678,384.22158598132523,148.08544727245845,0.6666666666666666,6
79,uniform,24,4,4,6,124,271.8340292125119,236.13613870886678,384.22158598132523,148.08544727245845,0.6666666666666666,6
79,uncertainty,24,0,12,6,121,278.8225297247093,299.1853121901928,384.22158598132523,85.03627379113243,0.8333333333333334,6
79,portfolio_voi,24,1,10,6,119,332.97995720943885,306.81348877299286,384.22158598132523,77.40809720833238,0.8333333333333334,6
80,no_followup,0,0,0,5,126,199.56247791653772,250.86914343289493,387.2887072322241,136.41956379932918,0.8,6
80,uniform,24,4,4,5,126,199.56247791653772,250.86914343289493,387.2887072322241,136.41956379932918,0.8,6
80,uncertainty,24,0,12,5,129,215.93356745691756,247.0000775866905,387.2887072322241,140.2886296455336,0.8,6
80,portfolio_voi,24,0,12,5,118,212.01783064075303,258.86914343289493,387.2887072322241,128.41956379932918,0.8,6
81,no_followup,0,0,0,5,127,146.2043546982679,305.1535872836668,435.2660347799417,130.1124474962749,1.0,6
81,uniform,24,4,4,5,120,171.59354580337242,345.0162783013246,435.2660347799417,90.24975647861714,1.0,6
81,uncertainty,24,0,12,5,122,200.0226591053043,336.94612784650894,435.2660347799417,98.31990693343278,1.0,6
81,portfolio_voi,24,2,8,6,127,237.8539628176232,393.602269724604,435.2660347799417,41.663765055337706,1.0,6
82,no_followup,0,0,0,6,119,130.89963942955586,140.2464341096702,346.5165941343083,206.27016002463813,0.5,5
82,uniform,24,4,4,6,119,130.89963942955586,140.2464341096702,346.5165941343083,206.27016002463813,0.5,5
82,uncertainty,24,0,12,5,121,114.03604294079054,115.92951075858716,346.5165941343083,230.58708337572116,0.6,5
82,portfolio_voi,24,1,10,6,119,135.2214400797406,92.7305273291436,346.5165941343083,253.78606680516472,0.5,5
83,no_followup,0,0,0,6,127,187.47136062937398,61.097943425513705,347.19079854425263,286.09285511873895,0.3333333333333333,5
83,uniform,24,4,4,6,130,216.97540183891857,153.63929394840196,347.19079854425263,193.55150459585067,0.5,5
83,uncertainty,24,0,12,6,127,262.3982774510863,188.3660929088439,347.19079854425263,158.82470563540872,0.6666666666666666,5
83,portfolio_voi,24,2,8,5,119,301.2819503436159,252.24178346187546,347.19079854425263,94.94901508237717,0.8,5
84,no_followup,0,0,0,6,129,188.99369008424017,133.24614239366304,343.5195239831047,210.27338158944167,0.5,6
84,uniform,24,4,4,6,129,199.78041687731616,133.24614239366304,343.5195239831047,210.27338158944167,0.5,6
84,uncertainty,24,0,12,6,129,230.77091003379863,133.24614239366304,343.5195239831047,210.27338158944167,0.5,6
84,portfolio_voi,24,2,8,6,119,264.38313468873673,117.71374764550112,343.5195239831047,225.8057763376036,0.5,6
85,no_followup,0,0,0,6,129,214.56888660052394,306.51200505789177,454.068899193004,147.5568941351122,0.8333333333333334,6
85,uniform,24,4,4,6,129,268.81149328194044,298.17722004522216,454.068899193004,155.89167914778182,0.8333333333333334,6
85,uncertainty,24,0,12,6,120,250.83927705205866,375.72105655694963,454.068899193004,78.34784263605434,1.0,6
85,portfolio_voi,24,1,10,6,121,313.4929527568419,399.7679199702576,454.068899193004,54.30097922274638,1.0,6
86,no_followup,0,0,0,5,124,245.86262025111665,321.5933186228957,403.45994972330584,81.86663110041013,1.0,6
86,uniform,24,4,4,5,124,245.86262025111665,321.5933186228957,403.45994972330584,81.86663110041013,1.0,6
86,uncertainty,24,0,12,6,128,302.8280574109965,245.52486663038087,403.45994972330584,157.93508309292497,0.6666666666666666,6
86,portfolio_voi,24,4,4,6,129,273.70346760462587,314.63974977762416,403.45994972330584,88.82019994568168,0.8333333333333334,6
87,no_followup,0,0,0,6,129,194.2188553285773,306.2819567007261,454.73045230225136,148.44849560152528,0.8333333333333334,6
87,uniform,24,4,4,6,129,194.2188553285773,306.2819567007261,454.73045230225136,148.44849560152528,0.8333333333333334,6
87,uncertainty,24,0,12,6,125,271.438936133146,326.5268819775522,454.73045230225136,128.20357032469917,0.8333333333333334,6
87,portfolio_voi,24,0,12,6,129,236.7776354067814,384.4590576855384,454.73045230225136,70.27139461671294,1.0,6
88,no_followup,0,0,0,5,125,177.0447598310331,130.09533085916672,373.89541605248985,243.80008519332313,0.6,6
88,uniform,24,4,4,5,125,177.0447598310331,130.09533085916672,373.89541605248985,243.80008519332313,0.6,6
88,uncertainty,24,2,8,5,130,165.74286930235263,212.99767125352204,373.89541605248985,160.8977447989678,0.8,6
88,portfolio_voi,24,2,8,5,124,239.87705794863328,314.16371896485725,373.89541605248985,59.7316970876326,1.0,6
89,no_followup,0,0,0,6,129,172.90532815456555,360.4323188363147,427.43711833884163,67.00479950252691,1.0,6
89,uniform,24,4,4,6,129,174.58048985703238,360.4323188363147,427.43711833884163,67.00479950252691,1.0,6
89,uncertainty,24,0,12,6,128,247.2319623685268,384.4669757765947,427.43711833884163,42.970142562246906,1.0,6
89,portfolio_voi,24,2,8,6,128,288.75260984924387,385.3035600863569,427.43711833884163,42.133558252484704,1.0,6
90,no_followup,0,0,0,6,128,275.2020005168233,193.71751495188911,417.0364613849793,223.3189464330902,0.6666666666666666,6
90,uniform,24,4,4,6,128,284.17551096637027,193.71751495188911,417.0364613849793,223.3189464330902,0.6666666666666666,6
90,uncertainty,24,0,12,6,128,295.70132161212143,193.71751495188911,417.0364613849793,223.3189464330902,0.6666666666666666,6
90,portfolio_voi,24,1,10,6,117,345.1529416544418,318.9868703561545,417.0364613849793,98.0495910288248,0.8333333333333334,6
91,no_followup,0,0,0,6,128,223.38560024990295,197.45064635511648,369.78316815362973,172.33252179851326,0.6666666666666666,6
91,uniform,24,4,4,6,128,223.39671425435597,197.45064635511648,369.78316815362973,172.33252179851326,0.6666666666666666,6
91,uncertainty,24,1,10,6,127,250.03699855500628,259.6138958785244,369.78316815362973,110.16927227510536,0.8333333333333334,6
91,portfolio_voi,24,1,10,5,115,266.6251896233258,292.94607699760536,369.78316815362973,76.83709115602437,1.0,6
92,no_followup,0,0,0,6,130,154.9847681032808,288.67531391346176,405.04828996988624,116.37297605642448,0.8333333333333334,6
92,uniform,24,4,4,6,130,158.6826942957995,288.67531391346176,405.04828996988624,116.37297605642448,0.8333333333333334,6
92,uncertainty,24,1,10,6,130,247.72190867813777,298.43921963609773,405.04828996988624,106.60907033378851,0.8333333333333334,6
92,portfolio_voi,24,3,6,5,119,252.60842181381184,347.7092399820437,405.04828996988624,57.33904998784254,1.0,6
93,no_followup,0,0,0,5,128,179.69862566616484,202.8225700666953,350.94524042302237,148.12267035632706,0.8,6
93,uniform,24,4,4,5,130,184.84849570445354,244.13027099339178,350.94524042302237,106.8149694296306,1.0,6
93,uncertainty,24,0,12,5,129,232.21570188603422,291.2443749254594,350.94524042302237,59.70086549756297,1.0,6
93,portfolio_voi,24,3,6,5,119,249.0113722805645,287.04718481284,350.94524042302237,63.89805561018238,1.0,6
94,no_followup,0,0,0,6,129,236.78863775839767,248.4225058978531,379.688550689497,131.26604479164388,0.8333333333333334,6
94,uniform,24,4,4,6,130,246.90663026625737,279.9484527151574,379.688550689497,99.74009797433962,0.8333333333333334,6
94,uncertainty,24,0,12,6,130,270.94294279069845,257.1997375513974,379.688550689497,122.4888131380996,0.8333333333333334,6
94,portfolio_voi,24,2,8,6,117,280.4203741845872,325.8276747546817,379.688550689497,53.86087593481528,1.0,6
95,no_followup,0,0,0,4,121,107.21289196545544,190.423873202055,302.0790952365243,111.65522203446932,1.0,5
95,uniform,24,4,4,5,127,110.36153162432876,172.70757492319748,302.0790952365243,129.37152031332684,0.8,5
95,uncertainty,24,0,12,4,128,151.3774746675939,201.14771911343033,302.0790952365243,100.931376123094,1.0,5
95,portfolio_voi,24,2,8,4,121,179.99254225333843,190.423873202055,302.0790952365243,111.65522203446932,1.0,5
96,no_followup,0,0,0,5,125,143.66593178748673,235.11153631587865,339.30018740149836,104.18865108561971,0.8,6
96,uniform,24,4,4,5,125,170.1163768360405,235.11153631587865,339.30018740149836,104.18865108561971,0.8,6
96,uncertainty,24,1,10,5,129,150.84620967587972,172.73116995035966,339.30018740149836,166.5690174511387,0.8,6
96,portfolio_voi,24,2,8,5,125,243.09107506513175,235.11153631587865,339.30018740149836,104.18865108561971,0.8,6
97,no_followup,0,0,0,5,130,117.5482472322374,283.9072863424566,403.49442588005263,119.58713953759604,0.8,6
97,uniform,24,4,4,5,124,148.2831164148733,238.3888843711394,403.49442588005263,165.10554150891323,0.8,6
97,uncertainty,24,0,12,6,130,212.97921372476858,237.092398049189,403.49442588005263,166.40202783086363,0.6666666666666666,6
97,portfolio_voi,24,2,8,5,119,305.62786047468325,387.5726741755009,403.49442588005263,15.921751704551752,1.0,6
98,no_followup,0,0,0,6,129,233.6925610755619,204.0540726107285,347.0109196904442,142.95684707971571,0.6666666666666666,6
98,uniform,24,4,4,6,129,265.8328268945185,204.0540726107285,347.0109196904442,142.95684707971571,0.6666666666666666,6
98,uncertainty,24,0,12,6,129,276.05368149485923,204.0540726107285,347.0109196904442,142.95684707971571,0.6666666666666666,6
98,portfolio_voi,24,2,8,5,122,300.91106704223995,254.89355051739506,347.0109196904442,92.11736917304916,0.8,6
99,no_followup,0,0,0,6,121,235.3751220379371,242.70839940896974,378.8441687750797,136.13576936610997,0.6666666666666666,6
99,uniform,24,4,4,6,130,211.81778926373096,340.3538875427118,378.8441687750797,38.49028123236792,0.8333333333333334,6
99,uncertainty,24,2,8,6,128,308.3458387553502,250.12025819678405,378.8441687750797,128.72391057829566,0.6666666666666666,6
99,portfolio_voi,24,1,10,6,129,299.3434592712354,249.12025819678405,378.8441687750797,129.72391057829566,0.6666666666666666,6
100,no_followup,0,0,0,6,118,255.5737042717596,250.78768150281599,456.9728847494107,206.1852032465947,0.6666666666666666,6
100,uniform,24,4,4,6,118,274.2340604288713,250.78768150281599,456.9728847494107,206.1852032465947,0.6666666666666666,6
100,uncertainty,24,0,12,6,114,301.69671659241646,352.27843548933896,456.9728847494107,104.69444926007174,0.8333333333333334,6
100,portfolio_voi,24,1,10,6,104,327.9803833502024,362.27843548933896,456.9728847494107,94.69444926007174,0.8333333333333334,6
101,no_followup,0,0,0,6,130,210.15326261982446,193.3158464449094,392.1501568220707,198.8343103771613,0.6666666666666666,6
101,uniform,24,4,4,6,130,231.64698621632022,193.3158464449094,392.1501568220707,198.8343103771613,0.6666666666666666,6
101,uncertainty,24,0,12,6,127,292.76297718642866,224.8106091130451,392.1501568220707,167.3395477090256,0.6666666666666666,6
101,portfolio_voi,24,2,8,6,128,347.9041359413267,124.11564889201424,392.1501568220707,268.03450793005646,0.5,6
102,no_followup,0,0,0,6,126,171.00783317049172,267.90534787395865,375.992504291415,108.08715641745636,0.8333333333333334,6
102,uniform,24,4,4,6,126,169.43104038145634,267.90534787395865,375.992504291415,108.08715641745636,0.8333333333333334,6
102,uncertainty,24,0,12,5,130,266.9073842969613,340.83313314847936,375.992504291415,35.15937114293564,1.0,6
102,portfolio_voi,24,1,10,5,121,268.81681996436424,321.91734364935786,375.992504291415,54.07516064205714,1.0,6
103,no_followup,0,0,0,6,127,216.55662862148534,41.033310335044106,362.8032059778027,321.76989564275857,0.3333333333333333,6
103,uniform,24,4,4,6,130,251.93777363536225,120.65872634768307,362.8032059778027,242.14447963011963,0.5,6
103,uncertainty,24,2,8,5,127,276.89428825872375,240.7440673719843,362.8032059778027,122.05913860581839,0.8,6
103,portfolio_voi,24,2,8,6,130,273.39896195393277,281.9497109388497,362.8032059778027,80.85349503895299,0.8333333333333334,6
104,no_followup,0,0,0,6,124,188.06524073728377,152.90185584964155,408.21717370389393,255.31531785425238,0.5,6
104,uniform,24,4,4,6,126,202.85344758753706,244.4017023778411,408.21717370389393,163.81547132605283,0.6666666666666666,6
104,uncertainty,24,0,12,6,123,246.20484607528374,256.81902307589274,408.21717370389393,151.3981506280012,0.8333333333333334,6
104,portfolio_voi,24,1,10,6,130,243.6917572051236,195.6833478329002,408.21717370389393,212.53382587099372,0.6666666666666666,6
105,no_followup,0,0,0,6,130,281.9568153803788,259.568389984266,445.33081190683606,185.76242192257007,0.6666666666666666,6
105,uniform,24,4,4,6,128,299.01500341448747,319.3236742261661,445.33081190683606,126.00713768066998,0.8333333333333334,6
105,uncertainty,24,0,12,6,130,374.15761987774306,325.98836987103147,445.33081190683606,119.3424420358046,0.8333333333333334,6
105,portfolio_voi,24,1,10,6,130,385.3321735354637,325.98836987103147,445.33081190683606,119.3424420358046,0.8333333333333334,6
106,no_followup,0,0,0,5,123,179.6456185858103,152.76551098380736,431.01044610607835,278.244935122271,0.6,6
106,uniform,24,4,4,6,125,259.45475055323027,431.01044610607835,431.01044610607835,0.0,1.0,6
106,uncertainty,24,1,10,5,118,231.98167211902074,299.2568779625571,431.01044610607835,131.75356814352125,1.0,6
106,portfolio_voi,24,5,2,5,119,300.4399010422061,345.556352796689,431.01044610607835,85.45409330938935,1.0,6
107,no_followup,0,0,0,6,130,209.27223097935,231.49849321091256,377.15542420462555,145.656930993713,0.6666666666666666,6
107,uniform,24,4,4,6,130,244.84583696990583,217.97067969154728,377.15542420462555,159.18474451307827,0.6666666666666666,6
107,uncertainty,24,1,10,6,129,271.38433078317536,351.770033494047,377.15542420462555,25.38539071057852,1.0,6
107,portfolio_voi,24,2,8,6,130,270.24417385031495,287.82590972010064,377.15542420462555,89.3295144845249,0.8333333333333334,6
108,no_followup,0,0,0,5,130,202.43355302751218,132.45445933101126,280.1529215313362,147.6984622003249,0.6,5
108,uniform,24,4,4,5,130,208.6737736760989,132.45445933101126,280.1529215313362,147.6984622003249,0.6,5
108,uncertainty,24,3,6,6,130,257.86441612468525,199.70591624163018,280.1529215313362,80.447005289706,0.6666666666666666,5
108,portfolio_voi,24,4,4,5,126,246.67503241032765,232.35003368384469,280.1529215313362,47.80288784749149,0.8,5
109,no_followup,0,0,0,6,116,149.19374255739845,228.82819618527083,361.10082016410917,132.27262397883834,0.8333333333333334,6
109,uniform,24,4,4,6,116,155.95551622167926,228.82819618527083,361.10082016410917,132.27262397883834,0.8333333333333334,6
109,uncertainty,24,1,10,6,129,168.12072371722252,220.2500915107292,361.10082016410917,140.85072865337997,0.8333333333333334,6
109,portfolio_voi,24,3,6,6,116,256.6973476428989,228.82819618527083,361.10082016410917,132.27262397883834,0.8333333333333334,6
110,no_followup,0,0,0,6,128,237.50587334260396,106.76614174090668,379.85913452245717,273.0929927815505,0.5,6
110,uniform,24,4,4,6,119,266.2466447547714,223.40210732296464,379.85913452245717,156.45702719949253,0.6666666666666666,6
110,uncertainty,24,1,10,6,120,245.32831736090895,208.27672800890366,379.85913452245717,171.5824065135535,0.6666666666666666,6
110,portfolio_voi,24,2,8,6,114,301.3547198557862,155.70311520405488,379.85913452245717,224.1560193184023,0.5,6
111,no_followup,0,0,0,6,127,112.95614696049172,125.87735767831013,409.76601949797424,283.8886618196641,0.5,6
111,uniform,24,4,4,6,124,162.84017192260404,229.09568091462825,409.76601949797424,180.670338583346,0.6666666666666666,6
111,uncertainty,24,0,12,6,126,174.0321115378935,184.4440971648658,409.76601949797424,225.32192233310843,0.6666666666666666,6
111,portfolio_voi,24,2,8,6,121,146.26664998075202,274.3345909191662,409.76601949797424,135.43142857880804,0.8333333333333334,6
112,no_followup,0,0,0,5,122,180.80765587390695,349.9099820036423,431.89769642486397,81.98771442122165,1.0,6
112,uniform,24,4,4,5,122,180.80765587390695,349.9099820036423,431.89769642486397,81.98771442122165,1.0,6
112,uncertainty,24,0,12,5,122,303.8388358949046,257.07775643999446,431.89769642486397,174.8199399848695,0.8,6
112,portfolio_voi,24,2,8,5,114,333.59574721841784,373.7807898431921,431.89769642486397,58.116906581671856,1.0,6
113,no_followup,0,0,0,6,130,90.09878371753709,179.28819031006128,423.62431929605526,244.33612898599398,0.6666666666666666,6
113,uniform,24,4,4,5,127,128.83089255507946,186.33002473798234,423.62431929605526,237.29429455807292,0.8,6
113,uncertainty,24,0,12,6,122,208.65003154965697,361.4413275859276,423.62431929605526,62.18299171012768,1.0,6
113,portfolio_voi,24,1,10,5,106,200.59160276940827,315.48071993270116,423.62431929605526,108.1435993633541,1.0,6
114,no_followup,0,0,0,5,128,184.0550589475081,251.09203061585745,438.5214037071552,187.42937309129772,0.8,6
114,uniform,24,4,4,5,128,222.89500054212596,251.09203061585745,438.5214037071552,187.42937309129772,0.8,6
114,uncertainty,24,0,12,5,119,257.60818444910444,364.5863114430482,438.5214037071552,73.93509226410697,1.0,6
114,portfolio_voi,24,2,8,6,120,278.47239701722765,423.29516975410564,438.5214037071552,15.22623395304953,1.0,6
115,no_followup,0,0,0,5,118,200.84967711025837,305.8549067577508,395.3827037249924,89.52779696724156,1.0,6
115,uniform,24,4,4,5,118,200.84967711025837,305.8549067577508,395.3827037249924,89.52779696724156,1.0,6
115,uncertainty,24,0,12,6,129,220.59294210806348,358.6777815515406,395.3827037249924,36.70492217345179,1.0,6
115,portfolio_voi,24,1,10,6,130,268.89105275885515,395.3827037249924,395.3827037249924,0.0,1.0,6
116,no_followup,0,0,0,5,119,227.83025509165157,248.19606452203556,373.8755465486909,125.67948202665536,0.8,6
116,uniform,24,4,4,5,119,243.33579202017654,248.19606452203556,373.8755465486909,125.67948202665536,0.8,6
116,uncertainty,24,1,10,5,120,302.457569100272,352.1292734083901,373.8755465486909,21.746273140300843,1.0,6
116,portfolio_voi,24,1,10,5,120,307.4808984583812,352.1292734083901,373.8755465486909,21.746273140300843,1.0,6
117,no_followup,0,0,0,6,118,238.74469859275027,332.67499096875224,435.47135350463327,102.79636253588103,0.8333333333333334,6
117,uniform,24,4,4,6,118,239.99996908845256,332.67499096875224,435.47135350463327,102.79636253588103,0.8333333333333334,6
117,uncertainty,24,0,12,6,117,315.2619840600873,306.85964765892214,435.47135350463327,128.61170584571113,0.8333333333333334,6
117,portfolio_voi,24,1,10,6,117,315.2619840600873,306.85964765892214,435.47135350463327,128.61170584571113,0.8333333333333334,6
118,no_followup,0,0,0,6,128,196.36270667212068,138.3099908087397,331.84213927758776,193.53214846884805,0.5,5
118,uniform,24,4,4,6,128,199.6427582656432,138.3099908087397,331.84213927758776,193.53214846884805,0.5,5
118,uncertainty,24,0,12,5,128,230.5425331736327,233.94627704159618,331.84213927758776,97.89586223599159,0.8,5
118,portfolio_voi,24,0,12,5,125,250.6806219193396,156.3508654385331,331.84213927758776,175.49127383905466,0.6,5
119,no_followup,0,0,0,6,130,203.24993935134233,138.19914403256467,453.5938026230883,315.39465859052365,0.5,6
119,uniform,24,4,4,6,127,216.68745769602805,181.3954026619831,453.5938026230883,272.1983999611052,0.5,6
119,uncertainty,24,0,12,6,127,303.45660613516003,272.2642228792974,453.5938026230883,181.32957974379093,0.6666666666666666,6
119,portfolio_voi,24,2,8,6,130,278.10055372963353,240.60356394841324,453.5938026230883,212.99023867467508,0.6666666666666666,6
120,no_followup,0,0,0,6,126,241.87262731837706,245.21632285214847,376.7997519284765,131.58342907632803,0.6666666666666666,6
120,uniform,24,4,4,6,123,253.3951627133428,315.5604946143674,376.7997519284765,61.23925731410907,0.8333333333333334,6
120,uncertainty,24,0,12,6,130,218.63268497802335,376.7997519284765,376.7997519284765,0.0,1.0,6
120,portfolio_voi,24,2,8,6,130,284.73650706197105,376.7997519284765,376.7997519284765,0.0,1.0,6
121,no_followup,0,0,0,6,130,206.92254551321423,209.347580140707,371.32979700729766,161.98221686659065,0.6666666666666666,6
121,uniform,24,4,4,6,130,206.92254551321423,209.347580140707,371.32979700729766,161.98221686659065,0.6666666666666666,6
121,uncertainty,24,0,12,6,125,248.23625875673997,136.40539501471522,371.32979700729766,234.92440199258243,0.5,6
121,portfolio_voi,24,1,10,6,129,298.1022183154418,209.131700759215,371.32979700729766,162.19809624808266,0.6666666666666666,6
122,no_followup,0,0,0,6,130,187.35288855733424,145.52817933211534,411.39879380442005,265.87061447230474,0.5,6
122,uniform,24,4,4,6,130,207.44581689633276,145.52817933211534,411.39879380442005,265.87061447230474,0.5,6
122,uncertainty,24,0,12,6,124,280.3514782730516,220.7110368028998,411.39879380442005,190.68775700152025,0.6666666666666666,6
122,portfolio_voi,24,2,8,6,125,253.39898157563647,318.6506137630814,411.39879380442005,92.74818004133863,0.8333333333333334,6
123,no_followup,0,0,0,6,117,169.6017749821084,274.59674531692633,392.202375827319,117.60563051039264,0.8333333333333334,6
123,uniform,24,4,4,6,120,185.17289482049114,271.5967453169263,392.202375827319,120.6056305103927,0.8333333333333334,6
123,uncertainty,24,0,12,6,127,202.50179095324506,269.9373123209887,392.202375827319,122.26506350633025,0.8333333333333334,6
123,portfolio_voi,24,3,6,6,126,207.46784339339797,270.93731232098867,392.202375827319,121.2650635063303,0.8333333333333334,6
124,no_followup,0,0,0,5,130,161.87103685998142,232.01657505482592,317.24439875510575,85.22782370027983,0.8,5
124,uniform,24,4,4,5,125,170.69555996344195,227.20710500471876,317.24439875510575,90.037293750387,0.8,5
124,uncertainty,24,3,6,4,123,221.45166037710194,276.8010002730772,317.24439875510575,40.443398482028556,1.0,5
124,portfolio_voi,24,2,8,4,116,220.24537050059314,291.89642029038646,317.24439875510575,25.34797846471929,1.0,5
125,no_followup,0,0,0,6,128,120.21537237510881,124.27261276800103,424.0160440038243,299.74343123582327,0.5,6
125,uniform,24,4,4,6,129,130.22058468944755,204.74884014919496,424.0160440038243,219.26720385462932,0.6666666666666666,6
125,uncertainty,24,0,12,6,124,178.91530991099825,267.3829819409065,424.0160440038243,156.63306206291776,0.8333333333333334,6
125,portfolio_voi,24,1,10,6,123,167.74014582276553,210.74884014919496,424.0160440038243,213.26720385462932,0.6666666666666666,6
126,no_followup,0,0,0,5,115,149.16092588574156,256.3674657167468,407.39416511880796,151.02669940206118,0.8,5
126,uniform,24,4,4,5,115,170.7145380702871,256.3674657167468,407.39416511880796,151.02669940206118,0.8,5
126,uncertainty,24,1,10,5,125,241.27719939223755,240.18006621592542,407.39416511880796,167.21409890288254,0.8,5
126,portfolio_voi,24,3,6,5,118,312.3454173454203,390.78685579285184,407.39416511880796,16.607309325956123,1.0,5
127,no_followup,0,0,0,5,128,173.56945572713303,24.39841534288587,330.5285334082253,306.13011806533945,0.4,5
127,uniform,24,4,4,6,124,209.08928868195449,166.9134053286359,330.5285334082253,163.61512807958943,0.6666666666666666,5
127,uncertainty,24,0,12,6,124,224.79862345259238,166.9134053286359,330.5285334082253,163.61512807958943,0.6666666666666666,5
127,portfolio_voi,24,2,8,6,124,279.5222066094989,166.9134053286359,330.5285334082253,163.61512807958943,0.6666666666666666,5
128,no_followup,0,0,0,5,123,194.22503325874138,147.92744077035425,306.88391469099963,158.95647392064538,0.6,5
128,uniform,24,4,4,5,130,198.22897275389573,140.92744077035425,306.88391469099963,165.95647392064538,0.6,5
128,uncertainty,24,0,12,5,130,198.43121501253944,188.89259374872566,306.88391469099963,117.99132094227397,0.8,5
128,portfolio_voi,24,2,8,5,124,250.19011514901183,196.2991967115687,306.88391469099963,110.58471797943093,0.8,5
129,no_followup,0,0,0,6,126,249.98180317132648,249.05552285047244,438.5113233863911,189.45580053591866,0.6666666666666666,6
129,uniform,24,4,4,6,130,231.06495162793112,312.2525319966975,438.5113233863911,126.25879138969361,0.8333333333333334,6
129,uncertainty,24,0,12,6,124,315.79898540594695,299.08503358442454,438.5113233863911,139.42628980196656,0.8333333333333334,6
129,portfolio_voi,24,3,6,6,124,347.4519251703259,249.88812900464745,438.5113233863911,188.62319438174364,0.6666666666666666,6
130,no_followup,0,0,0,6,128,252.58138474236569,76.76907678207436,376.81808545397723,300.04900867190287,0.3333333333333333,5
130,uniform,24,4,4,6,128,252.58138474236569,76.76907678207436,376.81808545397723,300.04900867190287,0.3333333333333333,5
130,uncertainty,24,1,10,6,130,308.2984970801148,181.9806646337353,376.81808545397723,194.83742082024193,0.5,5
130,portfolio_voi,24,1,10,6,123,319.1762948337927,245.47933082111552,376.81808545397723,131.3387546328617,0.6666666666666666,5
131,no_followup,0,0,0,6,128,175.87999316878728,256.4915379340148,386.07241297209936,129.58087503808457,0.6666666666666666,6
131,uniform,24,4,4,6,128,223.12886578901816,256.4915379340148,386.07241297209936,129.58087503808457,0.6666666666666666,6
131,uncertainty,24,2,8,6,128,267.7869052745051,256.4915379340148,386.07241297209936,129.58087503808457,0.6666666666666666,6
131,portfolio_voi,24,3,6,6,128,288.756237374855,256.4915379340148,386.07241297209936,129.58087503808457,0.6666666666666666,6
132,no_followup,0,0,0,6,126,222.5822671819408,299.3738387718347,448.32301497807975,148.94917620624506,0.8333333333333334,6
132,uniform,24,4,4,6,129,236.12071732002877,285.4749605597955,448.32301497807975,162.84805441828428,0.8333333333333334,6
132,uncertainty,24,1,10,6,130,276.8959170440101,287.2968079689158,448.32301497807975,161.02620700916395,0.8333333333333334,6
132,portfolio_voi,24,1,10,6,120,274.44914128321955,327.89668113557934,448.32301497807975,120.42633384250041,0.8333333333333334,6
133,no_followup,0,0,0,6,130,202.84459245791857,126.9452108807588,362.025129050021,235.0799181692622,0.5,6
133,uniform,24,4,4,6,125,202.7499025209333,99.84369986101996,362.025129050021,262.18142918900105,0.5,6
133,uncertainty,24,2,8,6,124,291.0174825682752,142.32396925786117,362.025129050021,219.70115979215984,0.5,6
133,portfolio_voi,24,3,6,6,116,326.65716743029736,216.92234354971345,362.025129050021,145.10278550030756,0.6666666666666666,6
134,no_followup,0,0,0,6,130,271.81141913496674,360.6266453536964,400.630339631031,40.0036942773346,0.8333333333333334,6
134,uniform,24,4,4,6,130,286.30836320159443,360.6266453536964,400.630339631031,40.0036942773346,0.8333333333333334,6
134,uncertainty,24,0,12,6,130,308.9860691321748,360.6266453536964,400.630339631031,40.0036942773346,0.8333333333333334,6
134,portfolio_voi,24,2,8,6,120,311.80473312073156,359.1439259623843,400.630339631031,41.48641366864672,0.8333333333333334,6
135,no_followup,0,0,0,6,119,230.79704599144986,336.90476952792926,433.58859593945135,96.68382641152209,0.8333333333333334,6
135,uniform,24,4,4,6,128,284.23008807923594,397.5640444241101,433.58859593945135,36.02455151534127,1.0,6
135,uncertainty,24,0,12,6,115,346.3467283465105,422.5030984142753,433.58859593945135,11.085497525176038,1.0,6
135,portfolio_voi,24,2,8,6,127,337.7367486785989,421.9088337101065,433.58859593945135,11.679762229344874,1.0,6
136,no_followup,0,0,0,5,121,194.2571666029863,236.47472613347145,377.2326443526571,140.75791821918563,0.8,5
136,uniform,24,4,4,5,119,231.28528569594397,253.1499531899584,377.2326443526571,124.08269116269867,0.8,5
136,uncertainty,24,1,10,5,128,233.24148401256278,240.07660942776556,377.2326443526571,137.15603492489151,0.8,5
136,portfolio_voi,24,4,4,5,128,279.12438011722463,336.7993086934505,377.2326443526571,40.43333565920659,1.0,5
137,no_followup,0,0,0,5,114,130.71926815878192,188.33647968019693,471.7738506694086,283.4373709892117,0.6,6
137,uniform,24,4,4,5,114,141.00579926933986,188.33647968019693,471.7738506694086,283.4373709892117,0.6,6
137,uncertainty,24,0,12,6,127,228.72300525219862,286.52059099934536,471.7738506694086,185.25325967006324,0.8333333333333334,6
137,portfolio_voi,24,1,10,6,120,260.03469163087647,346.8371641487332,471.7738506694086,124.93668652067538,0.8333333333333334,6
138,no_followup,0,0,0,5,127,113.19739883635991,150.26165971560337,375.6081807634702,225.34652104786684,0.6,6
138,uniform,24,4,4,5,125,120.5264873847316,242.95528031927088,375.6081807634702,132.65290044419933,0.8,6
138,uncertainty,24,0,12,5,130,142.63712884750154,234.89198530410198,375.6081807634702,140.71619545936824,0.8,6
138,portfolio_voi,24,1,10,6,130,183.47054570046652,177.92224238352622,375.6081807634702,197.685938379944,0.5,6
139,no_followup,0,0,0,6,129,202.8524399971792,240.6011820900725,407.07298053490985,166.47179844483733,0.6666666666666666,6
139,uniform,24,4,4,6,129,226.000659368899,240.6011820900725,407.07298053490985,166.47179844483733,0.6666666666666666,6
139,uncertainty,24,0,12,6,130,189.97659185102185,287.8135895243074,407.07298053490985,119.25939101060243,0.8333333333333334,6
139,portfolio_voi,24,0,12,6,124,229.283329191463,339.1197753610701,407.07298053490985,67.95320517383976,1.0,6
140,no_followup,0,0,0,6,129,169.81581522466433,235.5714124150304,415.8030425230505,180.2316301080201,0.6666666666666666,6
140,uniform,24,4,4,6,129,191.82749147857294,235.5714124150304,415.8030425230505,180.2316301080201,0.6666666666666666,6
140,uncertainty,24,0,12,6,127,267.5395475061316,287.28135061201004,415.8030425230505,128.52169191104048,0.8333333333333334,6
140,portfolio_voi,24,2,8,6,125,252.31222351512926,378.1933224037657,415.8030425230505,37.609720119284816,1.0,6
141,no_followup,0,0,0,6,130,229.13835995467878,221.1127796106252,381.85229476286304,160.73951515223783,0.6666666666666666,6
141,uniform,24,4,4,6,130,266.85439462254936,322.0847184509548,381.85229476286304,59.767576311908215,0.8333333333333334,6
141,uncertainty,24,2,8,6,128,298.4295136723299,316.99006642182474,381.85229476286304,64.8622283410383,0.8333333333333334,6
141,portfolio_voi,24,3,6,6,127,295.7701598973434,317.99006642182474,381.85229476286304,63.8622283410383,0.8333333333333334,6
142,no_followup,0,0,0,5,118,188.87471492947913,259.3659669137094,353.3918656935503,94.02589877984087,1.0,5
142,uniform,24,4,4,5,118,200.71748039429303,259.3659669137094,353.3918656935503,94.02589877984087,1.0,5
142,uncertainty,24,0,12,5,119,224.9723465323375,311.29734548592927,353.3918656935503,42.09452020762103,1.0,5
142,portfolio_voi,24,2,8,5,121,242.5519921769203,306.1108683360206,353.3918656935503,47.280997357529714,1.0,5
143,no_followup,0,0,0,6,114,266.3352772194684,219.3388354823746,454.54481893666764,235.20598345429303,0.6666666666666666,6
143,uniform,24,4,4,6,118,270.07067863485554,252.14975764590451,454.54481893666764,202.39506129076312,0.6666666666666666,6
143,uncertainty,24,0,12,6,125,290.2227404254821,311.61335037453284,454.54481893666764,142.9314685621348,0.8333333333333334,6
143,portfolio_voi,24,4,4,6,114,338.0841967850677,219.3388354823746,454.54481893666764,235.20598345429303,0.6666666666666666,6
144,no_followup,0,0,0,6,128,241.49067734225312,307.94967497412443,456.3914985397615,148.4418235656371,0.8333333333333334,6
144,uniform,24,4,4,6,128,242.78179188216154,403.41605381477325,456.3914985397615,52.97544472498828,1.0,6
144,uncertainty,24,1,10,6,128,303.90229887707335,345.0407478854566,456.3914985397615,111.35075065430493,0.8333333333333334,6
144,portfolio_voi,24,4,4,6,128,317.74398204556553,437.33638751924883,456.3914985397615,19.055111020512697,1.0,6
145,no_followup,0,0,0,6,128,181.2527873351725,254.01303142043588,455.15877795794853,201.14574653751265,0.6666666666666666,6
145,uniform,24,4,4,6,124,217.5891590968476,358.34790640937285,455.15877795794853,96.81087154857568,0.8333333333333334,6
145,uncertainty,24,0,12,6,122,254.02458660850834,260.0130314204359,455.15877795794853,195.14574653751265,0.6666666666666666,6
145,portfolio_voi,24,2,8,6,127,230.50157197809006,229.8750134127548,455.15877795794853,225.28376454519372,0.6666666666666666,6
146,no_followup,0,0,0,6,124,190.07386812378815,241.54811206072606,451.3518311588811,209.80371909815506,0.6666666666666666,6
146,uniform,24,4,4,6,125,189.61323599538412,344.21238918888923,451.3518311588811,107.13944196999188,0.8333333333333334,6
146,uncertainty,24,3,6,6,130,198.16247836968478,317.4974551823478,451.3518311588811,133.85437597653333,0.8333333333333334,6
146,portfolio_voi,24,2,8,6,128,233.94255966316473,142.33953429021847,451.3518311588811,309.01229686866265,0.5,6
147,no_followup,0,0,0,6,119,283.6598700607462,297.22732917000275,423.33999926575655,126.1126700957538,0.8333333333333334,6
147,uniform,24,4,4,6,119,305.46725249969234,297.22732917000275,423.33999926575655,126.1126700957538,0.8333333333333334,6
147,uncertainty,24,0,12,6,116,308.55357148009557,302.25275041756163,423.33999926575655,121.08724884819492,0.8333333333333334,6
147,portfolio_voi,24,3,6,6,116,335.40666896946425,302.25275041756163,423.33999926575655,121.08724884819492,0.8333333333333334,6
148,no_followup,0,0,0,5,128,155.5177462822051,242.6605541326046,364.3053673079044,121.64481317529982,0.8,6
148,uniform,24,4,4,5,128,169.21929949257748,242.6605541326046,364.3053673079044,121.64481317529982,0.8,6
148,uncertainty,24,1,10,6,130,187.12141417160075,267.4518060157272,364.3053673079044,96.85356129217723,0.8333333333333334,6
148,portfolio_voi,24,2,8,5,117,169.64861076641077,201.67139332239185,364.3053673079044,162.63397398551257,0.8,6
149,no_followup,0,0,0,4,123,127.58536151554469,200.35813055739158,433.0838276880952,232.72569713070362,1.0,6
149,uniform,24,4,4,4,123,165.87396235893044,196.4863416907432,433.0838276880952,236.597485997352,1.0,6
149,uncertainty,24,0,12,5,128,178.3545625703718,302.12015349627586,433.0838276880952,130.96367419181934,1.0,6
149,portfolio_voi,24,2,8,5,128,282.33468216673106,244.17857741670855,433.0838276880952,188.90525027138665,0.8,6
150,no_followup,0,0,0,5,127,174.9593365940792,246.0814692533644,331.94201163285436,85.86054237948997,0.8,5
150,uniform,24,4,4,5,127,174.9593365940792,246.0814692533644,331.94201163285436,85.86054237948997,0.8,5
150,uncertainty,24,2,8,5,127,192.24927394355782,246.0814692533644,331.94201163285436,85.86054237948997,0.8,5
150,portfolio_voi,24,3,6,5,129,252.8016982083306,241.78437194661228,331.94201163285436,90.15763968624208,0.8,5
151,no_followup,0,0,0,6,129,208.82256440753127,324.63135543222313,404.26727875632986,79.63592332410673,0.8333333333333334,6
151,uniform,24,4,4,6,129,229.34772557530061,324.63135543222313,404.26727875632986,79.63592332410673,0.8333333333333334,6
151,uncertainty,24,1,10,5,125,239.89446510016978,317.26374108423266,404.26727875632986,87.0035376720972,1.0,6
151,portfolio_voi,24,3,6,6,129,325.78375082652104,324.63135543222313,404.26727875632986,79.63592332410673,0.8333333333333334,6
152,no_followup,0,0,0,5,119,120.45668716863092,157.88668567487068,341.0905377085985,183.20385203372783,0.6,5
152,uniform,24,4,4,5,127,128.45109923992663,132.7789782320438,341.0905377085985,208.3115594765547,0.6,5
152,uncertainty,24,1,10,5,123,163.47328826073988,153.88668567487068,341.0905377085985,187.20385203372783,0.6,5
152,portfolio_voi,24,1,10,5,115,180.3663387630457,146.1711483498708,341.0905377085985,194.9193893587277,0.6,5
153,no_followup,0,0,0,6,130,254.91116631580402,396.94040626608785,461.70200583540003,64.76159956931218,1.0,6
153,uniform,24,4,4,6,130,279.3996874637349,396.94040626608785,461.70200583540003,64.76159956931218,1.0,6
153,uncertainty,24,0,12,6,126,292.65754929318507,391.5028585250635,461.70200583540003,70.19914731033651,1.0,6
153,portfolio_voi,24,1,10,6,130,339.1871153064641,396.94040626608785,461.70200583540003,64.76159956931218,1.0,6
154,no_followup,0,0,0,6,116,154.06768070910186,231.30934318950716,350.3570986379233,119.04775544841613,0.6666666666666666,5
154,uniform,24,4,4,6,116,159.76420186480604,231.30934318950716,350.3570986379233,119.04775544841613,0.6666666666666666,5
154,uncertainty,24,0,12,6,128,211.1687500645406,270.77567547771577,350.3570986379233,79.58142316020752,0.8333333333333334,5
154,portfolio_voi,24,2,8,5,115,252.60294540891425,330.34374006209794,350.3570986379233,20.01335857582535,1.0,5
155,no_followup,0,0,0,6,128,106.16956866568957,281.73928565143467,413.3306862527982,131.59140060136355,0.8333333333333334,6
155,uniform,24,4,4,5,125,93.7084621235514,275.0703114125933,413.3306862527982,138.26037484020492,1.0,6
155,uncertainty,24,0,12,5,118,212.28835938543804,226.70425083718823,413.3306862527982,186.62643541561,0.8,6
155,portfolio_voi,24,1,10,6,124,215.00699295218328,300.5548852123777,413.3306862527982,112.7758010404205,0.8333333333333334,6
156,no_followup,0,0,0,6,129,175.93582103738697,404.22835661861427,419.7757595231468,15.547402904532532,1.0,6
156,uniform,24,4,4,6,129,179.97021401741495,404.22835661861427,419.7757595231468,15.547402904532532,1.0,6
156,uncertainty,24,1,10,6,130,245.82654829596703,414.84450690916424,419.7757595231468,4.931252613982565,1.0,6
156,portfolio_voi,24,2,8,6,130,253.18328025404082,399.2971040046317,419.7757595231468,20.478655518515097,1.0,6
157,no_followup,0,0,0,6,128,234.25008307666087,188.03529119636437,366.1116203087986,178.07632911243422,0.6666666666666666,6
157,uniform,24,4,4,6,121,251.80320883383496,110.61637750635042,366.1116203087986,255.49524280244816,0.5,6
157,uncertainty,24,0,12,6,124,314.3873511454725,215.8076480177804,366.1116203087986,150.3039722910182,0.6666666666666666,6
157,portfolio_voi,24,2,8,6,120,304.0690956085547,287.3484610595839,366.1116203087986,78.76315924921471,0.8333333333333334,6
158,no_followup,0,0,0,5,129,234.34154201885175,306.65337515711246,411.25991532422927,104.6065401671168,1.0,6
158,uniform,24,4,4,5,129,237.93986054156593,306.65337515711246,411.25991532422927,104.6065401671168,1.0,6
158,uncertainty,24,0,12,5,124,293.7530946507813,335.244161245144,411.25991532422927,76.01575407908524,1.0,6
158,portfolio_voi,24,2,8,6,122,314.1122192793307,296.73784526740735,411.25991532422927,114.52207005682192,0.8333333333333334,6
159,no_followup,0,0,0,6,120,224.62935211302562,239.41234684555468,460.8346441728418,221.42229732728714,0.6666666666666666,6
159,uniform,24,4,4,6,113,257.7327470468583,237.05549742087769,460.8346441728418,223.77914675196413,0.6666666666666666,6
159,uncertainty,24,1,10,6,118,298.87509680712907,306.52969227613505,460.8346441728418,154.30495189670677,0.8333333333333334,6
159,portfolio_voi,24,3,6,6,125,351.5016074474846,349.41225611459356,460.8346441728418,111.42238805824826,0.8333333333333334,6
160,no_followup,0,0,0,5,116,233.78821413281116,155.58080142814177,426.73081826978773,271.150016841646,0.6,6
160,uniform,24,4,4,5,116,240.51076368769924,155.58080142814177,426.73081826978773,271.150016841646,0.6,6
160,uncertainty,24,0,12,6,129,270.9308252666301,298.9781549598872,426.73081826978773,127.75266330990053,0.8333333333333334,6
160,portfolio_voi,24,2,8,6,120,365.84720828625757,321.8324574956375,426.73081826978773,104.8983607741502,0.8333333333333334,6
161,no_followup,0,0,0,6,127,272.4293414866822,379.6035173641199,477.88836359358027,98.28484622946036,0.8333333333333334,6
161,uniform,24,4,4,6,127,339.69354975840184,379.6035173641199,477.88836359358027,98.28484622946036,0.8333333333333334,6
161,uncertainty,24,1,10,6,126,325.34071237255245,380.6035173641199,477.88836359358027,97.28484622946036,0.8333333333333334,6
161,portfolio_voi,24,2,8,6,126,395.85592595911993,380.6035173641199,477.88836359358027,97.28484622946036,0.8333333333333334,6
162,no_followup,0,0,0,5,120,184.18957174335395,277.3717101763923,368.5261583556002,91.15444817920792,0.8,5
162,uniform,24,4,4,5,120,187.80715958257343,277.3717101763923,368.5261583556002,91.15444817920792,0.8,5
162,uncertainty,24,0,12,5,129,310.8271401595932,345.88762128986036,368.5261583556002,22.638537065739854,1.0,5
162,portfolio_voi,24,3,6,5,117,304.8270102289157,353.50659802889345,368.5261583556002,15.019560326706767,1.0,5
163,no_followup,0,0,0,6,127,160.50218597384088,225.04369443292381,400.9186584368494,175.87496400392558,0.8333333333333334,6
163,uniform,24,4,4,5,126,157.4637655994139,175.67872558494827,400.9186584368494,225.23993285190113,0.8,6
163,uncertainty,24,1,10,5,116,252.2514644270933,216.73825083935517,400.9186584368494,184.18040759749422,0.8,6
163,portfolio_voi,24,3,6,6,125,292.04119650301266,305.95496273262245,400.9186584368494,94.96369570422695,0.8333333333333334,6
164,no_followup,0,0,0,6,128,146.7823345890855,248.73544990574382,375.692414210898,126.95696430515417,0.8333333333333334,6
164,uniform,24,4,4,6,124,201.053498827309,284.7009979803137,375.692414210898,90.99141623058432,0.8333333333333334,6
164,uncertainty,24,0,12,5,128,176.30805633657866,212.79717418169514,375.692414210898,162.89524002920285,0.8,6
164,portfolio_voi,24,2,8,6,130,221.4414076473239,241.15184202936635,375.692414210898,134.54057218153164,0.8333333333333334,6
165,no_followup,0,0,0,6,128,228.5140349829253,222.58171565907946,420.61136627166303,198.02965061258357,0.6666666666666666,6
165,uniform,24,4,4,6,124,217.50463372033158,152.67411905057486,420.61136627166303,267.93724722108817,0.5,6
165,uncertainty,24,0,12,5,120,274.9888443056179,203.331701066865,420.61136627166303,217.27966520479802,0.6,6
165,portfolio_voi,24,1,10,6,117,341.4287977460378,261.11938744442307,420.61136627166303,159.49197882723996,0.6666666666666666,6
166,no_followup,0,0,0,5,128,150.74725995217017,214.81700887776825,399.0139034056141,184.19689452784584,0.8,6
166,uniform,24,4,4,5,128,159.68670926285483,214.81700887776825,399.0139034056141,184.19689452784584,0.8,6
166,uncertainty,24,1,10,5,129,206.60957285175476,304.7933169385815,399.0139034056141,94.2205864670326,1.0,6
166,portfolio_voi,24,1,10,5,130,229.1898249607333,304.2107337616237,399.0139034056141,94.80316964399037,1.0,6
167,no_followup,0,0,0,6,130,119.5076194376083,223.23892372248338,367.3424968796698,144.10357315718642,0.8333333333333334,6
167,uniform,24,4,4,6,130,119.5076194376083,223.23892372248338,367.3424968796698,144.10357315718642,0.8333333333333334,6
167,uncertainty,24,1,10,6,126,173.48183380431422,206.77327826894847,367.3424968796698,160.56921861072132,0.8333333333333334,6
167,portfolio_voi,24,3,6,6,113,187.36716117971,149.6436635223106,367.3424968796698,217.6988333573592,0.6666666666666666,6
168,no_followup,0,0,0,6,121,206.46975080294717,203.70921190301218,363.6834201979601,159.97420829494794,0.6666666666666666,6
168,uniform,24,4,4,6,126,267.63583398485724,270.1112849205638,363.6834201979601,93.57213527739634,0.8333333333333334,6
168,uncertainty,24,0,12,6,121,234.40290972880464,284.52251307585016,363.6834201979601,79.16090712210996,0.8333333333333334,6
168,portfolio_voi,24,3,6,6,121,305.1349846143843,284.52251307585016,363.6834201979601,79.16090712210996,0.8333333333333334,6
169,no_followup,0,0,0,6,129,187.82081697245803,266.58499547685085,369.50821117461385,102.923215697763,0.8333333333333334,6
169,uniform,24,4,4,6,129,202.3846417691775,266.58499547685085,369.50821117461385,102.923215697763,0.8333333333333334,6
169,uncertainty,24,0,12,6,129,247.30139527059686,208.20643446533938,369.50821117461385,161.30177670927446,0.6666666666666666,6
169,portfolio_voi,24,1,10,6,125,232.23322433888825,270.58499547685085,369.50821117461385,98.923215697763,0.8333333333333334,6
170,no_followup,0,0,0,6,125,230.20101363916237,350.48247076378175,441.2572560925678,90.77478532878604,1.0,6
170,uniform,24,4,4,6,127,300.14941135770414,390.9246355807004,441.2572560925678,50.33262051186739,1.0,6
170,uncertainty,24,0,12,6,125,341.4627226272702,412.312610330022,441.2572560925678,28.944645762545804,1.0,6
170,portfolio_voi,24,1,10,6,127,396.87371945941663,424.1665658546634,441.2572560925678,17.09069023790437,1.0,6
171,no_followup,0,0,0,6,130,179.10400981105033,292.4549370503094,407.2798628780552,114.8249258277458,0.8333333333333334,6
171,uniform,24,4,4,6,130,179.10400981105033,292.4549370503094,407.2798628780552,114.8249258277458,0.8333333333333334,6
171,uncertainty,24,0,12,6,130,255.76351519134818,289.5136675047903,407.2798628780552,117.7661953732649,0.8333333333333334,6
171,portfolio_voi,24,0,12,5,115,243.41151850547425,321.8022919022042,407.2798628780552,85.477570975851,1.0,6
172,no_followup,0,0,0,6,128,163.8001207690767,240.2259242866643,339.4355682948412,99.20964400817687,0.8333333333333334,6
172,uniform,24,4,4,6,128,165.98932714129592,240.2259242866643,339.4355682948412,99.20964400817687,0.8333333333333334,6
172,uncertainty,24,0,12,6,128,285.634283668738,240.2259242866643,339.4355682948412,99.20964400817687,0.8333333333333334,6
172,portfolio_voi,24,2,8,6,128,285.634283668738,240.2259242866643,339.4355682948412,99.20964400817687,0.8333333333333334,6
173,no_followup,0,0,0,6,125,259.5571636603835,241.740169393016,440.39917060429235,198.65900121127635,0.6666666666666666,6
173,uniform,24,4,4,6,125,295.1592061630909,241.740169393016,440.39917060429235,198.65900121127635,0.6666666666666666,6
173,uncertainty,24,0,12,6,128,297.94581604022505,240.75367530344897,440.39917060429235,199.64549530084338,0.6666666666666666,6
173,portfolio_voi,24,2,8,6,129,333.107702640682,254.71031911078444,440.39917060429235,185.6888514935079,0.6666666666666666,6
174,no_followup,0,0,0,5,125,148.6860121186508,287.84044876651564,303.87233231526136,16.031883548745725,1.0,5
174,uniform,24,4,4,5,125,148.6860121186508,287.84044876651564,303.87233231526136,16.031883548745725,1.0,5
174,uncertainty,24,1,10,5,129,239.58664450399834,291.3943356334839,303.87233231526136,12.477996681777483,1.0,5
174,portfolio_voi,24,2,8,5,125,261.45381873990596,287.84044876651564,303.87233231526136,16.031883548745725,1.0,5
175,no_followup,0,0,0,6,124,300.09060799232174,373.83964208361846,422.095222050179,48.25557996656056,1.0,6
175,uniform,24,4,4,6,121,314.8841748445654,401.30786200808615,422.095222050179,20.78736004209287,1.0,6
175,uncertainty,24,0,12,6,122,331.74899623675685,416.9913551125294,422.095222050179,5.103866937649627,1.0,6
175,portfolio_voi,24,4,4,6,112,357.67624878655374,395.77774820039235,422.095222050179,26.317473849786666,1.0,6
176,no_followup,0,0,0,5,118,173.0352226394553,219.7833880485128,372.0137671177838,152.230379069271,0.8,5
176,uniform,24,4,4,5,124,227.151002449964,320.2827924994422,372.0137671177838,51.73097461834158,1.0,5
176,uncertainty,24,0,12,5,126,260.10322647436544,259.132600214105,372.0137671177838,112.88116690367877,0.8,5
176,portfolio_voi,24,2,8,6,130,290.73611471439267,231.46108355698556,372.0137671177838,140.55268356079824,0.6666666666666666,5
177,no_followup,0,0,0,5,128,127.72520414403755,284.57022030222805,329.39829610843935,44.8280758062113,1.0,5
177,uniform,24,4,4,5,127,108.13403591949532,203.69236498482348,329.39829610843935,125.70593112361587,0.8,5
177,uncertainty,24,1,10,5,116,152.8531776109916,125.70797439434061,329.39829610843935,203.69032171409873,0.6,5
177,portfolio_voi,24,3,6,6,130,195.24662241053198,172.38088171618259,329.39829610843935,157.01741439225677,0.6666666666666666,5
178,no_followup,0,0,0,6,128,274.3363237074813,296.14885734643417,400.2327643413756,104.08390699494146,0.8333333333333334,6
178,uniform,24,4,4,6,128,272.06483079782197,296.14885734643417,400.2327643413756,104.08390699494146,0.8333333333333334,6
178,uncertainty,24,1,10,6,129,291.54490042846936,310.5405205986633,400.2327643413756,89.69224374271232,0.8333333333333334,6
178,portfolio_voi,24,2,8,5,118,292.17581313636407,334.7434302922775,400.2327643413756,65.48933404909815,1.0,6
179,no_followup,0,0,0,5,125,193.57462745553653,235.97197270811617,342.01893412819055,106.04696142007438,0.8,6
179,uniform,24,4,4,6,129,221.09507658176017,230.5935815692699,342.01893412819055,111.42535255892065,0.6666666666666666,6
179,uncertainty,24,1,10,5,126,259.1629321396994,244.94830940146812,342.01893412819055,97.07062472672243,0.8,6
179,portfolio_voi,24,2,8,6,129,263.22746356329475,230.5935815692699,342.01893412819055,111.42535255892065,0.6666666666666666,6
180,no_followup,0,0,0,6,122,255.3970798050341,257.55253660354157,449.5523003296307,191.99976372608916,0.6666666666666666,6
180,uniform,24,4,4,6,120,293.9443274858713,334.08744865591365,449.5523003296307,115.46485167371708,0.8333333333333334,6
180,uncertainty,24,0,12,6,128,303.0780254414946,398.2797662484297,449.5523003296307,51.272534081201,1.0,6
180,portfolio_voi,24,1,10,6,125,382.62289818039727,436.7247975651705,449.5523003296307,12.827502764460235,1.0,6
181,no_followup,0,0,0,6,128,232.88549487801143,237.58241897349131,438.81490679501985,201.23248782152854,0.6666666666666666,6
181,uniform,24,4,4,6,128,232.88549487801143,237.58241897349131,438.81490679501985,201.23248782152854,0.6666666666666666,6
181,uncertainty,24,0,12,6,130,331.36298299425624,323.1139532316909,438.81490679501985,115.70095356332894,0.8333333333333334,6
181,portfolio_voi,24,2,8,6,128,341.0914552447738,237.58241897349131,438.81490679501985,201.23248782152854,0.6666666666666666,6
182,no_followup,0,0,0,6,130,261.53236924594637,318.42105232256165,466.23266460276386,147.8116122802022,0.8333333333333334,6
182,uniform,24,4,4,6,130,265.72620877673165,318.42105232256165,466.23266460276386,147.8116122802022,0.8333333333333334,6
182,uncertainty,24,1,10,6,113,298.37302720942057,407.37442112289693,466.23266460276386,58.85824347986693,1.0,6
182,portfolio_voi,24,1,10,6,117,340.19806123846706,449.77573514743074,466.23266460276386,16.456929455333125,1.0,6
183,no_followup,0,0,0,6,130,195.0098249656059,127.98497085113947,325.9570890844251,197.97211823328564,0.6666666666666666,6
183,uniform,24,4,4,6,130,195.7081377928009,127.98497085113947,325.9570890844251,197.97211823328564,0.6666666666666666,6
183,uncertainty,24,1,10,6,129,190.14844020724846,250.1121680490973,325.9570890844251,75.84492103532779,1.0,6
183,portfolio_voi,24,3,6,6,130,177.479747599418,212.00785796706188,325.9570890844251,113.94923111736321,0.8333333333333334,6
184,no_followup,0,0,0,6,126,194.46480530404972,290.6893409230927,416.6180132387935,125.9286723157008,0.8333333333333334,6
184,uniform,24,4,4,6,127,198.73154685103677,243.52697903988167,416.6180132387935,173.0910341989118,0.8333333333333334,6
184,uncertainty,24,0,12,6,129,256.0636794495844,270.73619808609055,416.6180132387935,145.88181515270293,0.8333333333333334,6
184,portfolio_voi,24,2,8,6,130,310.54428174349283,307.454272681178,416.6180132387935,109.16374055761548,0.8333333333333334,6
185,no_followup,0,0,0,6,129,195.51873905317123,265.9485871996296,414.4575656169951,148.50897841736548,0.8333333333333334,6
185,uniform,24,4,4,6,129,195.51873905317123,265.9485871996296,414.4575656169951,148.50897841736548,0.8333333333333334,6
185,uncertainty,24,0,12,6,129,231.8442570347907,275.4486627491782,414.4575656169951,139.00890286781691,0.8333333333333334,6
185,portfolio_voi,24,1,10,6,119,266.9382538473503,349.7353100416338,414.4575656169951,64.72225557536132,1.0,6
186,no_followup,0,0,0,6,127,177.92324234162885,290.5038970135123,357.8869009478672,67.38300393435492,0.8333333333333334,6
186,uniform,24,4,4,6,127,176.55352967108476,345.67373202909687,357.8869009478672,12.21316891877035,1.0,6
186,uncertainty,24,0,12,5,121,241.87136929074734,217.94439194324326,357.8869009478672,139.94250900462396,0.8,6
186,portfolio_voi,24,3,6,5,121,241.87136929074734,217.94439194324326,357.8869009478672,139.94250900462396,0.8,6
187,no_followup,0,0,0,6,122,143.96179000117397,183.85156895821805,322.8582115782776,139.00664262005952,0.6666666666666666,6
187,uniform,24,4,4,6,122,150.92180919077452,183.85156895821805,322.8582115782776,139.00664262005952,0.6666666666666666,6
187,uncertainty,24,1,10,6,126,190.39910646726636,161.36125263448312,322.8582115782776,161.49695894379445,0.8333333333333334,6
187,portfolio_voi,24,3,6,6,126,199.7842674098749,178.22867581579337,322.8582115782776,144.6295357624842,0.8333333333333334,6
188,no_followup,0,0,0,6,120,150.13807045940547,314.58135574387427,345.8445354694468,31.263179725572513,1.0,6
188,uniform,24,4,4,6,120,172.52359314910206,314.58135574387427,345.8445354694468,31.263179725572513,1.0,6
188,uncertainty,24,1,10,6,128,182.3248217990348,312.45944337855383,345.8445354694468,33.385092090892954,1.0,6
188,portfolio_voi,24,3,6,6,127,223.47449069172325,245.12467158308453,345.8445354694468,100.71986388636225,0.8333333333333334,6
189,no_followup,0,0,0,5,122,205.30837883229046,361.1617186090949,361.1617186090949,0.0,1.0,5
189,uniform,24,4,4,5,121,235.01372455992615,349.0947674119668,361.1617186090949,12.066951197128105,1.0,5
189,uncertainty,24,2,8,5,120,269.7446658039574,338.6735159954745,361.1617186090949,22.488202613620444,1.0,5
189,portfolio_voi,24,4,4,5,119,317.33804167945004,354.121341923847,361.1617186090949,7.040376685247907,1.0,5
190,no_followup,0,0,0,6,122,262.9019561627997,327.93430982390896,423.11092887147703,95.17661904756807,0.8333333333333334,6
190,uniform,24,4,4,6,122,265.4207432505302,327.93430982390896,423.11092887147703,95.17661904756807,0.8333333333333334,6
190,uncertainty,24,1,10,6,127,298.77886110086445,285.1970816170809,423.11092887147703,137.9138472543961,0.8333333333333334,6
190,portfolio_voi,24,5,2,5,122,271.59213186722167,365.38412054318445,423.11092887147703,57.72680832829258,1.0,6
191,no_followup,0,0,0,5,130,186.85185565363196,118.19579257950365,267.91525801431226,149.71946543480863,0.6,5
191,uniform,24,4,4,5,130,198.04738282391378,118.19579257950365,267.91525801431226,149.71946543480863,0.6,5
191,uncertainty,24,0,12,6,129,239.33526635478734,95.80550343663907,267.91525801431226,172.1097545776732,0.5,5
191,portfolio_voi,24,2,8,6,129,234.3691015287426,95.80550343663907,267.91525801431226,172.1097545776732,0.5,5
192,no_followup,0,0,0,6,121,186.61939799335866,17.175922032869536,299.0976543753064,281.9217323424368,0.3333333333333333,5
192,uniform,24,4,4,6,127,218.11871008361499,96.52626919505069,299.0976543753064,202.57138518025567,0.5,5
192,uncertainty,24,1,10,6,121,208.24414644738135,17.175922032869536,299.0976543753064,281.9217323424368,0.3333333333333333,5
192,portfolio_voi,24,2,8,6,121,248.90844107480416,47.912874364129465,299.0976543753064,251.1847800111769,0.3333333333333333,5
193,no_followup,0,0,0,6,124,139.24795137865232,142.71366233260116,337.61453289174653,194.90087055914537,0.6666666666666666,6
193,uniform,24,4,4,6,125,143.30613745894632,190.81502564188034,337.61453289174653,146.7995072498662,0.8333333333333334,6
193,uncertainty,24,0,12,6,129,212.59944725629163,227.26206999465415,337.61453289174653,110.35246289709238,0.8333333333333334,6
193,portfolio_voi,24,1,10,6,126,200.36378543487814,294.66255234719574,337.61453289174653,42.95198054455079,1.0,6
194,no_followup,0,0,0,6,129,204.77635144469855,276.80567254725224,422.1506907514784,145.34501820422616,0.6666666666666666,6
194,uniform,24,4,4,6,130,246.2193160606484,258.8130712423107,422.1506907514784,163.33761950916772,0.6666666666666666,6
194,uncertainty,24,0,12,6,129,279.6278239666935,276.41394056030924,422.1506907514784,145.73675019116916,0.6666666666666666,6
194,portfolio_voi,24,2,8,6,129,324.86979685474927,276.41394056030924,422.1506907514784,145.73675019116916,0.6666666666666666,6
195,no_followup,0,0,0,5,123,231.74555751691318,243.6954620251977,353.1027119382119,109.40724991301417,0.8,5
195,uniform,24,4,4,5,123,232.01088233910426,243.6954620251977,353.1027119382119,109.40724991301417,0.8,5
195,uncertainty,24,1,10,5,123,234.17819655945766,243.6954620251977,353.1027119382119,109.40724991301417,0.8,5
195,portfolio_voi,24,3,6,5,123,234.17819655945766,243.6954620251977,353.1027119382119,109.40724991301417,0.8,5
196,no_followup,0,0,0,5,130,163.74288949588603,259.2036701303494,340.43580774449356,81.23213761414416,0.8,5
196,uniform,24,4,4,5,130,163.74288949588603,259.2036701303494,340.43580774449356,81.23213761414416,0.8,5
196,uncertainty,24,1,10,5,128,186.42984956622163,238.28872994138547,340.43580774449356,102.14707780310809,0.8,5
196,portfolio_voi,24,3,6,5,128,233.47722972393237,238.28872994138547,340.43580774449356,102.14707780310809,0.8,5
197,no_followup,0,0,0,5,123,163.6818940922762,338.30714786967644,390.6129528499639,52.30580498028746,1.0,6
197,uniform,24,4,4,5,125,182.83471409014848,250.34388180984135,390.6129528499639,140.26907104012255,0.8,6
197,uncertainty,24,0,12,4,119,214.7597378591587,286.5202942740786,390.6129528499639,104.09265857588531,1.0,6
197,portfolio_voi,24,2,8,5,129,275.59409313424584,358.89604378224465,390.6129528499639,31.716909067719257,1.0,6
198,no_followup,0,0,0,6,129,214.61399815157267,251.86188658444112,315.7167582010095,63.854871616568374,0.8333333333333334,6
198,uniform,24,4,4,6,129,207.14271129041396,251.86188658444112,315.7167582010095,63.854871616568374,0.8333333333333334,6
198,uncertainty,24,0,12,6,129,240.31436655707898,251.86188658444112,315.7167582010095,63.854871616568374,0.8333333333333334,6
198,portfolio_voi,24,2,8,6,128,260.22144440272353,315.7167582010095,315.7167582010095,0.0,1.0,6
199,no_followup,0,0,0,5,117,158.87559496743168,326.8527501837368,440.1580766723809,113.30532648864408,1.0,6
199,uniform,24,4,4,5,117,160.25625071414956,326.8527501837368,440.1580766723809,113.30532648864408,1.0,6
199,uncertainty,24,1,10,5,116,252.36892261478278,333.40860743126,440.1580766723809,106.74946924112089,1.0,6
199,portfolio_voi,24,1,10,6,116,302.073511722267,440.1580766723809,440.1580766723809,0.0,1.0,6
200,no_followup,0,0,0,6,130,222.04887552682197,331.44671175150074,437.79974704221195,106.3530352907112,0.8333333333333334,6
200,uniform,24,4,4,6,126,253.6378744221103,312.22760741455306,437.79974704221195,125.57213962765888,0.8333333333333334,6
200,uncertainty,24,0,12,6,124,317.5374594371406,335.19164055398744,437.79974704221195,102.60810648822451,0.8333333333333334,6
200,portfolio_voi,24,1,10,6,128,337.6147144420832,331.19164055398744,437.79974704221195,106.60810648822451,0.8333333333333334,6
201,no_followup,0,0,0,5,126,184.95297543477176,332.25397920370494,435.64138492165057,103.38740571794563,1.0,6
201,uniform,24,4,4,5,126,209.63894878067958,332.25397920370494,435.64138492165057,103.38740571794563,1.0,6
201,uncertainty,24,0,12,5,124,220.03917569181,362.5221061308002,435.64138492165057,73.11927879085039,1.0,6
201,portfolio_voi,24,3,6,5,116,310.5227071303693,382.12409204103665,435.64138492165057,53.51729288061392,1.0,6
202,no_followup,0,0,0,5,117,104.58850424977379,233.99801893277535,399.69527024398957,165.69725131121422,0.8,6
202,uniform,24,4,4,6,129,145.4168228476878,276.40387815886334,399.69527024398957,123.29139208512623,0.6666666666666666,6
202,uncertainty,24,0,12,5,125,195.10037178336546,276.4179092378904,399.69527024398957,123.27736100609917,0.8,6
202,portfolio_voi,24,3,6,5,111,291.9951146149722,306.8507859436995,399.69527024398957,92.84448430029005,0.8,6
203,no_followup,0,0,0,6,125,214.78200844527672,284.78753419096887,360.00779380709446,75.22025961612559,0.8333333333333334,6
203,uniform,24,4,4,6,129,216.23408764801135,292.7604119668684,360.00779380709446,67.24738184022607,0.8333333333333334,6
203,uncertainty,24,1,10,6,130,243.79656976572224,287.9339374862248,360.00779380709446,72.07385632086965,0.8333333333333334,6
203,portfolio_voi,24,1,10,6,124,235.5517416692887,292.6400256996971,360.00779380709446,67.36776810739735,0.8333333333333334,6
204,no_followup,0,0,0,6,128,205.53915452696185,279.8500259063343,415.52712933759045,135.67710343125617,0.8333333333333334,6
204,uniform,24,4,4,6,128,223.44319264063503,304.3476018876811,415.52712933759045,111.17952744990936,0.8333333333333334,6
204,uncertainty,24,0,12,6,128,228.9896042415463,304.3476018876811,415.52712933759045,111.17952744990936,0.8333333333333334,6
204,portfolio_voi,24,1,10,6,128,261.0904237901958,304.3476018876811,415.52712933759045,111.17952744990936,0.8333333333333334,6
205,no_followup,0,0,0,5,124,161.20477381442126,92.99456651385316,339.1957358456182,246.20116933176502,0.6,6
205,uniform,24,4,4,5,126,184.78230878880905,96.05324945051672,339.1957358456182,243.14248639510146,0.6,6
205,uncertainty,24,0,12,5,122,190.25850746127847,100.05324945051672,339.1957358456182,239.14248639510146,0.6,6
205,portfolio_voi,24,2,8,5,117,216.48814477695942,211.5888334907434,339.1957358456182,127.60690235487476,0.8,6
206,no_followup,0,0,0,5,124,182.10773433071392,195.44935132716478,357.99134587545745,162.54199454829268,0.8,5
206,uniform,24,4,4,5,126,195.2251392055969,185.85091640914584,357.99134587545745,172.14042946631162,0.8,5
206,uncertainty,24,2,8,5,126,203.97546629753984,185.85091640914584,357.99134587545745,172.14042946631162,0.8,5
206,portfolio_voi,24,3,6,5,118,271.460539994288,139.8243748123084,357.99134587545745,218.16697106314905,0.6,5
207,no_followup,0,0,0,6,128,183.3735617092657,299.7568559537534,429.58880813403715,129.83195218028374,0.8333333333333334,6
207,uniform,24,4,4,6,125,176.5672823156794,300.9127162934652,429.58880813403715,128.67609184057193,0.8333333333333334,6
207,uncertainty,24,0,12,6,130,226.0864214709472,226.6750828838805,429.58880813403715,202.91372525015666,0.6666666666666666,6
207,portfolio_voi,24,1,10,6,130,228.39922709514855,226.6750828838805,429.58880813403715,202.91372525015666,0.6666666666666666,6
208,no_followup,0,0,0,6,130,257.59950703143727,185.65205531959367,434.54148069037586,248.8894253707822,0.6666666666666666,6
208,uniform,24,4,4,5,120,253.59870160648205,253.3674837286026,434.54148069037586,181.17399696177327,0.8,6
208,uncertainty,24,0,12,6,126,275.4742375354866,223.7451176414839,434.54148069037586,210.79636304889198,0.6666666666666666,6
208,portfolio_voi,24,1,10,5,128,330.08462911914603,290.6096674771939,434.54148069037586,143.93181321318195,0.8,6
209,no_followup,0,0,0,6,129,214.7625148320467,313.4916030663721,410.2496897538347,96.7580866874626,0.8333333333333334,6
209,uniform,24,4,4,6,126,204.71998145154183,266.134570148879,410.2496897538347,144.11511960495568,0.8333333333333334,6
209,uncertainty,24,0,12,6,124,293.98381383535894,308.40153927723986,410.2496897538347,101.84815047659481,0.8333333333333334,6
209,portfolio_voi,24,1,10,6,128,339.38315009313135,304.40153927723986,410.2496897538347,105.84815047659481,0.8333333333333334,6
210,no_followup,0,0,0,6,115,297.37212049334835,362.2942085798523,469.1454134604306,106.85120488057828,0.8333333333333334,6
210,uniform,24,4,4,6,115,307.2893616426077,362.2942085798523,469.1454134604306,106.85120488057828,0.8333333333333334,6
210,uncertainty,24,0,12,6,130,334.9606182331614,335.8234470094014,469.1454134604306,133.3219664510292,0.8333333333333334,6
210,portfolio_voi,24,1,10,6,106,376.43032916169614,360.4093048003727,469.1454134604306,108.73610866005788,0.8333333333333334,6
211,no_followup,0,0,0,6,128,249.70728803206094,34.23655551334093,377.4715972563944,343.23504174305344,0.3333333333333333,6
211,uniform,24,4,4,6,126,247.77666744705857,36.23655551334093,377.4715972563944,341.23504174305344,0.3333333333333333,6
211,uncertainty,24,0,12,5,117,281.6272488279902,71.33630709811246,377.4715972563944,306.1352901582819,0.4,6
211,portfolio_voi,24,2,8,5,122,278.4519578959321,142.76816000491172,377.4715972563944,234.70343725148265,0.6,6
212,no_followup,0,0,0,6,128,204.13539735076273,235.7384332154819,386.71957643626007,150.98114322077816,0.6666666666666666,6
212,uniform,24,4,4,6,130,217.45255479609793,212.8004978768411,386.71957643626007,173.91907855941898,0.6666666666666666,6
212,uncertainty,24,0,12,6,125,243.7559882813053,201.21223356624637,386.71957643626007,185.5073428700137,0.6666666666666666,6
212,portfolio_voi,24,0,12,6,128,284.676755894273,290.0461116175359,386.71957643626007,96.67346481872414,0.8333333333333334,6
213,no_followup,0,0,0,6,128,93.98279350249223,1.893800825104691,279.837746000817,277.9439451757123,0.3333333333333333,5
213,uniform,24,4,4,6,128,93.98279350249223,1.893800825104691,279.837746000817,277.9439451757123,0.3333333333333333,5
213,uncertainty,24,1,10,6,127,133.06287859048513,2.893800825104691,279.837746000817,276.9439451757123,0.3333333333333333,5
213,portfolio_voi,24,2,8,6,129,177.882807626228,150.59337441650138,279.837746000817,129.24437158431562,0.6666666666666666,5
214,no_followup,0,0,0,6,127,213.344449643746,201.2304416356091,417.0384547048642,215.80801306925508,0.6666666666666666,6
214,uniform,24,4,4,6,125,237.39719984343748,378.9526588826642,417.0384547048642,38.0857958222,1.0,6
214,uncertainty,24,0,12,6,128,227.85249899130352,299.74216637396273,417.0384547048642,117.29628833090146,0.8333333333333334,6
214,portfolio_voi,24,1,10,6,128,295.59177255189906,299.74216637396273,417.0384547048642,117.29628833090146,0.8333333333333334,6
215,no_followup,0,0,0,6,124,259.97318690263427,364.6931523611015,479.6019485795323,114.90879621843078,0.8333333333333334,6
215,uniform,24,4,4,6,124,279.4900923347444,364.6931523611015,479.6019485795323,114.90879621843078,0.8333333333333334,6
215,uncertainty,24,1,10,5,120,319.4560507229807,259.8097393404796,479.6019485795323,219.79220923905268,0.8,6
215,portfolio_voi,24,3,6,6,127,380.48494000612146,459.25923920179076,479.6019485795323,20.342709377741528,1.0,6
216,no_followup,0,0,0,5,129,192.33950628209544,348.9896076666287,458.6579679012008,109.6683602345721,1.0,6
216,uniform,24,4,4,5,116,193.07944254721093,257.62662997109976,458.6579679012008,201.03133793010102,0.8,6
216,uncertainty,24,1,10,5,126,229.66335849730007,377.8462141449001,458.6579679012008,80.81175375630067,1.0,6
216,portfolio_voi,24,2,8,6,129,257.207842499871,411.2399212718394,458.6579679012008,47.418046629361356,1.0,6
217,no_followup,0,0,0,5,115,106.79361167195816,239.65827043552974,436.49409221439106,196.83582177886132,0.8,6
217,uniform,24,4,4,5,118,166.05456274738702,263.5295820777134,436.49409221439106,172.96451013667763,0.8,6
217,uncertainty,24,1,10,5,127,214.20929159072767,255.3038273813691,436.49409221439106,181.19026483302196,0.8,6
217,portfolio_voi,24,3,6,5,124,226.59023249163567,277.3169745468391,436.49409221439106,159.17711766755195,0.8,6
218,no_followup,0,0,0,6,128,182.9638309147997,212.64116710489867,373.69002374644907,161.0488566415504,0.6666666666666666,5
218,uniform,24,4,4,6,128,195.5790654492755,212.64116710489867,373.69002374644907,161.0488566415504,0.6666666666666666,5
218,uncertainty,24,2,8,6,125,226.99517701464057,307.2462027158048,373.69002374644907,66.44382103064424,0.8333333333333334,5
218,portfolio_voi,24,3,6,5,127,206.67785762894877,294.41496795664335,373.69002374644907,79.27505578980572,1.0,5
219,no_followup,0,0,0,5,130,133.29568321909295,30.996290866478844,319.92858351297707,288.93229264649824,0.4,5
219,uniform,24,4,4,6,130,134.866531831795,121.67357568073162,319.92858351297707,198.25500783224544,0.5,5
219,uncertainty,24,0,12,5,129,159.9561268022371,120.29934259319977,319.92858351297707,199.62924091977732,0.6,5
219,portfolio_voi,24,1,10,6,124,188.24563471314104,92.73611258670064,319.92858351297707,227.19247092627643,0.5,5
220,no_followup,0,0,0,6,128,164.8925026075367,-26.124627455294828,312.01986008582264,338.1444875411175,0.16666666666666666,5
220,uniform,24,4,4,5,125,143.22039066043553,37.38125026870942,312.01986008582264,274.6386098171132,0.4,5
220,uncertainty,24,0,12,6,127,191.44675600337183,26.266721989600427,312.01986008582264,285.7531380962222,0.3333333333333333,5
220,portfolio_voi,24,2,8,5,123,184.54335549952458,30.266721989600427,312.01986008582264,281.7531380962222,0.4,5
221,no_followup,0,0,0,6,117,240.22743330273494,392.1907026561947,495.7653195374924,103.57461688129774,0.8333333333333334,6
221,uniform,24,4,4,6,115,270.614971633878,394.1907026561947,495.7653195374924,101.57461688129774,0.8333333333333334,6
221,uncertainty,24,1,10,6,117,280.4887354137251,392.1907026561947,495.7653195374924,103.57461688129774,0.8333333333333334,6
221,portfolio_voi,24,3,6,6,122,282.1540534788997,463.98383529881295,495.7653195374924,31.781484238679468,1.0,6
222,no_followup,0,0,0,6,130,170.61407965540135,235.50065089857372,401.68924588838564,166.18859498981192,0.6666666666666666,6
222,uniform,24,4,4,6,128,165.12602474526508,303.7495304754322,401.68924588838564,97.93971541295343,0.8333333333333334,6
222,uncertainty,24,1,10,6,130,234.37711770147797,400.33701150892733,401.68924588838564,1.3522343794583094,1.0,6
222,portfolio_voi,24,2,8,6,128,246.2014499023957,336.08813193206885,401.68924588838564,65.6011139563168,0.8333333333333334,6
223,no_followup,0,0,0,6,110,248.88648376630465,277.5219996872982,393.4638011389503,115.94180145165211,0.8333333333333334,6
223,uniform,24,4,4,6,119,269.93682869833776,260.7326493725527,393.4638011389503,132.7311517663976,0.8333333333333334,6
223,uncertainty,24,1,10,6,112,283.2268945176128,286.92533037069205,393.4638011389503,106.53847076825826,0.8333333333333334,6
223,portfolio_voi,24,4,4,6,107,321.28936067711044,391.29895370960884,393.4638011389503,2.164847429341478,1.0,6
224,no_followup,0,0,0,5,119,211.84399883853422,254.31439030792995,404.9177481688339,150.60335786090394,0.8,6
224,uniform,24,4,4,5,119,205.18776600557453,254.31439030792995,404.9177481688339,150.60335786090394,0.8,6
224,uncertainty,24,2,8,5,121,240.19320242708693,316.1917576210349,404.9177481688339,88.72599054779897,1.0,6
224,portfolio_voi,24,3,6,5,113,279.3813739025653,343.1719133024703,404.9177481688339,61.74583486636362,1.0,6
225,no_followup,0,0,0,5,130,265.4956407873958,371.0815086274229,452.3925298452496,81.31102121782669,1.0,6
225,uniform,24,4,4,6,129,296.4859701678595,413.5065130172534,452.3925298452496,38.88601682799623,1.0,6
225,uncertainty,24,1,10,5,130,276.3593115093478,378.5396861783023,452.3925298452496,73.85284366694731,1.0,6
225,portfolio_voi,24,3,6,5,116,296.94593458847885,382.414199800162,452.3925298452496,69.9783300450876,1.0,6
226,no_followup,0,0,0,6,129,212.70944634109298,380.49630077186555,454.2777335202318,73.78143274836623,1.0,6
226,uniform,24,4,4,6,129,245.05494801091396,380.49630077186555,454.2777335202318,73.78143274836623,1.0,6
226,uncertainty,24,1,10,6,129,309.6425750801432,304.55658095038257,454.2777335202318,149.7211525698492,0.8333333333333334,6
226,portfolio_voi,24,1,10,6,129,371.0179658249288,304.55658095038257,454.2777335202318,149.7211525698492,0.8333333333333334,6
227,no_followup,0,0,0,6,116,179.65845669740827,169.60950046228965,409.03509258377187,239.42559212148223,0.6666666666666666,6
227,uniform,24,4,4,6,116,196.85198279681435,169.60950046228965,409.03509258377187,239.42559212148223,0.6666666666666666,6
227,uncertainty,24,1,10,6,123,196.8228499600243,301.58820236683295,409.03509258377187,107.44689021693893,1.0,6
227,portfolio_voi,24,3,6,6,110,199.9442593547612,340.8090422652735,409.03509258377187,68.22605031849838,1.0,6
228,no_followup,0,0,0,6,113,213.87695285797173,249.72258772304406,502.93080334231,253.20821561926596,0.6666666666666666,6
228,uniform,24,4,4,6,113,249.76123791840365,249.72258772304406,502.93080334231,253.20821561926596,0.6666666666666666,6
228,uncertainty,24,0,12,6,104,324.50551514209906,308.8303673189384,502.93080334231,194.10043602337163,0.6666666666666666,6
228,portfolio_voi,24,2,8,6,104,293.0646320258792,308.8303673189384,502.93080334231,194.10043602337163,0.6666666666666666,6
229,no_followup,0,0,0,5,125,147.73885380440083,95.98560557968415,272.87657220705086,176.8909666273667,0.6,5
229,uniform,24,4,4,5,125,165.7200539185231,95.98560557968415,272.87657220705086,176.8909666273667,0.6,5
229,uncertainty,24,0,12,6,128,179.31715650428248,151.47590364292105,272.87657220705086,121.4006685641298,0.6666666666666666,5
229,portfolio_voi,24,1,10,6,126,183.0062500098297,151.22642617568005,272.87657220705086,121.65014603137081,0.6666666666666666,5
230,no_followup,0,0,0,5,117,212.94473887763152,234.36308725939864,426.96396554808405,192.6008782886854,0.8,6
230,uniform,24,4,4,6,123,222.45312677063316,269.80678734131425,426.96396554808405,157.1571782067698,0.8333333333333334,6
230,uncertainty,24,0,12,5,128,213.62081239724225,210.19881915959908,426.96396554808405,216.76514638848496,0.8,6
230,portfolio_voi,24,3,6,6,126,346.77793796930916,410.62325115061265,426.96396554808405,16.3407143974714,1.0,6
231,no_followup,0,0,0,6,118,215.98999879903215,313.05330349646385,395.5044559003072,82.45115240384337,0.8333333333333334,6
231,uniform,24,4,4,6,118,227.14828493070706,313.05330349646385,395.5044559003072,82.45115240384337,0.8333333333333334,6
231,uncertainty,24,0,12,6,130,199.59479085061173,328.11975780267187,395.5044559003072,67.38469809763535,1.0,6
231,portfolio_voi,24,2,8,6,118,293.4145983510915,372.32322773666493,395.5044559003072,23.181228163642288,1.0,6
232,no_followup,0,0,0,6,120,185.11985734889248,346.91734203237974,459.3900405948941,112.47269856251438,1.0,6
232,uniform,24,4,4,6,125,197.83541951252073,331.36665749476253,459.3900405948941,128.02338310013158,1.0,6
232,uncertainty,24,0,12,6,125,307.2234422454236,400.38625251296224,459.3900405948941,59.00378808193187,1.0,6
232,portfolio_voi,24,2,8,6,123,351.34791482981495,428.8789126811049,459.3900405948941,30.51112791378921,1.0,6
233,no_followup,0,0,0,6,124,214.35930956576775,232.12945991990162,412.59223481892457,180.46277489902295,0.6666666666666666,6
233,uniform,24,4,4,6,124,217.55148075180688,232.12945991990162,412.59223481892457,180.46277489902295,0.6666666666666666,6
233,uncertainty,24,0,12,6,123,253.1253508063658,284.3333633405341,412.59223481892457,128.25887147839046,0.8333333333333334,6
233,portfolio_voi,24,2,8,6,120,327.192171535482,342.43409124647485,412.59223481892457,70.15814357244972,0.8333333333333334,6
234,no_followup,0,0,0,6,127,180.7335097843872,143.07277071788855,324.85731328437066,181.78454256648212,0.5,5
234,uniform,24,4,4,6,114,205.02096352641718,133.3423291175645,324.85731328437066,191.51498416680616,0.5,5
234,uncertainty,24,0,12,6,123,272.3169311222598,302.67925559178127,324.85731328437066,22.17805769258939,0.8333333333333334,5
234,portfolio_voi,24,1,10,6,125,255.48160616419528,300.67925559178127,324.85731328437066,24.17805769258939,0.8333333333333334,5
235,no_followup,0,0,0,6,120,196.1875505137752,231.81691285089607,383.5809101546082,151.76399730371213,0.6666666666666666,5
235,uniform,24,4,4,6,120,204.4171091688296,231.81691285089607,383.5809101546082,151.76399730371213,0.6666666666666666,5
235,uncertainty,24,0,12,6,108,242.6514426978108,143.2932761655859,383.5809101546082,240.2876339890223,0.5,5
235,portfolio_voi,24,1,10,6,128,291.91094234197146,334.80220097178676,383.5809101546082,48.778709182821444,0.8333333333333334,5
236,no_followup,0,0,0,6,116,159.96434689801876,194.2813709029712,385.08226327339196,190.80089237042077,0.6666666666666666,6
236,uniform,24,4,4,6,118,177.9237292978271,182.11040315871801,385.08226327339196,202.97186011467394,0.6666666666666666,6
236,uncertainty,24,1,10,6,130,264.14634783030886,272.7409035191228,385.08226327339196,112.34135975426915,0.8333333333333334,6
236,portfolio_voi,24,3,6,6,124,280.01047319987566,272.72453207632714,385.08226327339196,112.35773119706482,0.8333333333333334,6
237,no_followup,0,0,0,6,126,187.071793365463,162.71449577361284,384.0699758647039,221.35548009109107,0.5,6
237,uniform,24,4,4,6,129,198.78061783727344,159.71449577361284,384.0699758647039,224.35548009109107,0.5,6
237,uncertainty,24,0,12,6,130,214.87427929528153,235.02005987374372,384.0699758647039,149.0499159909602,0.6666666666666666,6
237,portfolio_voi,24,1,10,5,116,208.83826444048844,271.9927891993831,384.0699758647039,112.07718666532082,0.8,6
238,no_followup,0,0,0,6,130,211.16706497214562,295.6989156368906,377.36416387391733,81.66524823702673,0.8333333333333334,6
238,uniform,24,4,4,6,130,224.52576155267133,295.6989156368906,377.36416387391733,81.66524823702673,0.8333333333333334,6
238,uncertainty,24,1,10,6,125,235.98130269806813,318.8387336642731,377.36416387391733,58.52543020964424,0.8333333333333334,6
238,portfolio_voi,24,2,8,6,127,263.60254003075136,377.36416387391733,377.36416387391733,0.0,1.0,6
239,no_followup,0,0,0,5,129,204.1817401884325,306.808009970488,332.1695372789751,25.361527308487098,1.0,6
239,uniform,24,4,4,5,122,218.49082685662958,231.06467899472952,332.1695372789751,101.10485828424558,0.8,6
239,uncertainty,24,0,12,5,130,264.2068417572339,316.20092095683225,332.1695372789751,15.96861632214285,1.0,6
239,portfolio_voi,24,2,8,5,120,259.75053559473724,294.84265313150013,332.1695372789751,37.32688414747497,1.0,6
240,no_followup,0,0,0,6,126,229.59487987595392,297.9783452539408,431.15342581833045,133.17508056438965,0.8333333333333334,6
240,uniform,24,4,4,6,128,240.79282857727543,358.0607988403643,431.15342581833045,73.09262697796612,1.0,6
240,uncertainty,24,1,10,6,127,287.43168320790676,325.6126366023284,431.15342581833045,105.54078921600205,0.8333333333333334,6
240,portfolio_voi,24,4,4,6,120,313.0811635628045,401.05978664013,431.15342581833045,30.09363917820042,1.0,6
241,no_followup,0,0,0,6,130,258.7285352025941,325.7351908057559,484.29103451871583,158.55584371295993,0.8333333333333334,6
241,uniform,24,4,4,6,130,272.2325993416412,325.7351908057559,484.29103451871583,158.55584371295993,0.8333333333333334,6
241,uncertainty,24,1,10,6,126,312.4821876305229,338.5203723205973,484.29103451871583,145.77066219811854,0.8333333333333334,6
241,portfolio_voi,24,3,6,6,114,360.35485934188074,420.1341808515564,484.29103451871583,64.15685366715945,1.0,6
242,no_followup,0,0,0,6,124,196.8366169096288,324.5832388491872,395.008812192545,70.42557334335783,1.0,6
242,uniform,24,4,4,6,129,239.96196553216632,354.5314980405256,395.008812192545,40.4773141520194,1.0,6
242,uncertainty,24,1,10,6,126,267.0825941425797,376.13227379101875,395.008812192545,18.87653840152626,1.0,6
242,portfolio_voi,24,5,2,6,126,257.88026745460076,330.2993436408101,395.008812192545,64.70946855173491,1.0,6
243,no_followup,0,0,0,5,126,136.24132759334245,179.62032986463774,423.5139415755594,243.89361171092165,0.8,6
243,uniform,24,4,4,5,123,177.06247623224547,268.10268107860315,423.5139415755594,155.41126049695623,1.0,6
243,uncertainty,24,0,12,5,112,198.18190812073388,270.9252180410273,423.5139415755594,152.5887235345321,1.0,6
243,portfolio_voi,24,1,10,6,128,225.7409295364315,330.4619815411098,423.5139415755594,93.05196003444956,1.0,6
244,no_followup,0,0,0,6,128,203.89942249052635,266.38348174660405,412.16184620881285,145.7783644622088,0.6666666666666666,6
244,uniform,24,4,4,6,129,207.59253367603293,254.8596586248429,412.16184620881285,157.30218758396995,0.6666666666666666,6
244,uncertainty,24,0,12,6,129,227.27026751620082,254.8596586248429,412.16184620881285,157.30218758396995,0.6666666666666666,6
244,portfolio_voi,24,1,10,6,128,297.17333442514104,243.31628346398327,412.16184620881285,168.84556274482958,0.6666666666666666,6
245,no_followup,0,0,0,5,126,146.73885619663668,194.71559220826313,366.8416388652085,172.12604665694536,0.8,6
245,uniform,24,4,4,5,123,164.75923997975295,222.28141918483792,366.8416388652085,144.56021968037058,0.8,6
245,uncertainty,24,2,8,5,115,194.64536912479855,223.4553979701519,366.8416388652085,143.3862408950566,0.8,6
245,portfolio_voi,24,3,6,6,129,171.86104068486318,280.0728853782778,366.8416388652085,86.76875348693068,0.8333333333333334,6
246,no_followup,0,0,0,6,130,212.49860856204225,75.47527044792032,353.56228968655097,278.08701923863066,0.3333333333333333,6
246,uniform,24,4,4,6,130,223.8791956640027,75.47527044792032,353.56228968655097,278.08701923863066,0.3333333333333333,6
246,uncertainty,24,0,12,5,130,278.9231602191507,256.07805258092503,353.56228968655097,97.48423710562594,0.8,6
246,portfolio_voi,24,2,8,6,127,282.95572967313126,210.55494560826963,353.56228968655097,143.00734407828133,0.6666666666666666,6
247,no_followup,0,0,0,6,124,308.09345286164734,345.3266597838199,479.5291276347318,134.20246785091194,0.8333333333333334,6
247,uniform,24,4,4,6,122,330.11663501177225,243.79976781850505,479.5291276347318,235.72935981622678,0.6666666666666666,6
247,uncertainty,24,0,12,6,117,344.016902937272,418.3629702071923,479.5291276347318,61.16615742753953,1.0,6
247,portfolio_voi,24,2,8,6,110,352.8619852333542,435.3880382300173,479.5291276347318,44.141089404714535,1.0,6
248,no_followup,0,0,0,6,130,146.90993387399752,71.01071284718003,373.18706179945656,302.1763489522765,0.5,6
248,uniform,24,4,4,6,127,139.69347091914798,176.30902266986746,373.18706179945656,196.8780391295891,0.6666666666666666,6
248,uncertainty,24,0,12,5,124,209.26843562342145,198.99097751835643,373.18706179945656,174.19608428110013,0.8,6
248,portfolio_voi,24,1,10,6,129,238.57037430529857,214.1194750767178,373.18706179945656,159.06758672273875,0.6666666666666666,6
249,no_followup,0,0,0,6,129,224.39953093551804,303.605573164989,383.91570683680976,80.31013367182078,0.8333333333333334,6
249,uniform,24,4,4,6,129,260.7482078492443,303.605573164989,383.91570683680976,80.31013367182078,0.8333333333333334,6
249,uncertainty,24,0,12,6,126,280.89032894558545,300.7027864512104,383.91570683680976,83.21292038559938,0.8333333333333334,6
249,portfolio_voi,24,2,8,6,126,322.1739413279033,300.7027864512104,383.91570683680976,83.21292038559938,0.8333333333333334,6
250,no_followup,0,0,0,5,116,179.84849839084788,177.88548960954634,297.43331459157775,119.54782498203141,0.6,5
250,uniform,24,4,4,5,116,163.18406617980793,177.88548960954634,297.43331459157775,119.54782498203141,0.6,5
250,uncertainty,24,0,12,5,126,251.1694348502648,269.0387858761918,297.43331459157775,28.394528715385945,0.8,5
250,portfolio_voi,24,3,6,5,124,238.89059808036302,271.0387858761918,297.43331459157775,26.394528715385945,0.8,5
251,no_followup,0,0,0,6,128,222.13730449111367,239.60884902381838,391.15933011977035,151.55048109595197,0.6666666666666666,6
251,uniform,24,4,4,6,129,227.3998158035165,329.3264346079178,391.15933011977035,61.83289551185254,0.8333333333333334,6
251,uncertainty,24,0,12,6,130,234.46919964049832,308.98553345912,391.15933011977035,82.17379666065034,0.8333333333333334,6
251,portfolio_voi,24,2,8,6,129,317.4659736979846,329.3264346079178,391.15933011977035,61.83289551185254,0.8333333333333334,6
252,no_followup,0,0,0,5,123,197.38991489283583,325.5656206707718,405.8572220423756,80.2916013716038,1.0,6
252,uniform,24,4,4,5,123,198.32980347865404,325.5656206707718,405.8572220423756,80.2916013716038,1.0,6
252,uncertainty,24,1,10,5,122,229.1672330650917,293.11735884826226,405.8572220423756,112.73986319411335,1.0,6
252,portfolio_voi,24,3,6,6,129,280.1990350315024,402.34934431626056,405.8572220423756,3.507877726115055,1.0,6
253,no_followup,0,0,0,6,126,137.64710443267924,140.60850969767708,393.09878213167946,252.49027243400238,0.5,6
253,uniform,24,4,4,6,130,163.1887260009237,245.1416377893546,393.09878213167946,147.95714434232485,0.6666666666666666,6
253,uncertainty,24,1,10,6,126,239.46738026829192,222.45435415651696,393.09878213167946,170.6444279751625,0.6666666666666666,6
253,portfolio_voi,24,3,6,6,116,282.80187877312545,317.7820677444529,393.09878213167946,75.31671438722657,0.8333333333333334,6
254,no_followup,0,0,0,6,130,257.87194220163315,382.7342997523066,386.49435942531943,3.7600596730128473,1.0,6
254,uniform,24,4,4,6,128,262.08356530256685,317.79140164097697,386.49435942531943,68.70295778434246,0.8333333333333334,6
254,uncertainty,24,1,10,6,127,261.4156321278807,380.6392885037627,386.49435942531943,5.855070921556717,1.0,6
254,portfolio_voi,24,3,6,6,127,300.0518788006407,380.6392885037627,386.49435942531943,5.855070921556717,1.0,6
255,no_followup,0,0,0,6,120,253.21885151753136,231.7275325029213,420.289184741398,188.5616522384767,0.6666666666666666,6
255,uniform,24,4,4,6,117,275.7684707987519,255.55636140982062,420.289184741398,164.73282333157738,0.6666666666666666,6
255,uncertainty,24,1,10,6,130,268.59494597942967,303.1630674008607,420.289184741398,117.12611734053729,0.8333333333333334,6
255,portfolio_voi,24,1,10,5,118,256.58110930024776,321.3647171665552,420.289184741398,98.92446757484282,1.0,6
256,no_followup,0,0,0,5,116,221.9168213472593,267.177060063539,374.5495686454608,107.3725085819218,0.8,6
256,uniform,24,4,4,5,119,241.83996254755493,243.95697696955511,374.5495686454608,130.59259167590568,0.8,6
256,uncertainty,24,1,10,5,123,230.3593668053678,242.56529860660703,374.5495686454608,131.98427003885377,0.8,6
256,portfolio_voi,24,4,4,5,116,269.16571183974247,267.177060063539,374.5495686454608,107.3725085819218,0.8,6
257,no_followup,0,0,0,6,127,132.40527600436485,312.3182245210173,401.1687499584584,88.85052543744109,0.8333333333333334,6
257,uniform,24,4,4,6,120,196.48220623476976,375.64049396368586,401.1687499584584,25.528255994772564,1.0,6
257,uncertainty,24,1,10,6,122,173.28354449724384,343.10943604469634,401.1687499584584,58.05931391376208,1.0,6
257,portfolio_voi,24,2,8,6,123,253.1140781789867,389.09717037809213,401.1687499584584,12.07157958036629,1.0,6
258,no_followup,0,0,0,5,126,115.2852163246742,-22.36029413450899,309.4652371555343,331.8255312900433,0.2,5
258,uniform,24,4,4,5,129,174.92400872227813,84.06214502316067,309.4652371555343,225.40309213237362,0.4,5
258,uncertainty,24,0,12,5,129,200.80455104997787,70.09179835029897,309.4652371555343,239.3734388052353,0.4,5
258,portfolio_voi,24,1,10,5,128,205.96629745694236,43.26262607169511,309.4652371555343,266.2026110838392,0.4,5
259,no_followup,0,0,0,6,129,126.71542883894178,213.19487057755657,356.8749474857601,143.68007690820355,0.6666666666666666,5
259,uniform,24,4,4,6,129,136.94129131913377,213.19487057755657,356.8749474857601,143.68007690820355,0.6666666666666666,5
259,uncertainty,24,1,10,5,120,182.8090157077945,293.0277467638628,356.8749474857601,63.84720072189731,1.0,5
259,portfolio_voi,24,3,6,6,129,202.40868742861537,197.1081289326077,356.8749474857601,159.7668185531524,0.6666666666666666,5
260,no_followup,0,0,0,6,130,246.4882106263676,404.8573455052881,404.8573455052881,0.0,1.0,6
260,uniform,24,4,4,6,130,284.0851337295167,404.8573455052881,404.8573455052881,0.0,1.0,6
260,uncertainty,24,1,10,6,130,284.0851337295167,404.8573455052881,404.8573455052881,0.0,1.0,6
260,portfolio_voi,24,3,6,6,130,303.9444503998338,404.8573455052881,404.8573455052881,0.0,1.0,6
261,no_followup,0,0,0,6,129,174.1071966618874,128.34584807980204,428.39713734072654,300.0512892609245,0.5,6
261,uniform,24,4,4,6,129,192.35058525582778,128.34584807980204,428.39713734072654,300.0512892609245,0.5,6
261,uncertainty,24,0,12,6,127,201.7324999930057,155.69207049032832,428.39713734072654,272.7050668503982,0.6666666666666666,6
261,portfolio_voi,24,3,6,6,127,213.14840616713994,181.87890272139543,428.39713734072654,246.5182346193311,0.6666666666666666,6
262,no_followup,0,0,0,6,130,256.0615955800058,187.039644585466,415.19669837305366,228.15705378758767,0.5,6
262,uniform,24,4,4,6,130,256.0615955800058,187.039644585466,415.19669837305366,228.15705378758767,0.5,6
262,uncertainty,24,0,12,6,123,273.56036819196066,368.556393857167,415.19669837305366,46.64030451588667,0.8333333333333334,6
262,portfolio_voi,24,1,10,6,121,307.73742072921857,370.556393857167,415.19669837305366,44.64030451588667,0.8333333333333334,6
263,no_followup,0,0,0,4,107,165.63288609765632,90.03316142894073,358.3277601378438,268.2945987089031,0.5,6
263,uniform,24,4,4,5,128,197.53860989072118,152.4395341559873,358.3277601378438,205.88822598185652,0.6,6
263,uncertainty,24,0,12,4,113,193.69775648734696,154.08486393727492,358.3277601378438,204.2428962005689,0.75,6
263,portfolio_voi,24,0,12,4,113,202.47642730495477,154.08486393727492,358.3277601378438,204.2428962005689,0.75,6
264,no_followup,0,0,0,5,121,156.50556284256564,106.20551052315056,370.76370912774723,264.55819860459667,0.6,6
264,uniform,24,4,4,5,121,172.67909322227388,106.20551052315056,370.76370912774723,264.55819860459667,0.6,6
264,uncertainty,24,0,12,5,124,177.52587018628742,49.80473269983973,370.76370912774723,320.9589764279075,0.4,6
264,portfolio_voi,24,2,8,5,126,202.42390018138565,188.25503914945284,370.76370912774723,182.5086699782944,0.8,6
265,no_followup,0,0,0,6,127,153.7431313409471,291.82383579585553,425.9196432607133,134.09580746485778,0.8333333333333334,6
265,uniform,24,4,4,6,128,150.51402748940845,261.50822460581156,425.9196432607133,164.41141865490175,0.8333333333333334,6
265,uncertainty,24,0,12,6,123,229.19876478428313,295.7168628489106,425.9196432607133,130.20278041180273,0.8333333333333334,6
265,portfolio_voi,24,1,10,6,125,276.5834666616701,302.50806716004126,425.9196432607133,123.41157610067205,0.8333333333333334,6
266,no_followup,0,0,0,6,130,248.39824175086994,353.0731390818843,434.6722352102761,81.5990961283918,0.8333333333333334,6
266,uniform,24,4,4,5,127,297.2309106939436,378.61829695667006,434.6722352102761,56.05393825360602,1.0,6
266,uncertainty,24,0,12,5,129,302.3899795368392,368.578121102885,434.6722352102761,66.09411410739108,1.0,6
266,portfolio_voi,24,2,8,5,127,347.5091139342476,378.61829695667006,434.6722352102761,56.05393825360602,1.0,6
267,no_followup,0,0,0,6,127,177.24581917722242,192.73374666772943,366.39217596386527,173.65842929613584,0.6666666666666666,6
267,uniform,24,4,4,6,127,177.24581917722242,192.73374666772943,366.39217596386527,173.65842929613584,0.6666666666666666,6
267,uncertainty,24,0,12,6,127,181.73335072627071,192.73374666772943,366.39217596386527,173.65842929613584,0.6666666666666666,6
267,portfolio_voi,24,3,6,6,128,230.30085726141377,272.18001504069923,366.39217596386527,94.21216092316604,0.8333333333333334,6
268,no_followup,0,0,0,6,125,233.73537159391367,317.4819274582949,425.83529166853555,108.35336421024067,0.8333333333333334,6
268,uniform,24,4,4,6,125,239.9947232524946,317.4819274582949,425.83529166853555,108.35336421024067,0.8333333333333334,6
268,uncertainty,24,0,12,6,125,265.43979772447733,317.4819274582949,425.83529166853555,108.35336421024067,0.8333333333333334,6
268,portfolio_voi,24,3,6,6,130,282.06149105566305,312.4819274582949,425.83529166853555,113.35336421024067,0.8333333333333334,6
269,no_followup,0,0,0,6,128,242.71715750112776,324.6940415508351,358.30024478790193,33.606203237066836,0.8333333333333334,5
269,uniform,24,4,4,6,128,284.042241129719,324.6940415508351,358.30024478790193,33.606203237066836,0.8333333333333334,5
269,uncertainty,24,2,8,6,128,284.042241129719,324.6940415508351,358.30024478790193,33.606203237066836,0.8333333333333334,5
269,portfolio_voi,24,3,6,5,111,292.7935931046905,358.30024478790193,358.30024478790193,0.0,1.0,5
270,no_followup,0,0,0,6,125,211.22968127260762,387.4916624887022,425.9757860475207,38.48412355881851,1.0,6
270,uniform,24,4,4,6,125,211.22968127260762,387.4916624887022,425.9757860475207,38.48412355881851,1.0,6
270,uncertainty,24,0,12,6,129,239.45067628620018,375.9145504001377,425.9757860475207,50.061235647383,1.0,6
270,portfolio_voi,24,3,6,6,128,295.8617428673266,381.99195103355544,425.9757860475207,43.98383501396529,1.0,6
271,no_followup,0,0,0,5,129,216.91352435900777,278.9927172025265,390.5928263828673,111.60010918034084,0.8,5
271,uniform,24,4,4,5,129,217.8597042537447,278.9927172025265,390.5928263828673,111.60010918034084,0.8,5
271,uncertainty,24,0,12,5,130,208.9810438858168,360.2275713192247,390.5928263828673,30.36525506364262,1.0,5
271,portfolio_voi,24,1,10,5,121,235.10270521653158,377.4575926882021,390.5928263828673,13.135233694665203,1.0,5
272,no_followup,0,0,0,5,121,183.63029076874602,38.01099126499223,395.8944215646844,357.8834302996922,0.4,6
272,uniform,24,4,4,5,121,184.65941938101585,38.01099126499223,395.8944215646844,357.8834302996922,0.4,6
272,uncertainty,24,1,10,5,121,194.31200348486385,233.69183491441902,395.8944215646844,162.2025866502654,0.8,6
272,portfolio_voi,24,2,8,5,128,235.03921362850033,71.38497206619354,395.8944215646844,324.5094494984909,0.4,6
273,no_followup,0,0,0,5,121,205.1372711154553,163.83804832009855,403.65597727527165,239.8179289551731,0.6,6
273,uniform,24,4,4,6,130,229.97763592728785,233.11821206617938,403.65597727527165,170.53776520909227,0.6666666666666666,6
273,uncertainty,24,0,12,6,130,221.70049533363795,233.11821206617938,403.65597727527165,170.53776520909227,0.6666666666666666,6
273,portfolio_voi,24,0,12,5,119,221.04272891739086,176.6765551751765,403.65597727527165,226.97942210009515,0.6,6
274,no_followup,0,0,0,6,119,284.5427704673629,186.73402703781375,455.61414604298096,268.8801190051672,0.5,6
274,uniform,24,4,4,6,126,304.9519824330608,157.83535984346548,455.61414604298096,297.7787861995155,0.5,6
274,uncertainty,24,0,12,6,130,343.3623311843138,258.4599889130162,455.61414604298096,197.15415712996474,0.6666666666666666,6
274,portfolio_voi,24,3,6,6,128,351.7597014095816,364.4945211528144,455.61414604298096,91.11962489016656,0.8333333333333334,6
275,no_followup,0,0,0,6,129,254.15397111014954,377.60108714761856,466.56139034561363,88.96030319799507,1.0,6
275,uniform,24,4,4,6,126,266.39903621980443,307.78798056220046,466.56139034561363,158.77340978341317,0.8333333333333334,6
275,uncertainty,24,0,12,6,121,326.0032675300082,381.97122579591155,466.56139034561363,84.59016454970208,1.0,6
275,portfolio_voi,24,2,8,6,118,333.4056022757127,423.4799125731071,466.56139034561363,43.08147777250656,1.0,6
276,no_followup,0,0,0,6,119,225.27486280890906,290.55953306117885,482.65715956095664,192.0976264997778,0.8333333333333334,6
276,uniform,24,4,4,6,119,255.25432835883112,290.55953306117885,482.65715956095664,192.0976264997778,0.8333333333333334,6
276,uncertainty,24,1,10,6,122,287.9862389896617,327.06441676092584,482.65715956095664,155.5927428000308,0.8333333333333334,6
276,portfolio_voi,24,3,6,6,123,333.2040429439927,395.56624715385885,482.65715956095664,87.09091240709779,1.0,6
277,no_followup,0,0,0,4,94,141.53045504773587,70.07149995753042,315.42837977736974,245.35687981983932,0.5,5
277,uniform,24,4,4,4,94,149.794562567382,70.07149995753042,315.42837977736974,245.35687981983932,0.5,5
277,uncertainty,24,1,10,5,123,176.76250386381258,187.37875872926438,315.42837977736974,128.04962104810537,0.8,5
277,portfolio_voi,24,2,8,5,125,167.691002864894,221.27374284384348,315.42837977736974,94.15463693352626,0.8,5
278,no_followup,0,0,0,6,127,138.79329162760285,352.21285419720704,433.73919560458467,81.52634140737763,1.0,6
278,uniform,24,4,4,5,125,203.12506103628186,260.22418811631553,433.73919560458467,173.51500748826913,1.0,6
278,uncertainty,24,0,12,5,126,239.26124675113414,305.1250445409857,433.73919560458467,128.61415106359897,1.0,6
278,portfolio_voi,24,3,6,6,128,315.8053817264084,375.763623884647,433.73919560458467,57.97557171993765,1.0,6
279,no_followup,0,0,0,6,130,258.2929871234782,198.6729670668312,356.0140506974018,157.34108363057058,0.6666666666666666,6
279,uniform,24,4,4,6,130,258.2929871234782,198.6729670668312,356.0140506974018,157.34108363057058,0.6666666666666666,6
279,uncertainty,24,0,12,6,125,257.19982479468877,275.15022885651865,356.0140506974018,80.86382184088313,0.8333333333333334,6
279,portfolio_voi,24,3,6,6,125,320.5435263622267,275.15022885651865,356.0140506974018,80.86382184088313,0.8333333333333334,6
280,no_followup,0,0,0,6,109,275.54254124686076,418.03769025065424,490.6517751792959,72.61408492864166,1.0,6
280,uniform,24,4,4,6,119,282.5586930475272,399.49283974410315,490.6517751792959,91.15893543519275,1.0,6
280,uncertainty,24,0,12,6,109,321.33952456332855,418.03769025065424,490.6517751792959,72.61408492864166,1.0,6
280,portfolio_voi,24,0,12,6,115,376.7307772494223,445.5838270351886,490.6517751792959,45.06794814410728,1.0,6
281,no_followup,0,0,0,5,118,232.48419935673112,133.1022141126528,281.75271246484914,148.65049835219634,0.6,5
281,uniform,24,4,4,5,118,232.48419935673112,133.1022141126528,281.75271246484914,148.65049835219634,0.6,5
281,uncertainty,24,0,12,5,121,232.54741436954131,142.45489309739568,281.75271246484914,139.29781936745346,0.6,5
281,portfolio_voi,24,1,10,5,127,278.72584655835703,141.13401778612004,281.75271246484914,140.6186946787291,0.6,5
282,no_followup,0,0,0,6,121,201.06875275351666,445.3795373012751,492.75411386669487,47.37457656541977,1.0,6
282,uniform,24,4,4,6,121,209.32860919547028,445.3795373012751,492.75411386669487,47.37457656541977,1.0,6
282,uncertainty,24,0,12,6,121,318.47726986652873,445.3795373012751,492.75411386669487,47.37457656541977,1.0,6
282,portfolio_voi,24,0,12,6,121,335.3183666808402,388.5685714799746,492.75411386669487,104.18554238672027,0.8333333333333334,6
283,no_followup,0,0,0,6,119,200.11193484686174,48.743323301029875,377.3014703427118,328.55814704168193,0.3333333333333333,6
283,uniform,24,4,4,6,130,229.60978872598957,97.97569695057528,377.3014703427118,279.3257733921365,0.5,6
283,uncertainty,24,2,8,6,125,253.830855170946,140.75149860763966,377.3014703427118,236.54997173507215,0.5,6
283,portfolio_voi,24,3,6,6,126,244.39989098260685,139.75149860763966,377.3014703427118,237.54997173507215,0.5,6
284,no_followup,0,0,0,5,127,133.4902646502424,193.44631072835895,355.99828958114244,162.5519788527835,0.8,6
284,uniform,24,4,4,6,130,155.6015016652422,260.79919982027917,355.99828958114244,95.19908976086327,0.8333333333333334,6
284,uncertainty,24,0,12,6,129,212.17511663056078,332.3072109671738,355.99828958114244,23.69107861396867,1.0,6
284,portfolio_voi,24,2,8,6,129,241.48317055694537,332.3072109671738,355.99828958114244,23.69107861396867,1.0,6
285,no_followup,0,0,0,6,130,178.34296074784967,193.883573966183,359.7650748844284,165.88150091824537,0.6666666666666666,5
285,uniform,24,4,4,6,130,214.6545769719354,193.883573966183,359.7650748844284,165.88150091824537,0.6666666666666666,5
285,uncertainty,24,1,10,6,130,196.79883295928158,193.883573966183,359.7650748844284,165.88150091824537,0.6666666666666666,5
285,portfolio_voi,24,4,4,6,120,287.0718972432412,203.883573966183,359.7650748844284,155.88150091824537,0.6666666666666666,5
286,no_followup,0,0,0,6,128,166.2300325077982,291.866270722652,390.4620819538922,98.59581123124019,0.8333333333333334,6
286,uniform,24,4,4,6,130,190.99251157137365,237.92802544217483,390.4620819538922,152.53405651171738,0.6666666666666666,6
286,uncertainty,24,0,12,6,128,248.90125309608595,327.8182913793799,390.4620819538922,62.64379057451231,0.8333333333333334,6
286,portfolio_voi,24,2,8,6,130,274.8764821150723,312.69153392160064,390.4620819538922,77.77054803229157,0.8333333333333334,6
287,no_followup,0,0,0,6,129,244.17158050043764,364.966196078676,482.3121597515316,117.34596367285565,0.8333333333333334,6
287,uniform,24,4,4,6,129,244.17158050043764,364.966196078676,482.3121597515316,117.34596367285565,0.8333333333333334,6
287,uncertainty,24,0,12,6,127,332.66332878999424,371.4206657328113,482.3121597515316,110.89149401872032,0.8333333333333334,6
287,portfolio_voi,24,2,8,6,121,315.9329996446496,360.92557251457134,482.3121597515316,121.38658723696028,0.8333333333333334,6
288,no_followup,0,0,0,6,127,198.63532848750512,265.32741856637983,467.55699636043545,202.22957779405561,0.6666666666666666,6
288,uniform,24,4,4,6,127,214.48620690853159,265.32741856637983,467.55699636043545,202.22957779405561,0.6666666666666666,6
288,uncertainty,24,0,12,6,130,244.16324992937854,253.43889325695642,467.55699636043545,214.11810310347903,0.6666666666666666,6
288,portfolio_voi,24,0,12,6,130,258.5317649681736,253.43889325695642,467.55699636043545,214.11810310347903,0.6666666666666666,6
289,no_followup,0,0,0,6,129,225.18810778034316,286.7952419412497,369.70788391632504,82.91264197507536,0.8333333333333334,6
289,uniform,24,4,4,6,125,223.30338085249798,297.3480774510082,369.70788391632504,72.35980646531686,0.8333333333333334,6
289,uncertainty,24,1,10,6,130,267.2301402003047,364.56014946622054,369.70788391632504,5.147734450104508,1.0,6
289,portfolio_voi,24,1,10,5,116,222.35208086751277,272.01917308121773,369.70788391632504,97.68871083510732,1.0,6
290,no_followup,0,0,0,6,129,195.4775491022218,350.15146942257616,483.30244223343436,133.1509728108582,0.8333333333333334,6
290,uniform,24,4,4,6,129,200.38535651218925,350.15146942257616,483.30244223343436,133.1509728108582,0.8333333333333334,6
290,uncertainty,24,1,10,6,128,207.63357621137536,385.4083372876049,483.30244223343436,97.89410494582944,1.0,6
290,portfolio_voi,24,2,8,6,124,245.5986932135585,409.2106269684242,483.30244223343436,74.09181526501015,1.0,6
291,no_followup,0,0,0,5,129,235.30183190307082,320.01640956607696,371.4547040121797,51.43829444610276,1.0,6
291,uniform,24,4,4,5,129,245.75254882519536,320.01640956607696,371.4547040121797,51.43829444610276,1.0,6
291,uncertainty,24,1,10,5,126,256.5978520416061,326.45711748873873,371.4547040121797,44.99758652344099,1.0,6
291,portfolio_voi,24,2,8,6,128,310.1099525289842,311.5224334643067,371.4547040121797,59.93227054787303,0.8333333333333334,6
292,no_followup,0,0,0,6,119,257.1902996232527,455.0131854498899,455.0131854498899,0.0,1.0,6
292,uniform,24,4,4,6,119,274.90968591441,455.0131854498899,455.0131854498899,0.0,1.0,6
292,uncertainty,24,1,10,6,119,313.0227568324076,455.0131854498899,455.0131854498899,0.0,1.0,6
292,portfolio_voi,24,3,6,6,119,360.0347984099473,455.0131854498899,455.0131854498899,0.0,1.0,6
293,no_followup,0,0,0,5,121,128.3609662734183,45.816075580306105,427.51961932771536,381.70354374740924,0.4,6
293,uniform,24,4,4,6,130,142.913074216782,227.69099476234186,427.51961932771536,199.8286245653735,0.6666666666666666,6
293,uncertainty,24,0,12,6,129,207.5536307233724,192.60239942054747,427.51961932771536,234.9172199071679,0.6666666666666666,6
293,portfolio_voi,24,2,8,6,122,243.71511000304352,382.93276811568285,427.51961932771536,44.586851212032514,1.0,6
294,no_followup,0,0,0,5,119,129.00085575898459,-27.939328834910754,334.3840372779651,362.3233661128759,0.2,5
294,uniform,24,4,4,5,128,121.96079724406731,52.22522507704653,334.3840372779651,282.15881220091853,0.4,5
294,uncertainty,24,0,12,5,128,145.60690853329095,45.297724967625044,334.3840372779651,289.0863123103401,0.4,5
294,portfolio_voi,24,1,10,5,124,211.52669155376498,172.3593131255816,334.3840372779651,162.0247241523835,0.6,5
295,no_followup,0,0,0,5,130,185.52263589499145,191.11701012044097,264.16591079883005,73.04890067838909,0.8,5
295,uniform,24,4,4,5,127,194.6016986171499,146.82401324896216,264.16591079883005,117.3418975498679,0.6,5
295,uncertainty,24,1,10,5,130,199.36514540304742,97.66903197681,264.16591079883005,166.49687882202005,0.6,5
295,portfolio_voi,24,4,4,4,120,195.12071607075325,153.82401324896216,264.16591079883005,110.3418975498679,0.75,5
296,no_followup,0,0,0,6,129,130.01295979011104,93.4679121609151,265.413797316982,171.94588515606694,0.5,5
296,uniform,24,4,4,6,130,121.18235153800167,92.4679121609151,265.413797316982,172.94588515606694,0.5,5
296,uncertainty,24,0,12,6,125,154.4180728406327,145.8786238193947,265.413797316982,119.53517349758732,0.6666666666666666,5
296,portfolio_voi,24,2,8,6,130,174.63465733938722,92.4679121609151,265.413797316982,172.94588515606694,0.5,5
297,no_followup,0,0,0,5,122,173.93729968796845,80.7116555571609,368.37483003016314,287.66317447300224,0.4,5
297,uniform,24,4,4,5,125,240.236779863754,179.03631241015546,368.37483003016314,189.33851762000768,0.6,5
297,uncertainty,24,0,12,5,125,256.669291038652,272.9391190942175,368.37483003016314,95.43571093594562,0.8,5
297,portfolio_voi,24,1,10,5,127,294.6289133381827,270.9391190942175,368.37483003016314,97.43571093594562,0.8,5
298,no_followup,0,0,0,5,122,103.13718923976562,-122.0,304.6703506867967,426.6703506867967,0.0,5
298,uniform,24,4,4,6,129,100.00512985509387,11.521677214496151,304.6703506867967,293.1486734723006,0.3333333333333333,5
298,uncertainty,24,0,12,5,129,108.36056216055873,7.14587776536429,304.6703506867967,297.52447292143245,0.4,5
298,portfolio_voi,24,2,8,5,108,200.0824000365722,-18.50854754095188,304.6703506867967,323.1788982277486,0.2,5
299,no_followup,0,0,0,5,126,190.3584312580956,213.97132495650513,326.08449093054276,112.11316597403763,0.8,6
299,uniform,24,4,4,5,127,161.38245581108828,267.4415759305638,326.08449093054276,58.642914999978984,1.0,6
299,uncertainty,24,3,6,5,119,236.14909607014005,211.01948677719898,326.08449093054276,115.06500415334378,0.8,6
299,portfolio_voi,24,4,4,6,128,262.5677435661868,280.3300685039536,326.08449093054276,45.754422426589144,0.8333333333333334,6
300,no_followup,0,0,0,5,121,163.67412142145554,244.2535392669472,456.0684067050663,211.8148674381191,0.8,6
300,uniform,24,4,4,5,123,174.38674286072415,249.6265021245198,456.0684067050663,206.44190458054652,0.8,6
300,uncertainty,24,1,10,5,126,210.52290070921615,307.6376738495541,456.0684067050663,148.4307328555122,1.0,6
300,portfolio_voi,24,3,6,5,124,207.85883026088177,286.3549078399949,456.0684067050663,169.71349886507141,1.0,6
301,no_followup,0,0,0,6,130,170.3550973254891,392.20043634716774,400.13395528268995,7.9335189355222155,1.0,6
301,uniform,24,4,4,6,130,170.3550973254891,392.20043634716774,400.13395528268995,7.9335189355222155,1.0,6
301,uncertainty,24,0,12,6,130,262.6475413550679,364.06784690437655,400.13395528268995,36.0661083783134,1.0,6
301,portfolio_voi,24,1,10,6,121,256.3383872533155,392.1171217415214,400.13395528268995,8.01683354116858,1.0,6
302,no_followup,0,0,0,5,122,171.71524995425457,150.97504357932812,407.2080896463681,256.23304606703994,0.6,6
302,uniform,24,4,4,5,122,187.52970565616,138.89131940560605,407.2080896463681,268.316770240762,0.6,6
302,uncertainty,24,0,12,5,128,249.22055400677922,252.5976471647814,407.2080896463681,154.6104424815867,0.8,6
302,portfolio_voi,24,3,6,5,122,267.4781856462972,304.0733196139712,407.2080896463681,103.13477003239689,1.0,6
303,no_followup,0,0,0,6,124,190.74294918752372,400.49894986047656,437.4083865191097,36.909436658633126,1.0,6
303,uniform,24,4,4,6,124,190.74294918752372,400.49894986047656,437.4083865191097,36.909436658633126,1.0,6
303,uncertainty,24,0,12,6,124,254.08030718172608,400.49894986047656,437.4083865191097,36.909436658633126,1.0,6
303,portfolio_voi,24,4,4,6,124,319.1682451760104,400.49894986047656,437.4083865191097,36.909436658633126,1.0,6
304,no_followup,0,0,0,5,121,263.4916625691173,272.6865024043215,364.3834328813381,91.69693047701656,0.8,5
304,uniform,24,4,4,5,124,272.02415110703265,265.69819721972556,364.3834328813381,98.68523566161252,0.8,5
304,uncertainty,24,1,10,5,125,270.965471527345,269.60905617014646,364.3834328813381,94.77437671119162,0.8,5
304,portfolio_voi,24,2,8,5,126,325.7918822313431,351.20573212540745,364.3834328813381,13.17770075593063,1.0,5
305,no_followup,0,0,0,6,127,153.4432057360636,263.6374195115323,386.341744164215,122.70432465268271,0.8333333333333334,6
305,uniform,24,4,4,6,128,167.21115624471378,271.9066444368291,386.341744164215,114.43509972738593,0.8333333333333334,6
305,uncertainty,24,0,12,6,129,184.68954339538686,359.7749526837703,386.341744164215,26.566791480444692,1.0,6
305,portfolio_voi,24,1,10,6,128,241.94085828201588,323.4096851386924,386.341744164215,62.93205902552262,0.8333333333333334,6
306,no_followup,0,0,0,6,121,252.72475814718513,201.30305279357967,467.3556695830399,266.0526167894602,0.5,6
306,uniform,24,4,4,5,127,281.6262578556488,396.5713799025722,467.3556695830399,70.78428968046774,1.0,6
306,uncertainty,24,0,12,6,130,351.66626297300934,467.3556695830399,467.3556695830399,0.0,1.0,6
306,portfolio_voi,24,1,10,6,130,416.91444839038496,374.1737429660169,467.3556695830399,93.18192661702301,0.8333333333333334,6
307,no_followup,0,0,0,6,120,155.71119738213017,257.431453971616,430.72501472656234,173.29356075494633,0.6666666666666666,6
307,uniform,24,4,4,6,112,197.2691482205711,340.97653397070314,430.72501472656234,89.74848075585919,0.8333333333333334,6
307,uncertainty,24,0,12,6,119,290.16716023627964,403.3662013076831,430.72501472656234,27.35881341887921,1.0,6
307,portfolio_voi,24,1,10,6,111,317.19025432752494,423.65658763898796,430.72501472656234,7.068427087574378,1.0,6
308,no_followup,0,0,0,6,130,231.72215023991242,167.88918416278602,391.983039683055,224.09385552026896,0.6666666666666666,6
308,uniform,24,4,4,6,130,231.72215023991242,167.88918416278602,391.983039683055,224.09385552026896,0.6666666666666666,6
308,uncertainty,24,0,12,6,130,263.3963129795957,214.0587713271004,391.983039683055,177.92426835595458,0.6666666666666666,6
308,portfolio_voi,24,0,12,6,128,272.4697454954875,290.6162219159917,391.983039683055,101.36681776706331,0.8333333333333334,6
309,no_followup,0,0,0,6,128,220.36699880352245,317.6376995730978,457.36309358853737,139.72539401543958,0.8333333333333334,6
309,uniform,24,4,4,6,128,237.05853938958708,317.6376995730978,457.36309358853737,139.72539401543958,0.8333333333333334,6
309,uncertainty,24,0,12,6,128,272.5260917524613,225.45781874075257,457.36309358853737,231.9052748477848,0.6666666666666666,6
309,portfolio_voi,24,4,4,6,122,350.83473428931154,355.3102962711995,457.36309358853737,102.05279731733788,0.8333333333333334,6
310,no_followup,0,0,0,5,128,217.7673564586287,239.97619852536974,441.0026991972247,201.02650067185493,0.8,6
310,uniform,24,4,4,5,128,217.7673564586287,239.97619852536974,441.0026991972247,201.02650067185493,0.8,6
310,uncertainty,24,0,12,5,125,275.96953993221587,239.77488005800956,441.0026991972247,201.22781913921511,0.8,6
310,portfolio_voi,24,2,8,6,125,331.5812936590958,248.2404372168681,441.0026991972247,192.76226198035658,0.6666666666666666,6
311,no_followup,0,0,0,5,127,211.29547708218178,211.91663941051553,342.86448670262223,130.9478472921067,0.8,6
311,uniform,24,4,4,5,123,225.2983447759866,144.52739265579615,342.86448670262223,198.33709404682608,0.6,6
311,uncertainty,24,0,12,5,123,272.20424316451505,144.52739265579615,342.86448670262223,198.33709404682608,0.6,6
311,portfolio_voi,24,3,6,5,127,283.88148894287815,211.91663941051553,342.86448670262223,130.9478472921067,0.8,6
312,no_followup,0,0,0,5,120,173.07892436235943,150.03299149566723,382.18352289056196,232.15053139489473,0.6,6
312,uniform,24,4,4,6,128,175.88555871584398,298.5359964700565,382.18352289056196,83.64752642050547,0.8333333333333334,6
312,uncertainty,24,1,10,6,124,260.89440246477477,325.0624209394818,382.18352289056196,57.12110195108016,0.8333333333333334,6
312,portfolio_voi,24,3,6,6,128,242.10456756597202,298.5359964700565,382.18352289056196,83.64752642050547,0.8333333333333334,6
313,no_followup,0,0,0,6,130,151.48182892505574,149.69331843129706,403.2144071579944,253.52108872669734,0.6666666666666666,6
313,uniform,24,4,4,6,130,155.6049312887999,149.69331843129706,403.2144071579944,253.52108872669734,0.6666666666666666,6
313,uncertainty,24,0,12,6,123,262.36800639493197,171.9173893937053,403.2144071579944,231.2970177642891,0.6666666666666666,6
313,portfolio_voi,24,2,8,6,116,282.06286946446744,276.3191265984584,403.2144071579944,126.89528055953599,0.8333333333333334,6
314,no_followup,0,0,0,6,128,200.57225953986057,231.60259025360835,419.37722861476794,187.7746383611596,0.6666666666666666,6
314,uniform,24,4,4,6,128,204.98408327613106,231.60259025360835,419.37722861476794,187.7746383611596,0.6666666666666666,6
314,uncertainty,24,0,12,5,114,249.70548972364833,285.08031676761976,419.37722861476794,134.29691184714818,0.8,6
314,portfolio_voi,24,2,8,6,129,313.67424806789506,323.22827216315545,419.37722861476794,96.14895645161249,0.8333333333333334,6
315,no_followup,0,0,0,6,127,157.65118364155302,155.04001899354407,392.77238904448745,237.7323700509434,0.5,6
315,uniform,24,4,4,5,127,155.7629758004612,241.27831925907697,392.77238904448745,151.4940697854105,0.8,6
315,uncertainty,24,0,12,5,127,168.70709880294882,244.46807316910633,392.77238904448745,148.30431587538112,0.8,6
315,portfolio_voi,24,1,10,5,116,179.75047983279333,356.4402040956272,392.77238904448745,36.33218494886023,1.0,6
316,no_followup,0,0,0,5,116,175.4209827905815,268.53130227844247,375.37578265224516,106.8444803738027,0.8,6
316,uniform,24,4,4,5,115,184.08757523549872,335.74008807853016,375.37578265224516,39.635694573715,1.0,6
316,uncertainty,24,0,12,5,121,266.73518821290253,330.0107145025543,375.37578265224516,45.36506814969084,1.0,6
316,portfolio_voi,24,2,8,5,124,319.14188144336225,347.69402438578163,375.37578265224516,27.681758266463532,1.0,6
317,no_followup,0,0,0,5,124,204.05942931417576,220.6436398044391,431.29506864802437,210.65142884358528,0.8,6
317,uniform,24,4,4,5,124,227.19716863003305,220.6436398044391,431.29506864802437,210.65142884358528,0.8,6
317,uncertainty,24,0,12,5,120,280.682762074793,308.25677627565926,431.29506864802437,123.0382923723651,1.0,6
317,portfolio_voi,24,1,10,5,120,268.4892812167453,308.25677627565926,431.29506864802437,123.0382923723651,1.0,6
318,no_followup,0,0,0,6,109,233.8823341766137,108.68242626489423,351.25679267965614,242.57436641476193,0.5,6
318,uniform,24,4,4,6,115,261.87329179114596,102.68242626489423,351.25679267965614,248.57436641476193,0.5,6
318,uncertainty,24,1,10,6,117,279.296372423701,168.06213542688045,351.25679267965614,183.1946572527757,0.6666666666666666,6
318,portfolio_voi,24,1,10,6,111,268.1382076302194,256.52105808003006,351.25679267965614,94.73573459962608,0.8333333333333334,6
319,no_followup,0,0,0,5,122,175.12939712058642,217.07861384050196,299.68348886626256,82.6048750257606,0.8,5
319,uniform,24,4,4,5,123,185.0270225585997,139.04327143951298,299.68348886626256,160.6402174267496,0.6,5
319,uncertainty,24,1,10,5,121,197.07109287149348,210.1420795994102,299.68348886626256,89.54140926685236,0.8,5
319,portfolio_voi,24,3,6,6,129,202.43796727193688,133.04327143951298,299.68348886626256,166.6402174267496,0.5,5
320,no_followup,0,0,0,5,124,165.84481492810826,299.0128898020649,382.16798720887755,83.15509740681267,1.0,6
320,uniform,24,4,4,5,127,174.38025656548513,275.19810223311305,382.16798720887755,106.9698849757645,1.0,6
320,uncertainty,24,1,10,5,124,188.94030489126126,299.0128898020649,382.16798720887755,83.15509740681267,1.0,6
320,portfolio_voi,24,3,6,5,115,249.12648171214155,319.4629258603593,382.16798720887755,62.70506134851826,1.0,6
321,no_followup,0,0,0,6,121,203.3188393061252,424.16739123567663,443.46061169881375,19.293220463137118,1.0,6
321,uniform,24,4,4,6,121,274.03419987140614,424.16739123567663,443.46061169881375,19.293220463137118,1.0,6
321,uncertainty,24,0,12,6,121,276.5847931650119,424.16739123567663,443.46061169881375,19.293220463137118,1.0,6
321,portfolio_voi,24,4,4,6,125,330.58312342787076,438.8794241258356,443.46061169881375,4.581187572978138,1.0,6
322,no_followup,0,0,0,6,130,219.443576692519,293.5193919608426,372.56759442891405,79.04820246807145,0.8333333333333334,6
322,uniform,24,4,4,6,130,230.15190371646398,293.5193919608426,372.56759442891405,79.04820246807145,0.8333333333333334,6
322,uncertainty,24,1,10,6,130,263.06198895433346,293.5193919608426,372.56759442891405,79.04820246807145,0.8333333333333334,6
322,portfolio_voi,24,1,10,5,111,261.75347236325615,312.5193919608426,372.56759442891405,60.04820246807145,1.0,6
323,no_followup,0,0,0,5,129,245.05283363360712,320.2960013069353,422.5604981401124,102.26449683317708,1.0,6
323,uniform,24,4,4,5,129,259.77753877544063,320.2960013069353,422.5604981401124,102.26449683317708,1.0,6
323,uncertainty,24,0,12,6,129,272.41826313468596,279.27633736437326,422.5604981401124,143.2841607757391,0.8333333333333334,6
323,portfolio_voi,24,3,6,5,116,296.6106374832459,344.65266502302336,422.5604981401124,77.90783311708901,1.0,6
324,no_followup,0,0,0,6,122,208.69641396818145,270.4176636955811,466.5129539536274,196.0952902580463,0.6666666666666666,6
324,uniform,24,4,4,6,120,252.7695782535443,322.3764816344603,466.5129539536274,144.13647231916713,0.8333333333333334,6
324,uncertainty,24,0,12,6,120,286.7087885115457,417.7900732147574,466.5129539536274,48.72288073887,1.0,6
324,portfolio_voi,24,2,8,6,120,314.4880743762854,417.7900732147574,466.5129539536274,48.72288073887,1.0,6
325,no_followup,0,0,0,5,128,183.30544299125086,136.87089760733198,354.83315893931655,217.96226133198456,0.6,5
325,uniform,24,4,4,6,128,195.84252483950107,167.71638629406385,354.83315893931655,187.1167726452527,0.6666666666666666,5
325,uncertainty,24,1,10,5,128,195.33920833445666,188.75519507081202,354.83315893931655,166.07796386850453,0.8,5
325,portfolio_voi,24,1,10,5,125,220.64049792399308,248.4214831900735,354.83315893931655,106.41167574924305,1.0,5
326,no_followup,0,0,0,6,120,208.83149202364532,287.01233207511325,423.616433978995,136.60410190388177,0.8333333333333334,6
326,uniform,24,4,4,6,120,213.62059249012873,287.01233207511325,423.616433978995,136.60410190388177,0.8333333333333334,6
326,uncertainty,24,1,10,6,124,298.1804003197951,299.5217395846374,423.616433978995,124.09469439435765,0.8333333333333334,6
326,portfolio_voi,24,2,8,6,109,294.99427759949094,298.01233207511325,423.616433978995,125.60410190388177,0.8333333333333334,6
327,no_followup,0,0,0,6,125,207.45044168897635,178.15604601662852,362.0731293682156,183.91708335158705,0.6666666666666666,6
327,uniform,24,4,4,6,125,234.01314593718246,178.15604601662852,362.0731293682156,183.91708335158705,0.6666666666666666,6
327,uncertainty,24,1,10,6,126,231.77281967080165,249.95709853470834,362.0731293682156,112.11603083350724,0.8333333333333334,6
327,portfolio_voi,24,2,8,6,113,263.1625428013449,266.75949127654474,362.0731293682156,95.31363809167084,0.8333333333333334,6
328,no_followup,0,0,0,5,128,218.57944855364403,258.1378098428829,322.18655562146466,64.04874577858175,0.8,5
328,uniform,24,4,4,5,128,230.2059842985572,258.1378098428829,322.18655562146466,64.04874577858175,0.8,5
328,uncertainty,24,0,12,5,123,256.4477153166156,267.0103170312756,322.18655562146466,55.17623859018909,0.8,5
328,portfolio_voi,24,1,10,5,119,248.33711970658493,271.0103170312756,322.18655562146466,51.17623859018909,0.8,5
329,no_followup,0,0,0,6,128,239.61546167736802,69.22624191903822,406.4603582568528,337.2341163378146,0.3333333333333333,6
329,uniform,24,4,4,6,129,243.4871040211188,68.22624191903822,406.4603582568528,338.2341163378146,0.3333333333333333,6
329,uncertainty,24,1,10,6,128,251.4892319463882,198.5457620190465,406.4603582568528,207.91459623780634,0.6666666666666666,6
329,portfolio_voi,24,2,8,6,128,263.66149801920216,327.92845470730356,406.4603582568528,78.53190354954927,0.8333333333333334,6
330,no_followup,0,0,0,5,120,98.66124297025115,91.62343296408568,294.2928518819665,202.66941891788082,0.6,6
330,uniform,24,4,4,5,115,140.074238715392,129.17110302618056,294.2928518819665,165.12174885578594,0.6,6
330,uncertainty,24,0,12,6,126,110.58704846998597,84.33094272657127,294.2928518819665,209.96190915539523,0.5,6
330,portfolio_voi,24,1,10,6,128,137.83449648984194,139.68075536854843,294.2928518819665,154.61209651341807,0.6666666666666666,6
331,no_followup,0,0,0,5,123,170.58271072777768,174.6704026424506,467.43129943605175,292.76089679360115,0.6,6
331,uniform,24,4,4,6,129,201.90228801158943,179.08201805945586,467.43129943605175,288.34928137659585,0.5,6
331,uncertainty,24,0,12,5,128,265.212246422985,158.63973618041837,467.43129943605175,308.7915632556334,0.6,6
331,portfolio_voi,24,2,8,5,110,297.41442849062605,295.3207479518435,467.43129943605175,172.11055148420826,0.8,6
332,no_followup,0,0,0,5,117,206.54439285537512,304.06051713261434,340.42455285079257,36.36403571817823,1.0,5
332,uniform,24,4,4,5,117,221.70839845338787,304.06051713261434,340.42455285079257,36.36403571817823,1.0,5
332,uncertainty,24,2,8,5,124,248.1554764306511,236.77560266378268,340.42455285079257,103.64895018700989,0.8,5
332,portfolio_voi,24,2,8,5,121,248.55881104308912,340.42455285079257,340.42455285079257,0.0,1.0,5
333,no_followup,0,0,0,5,110,215.32570617626507,303.5847198773392,377.56723188126676,73.98251200392758,1.0,6
333,uniform,24,4,4,5,110,216.86838498002405,303.5847198773392,377.56723188126676,73.98251200392758,1.0,6
333,uncertainty,24,2,8,6,130,280.74707212083325,330.9011024135938,377.56723188126676,46.66612946767299,1.0,6
333,portfolio_voi,24,2,8,5,110,257.3759111049116,303.5847198773392,377.56723188126676,73.98251200392758,1.0,6
334,no_followup,0,0,0,6,125,255.607645888964,368.28359997433733,446.66983268155735,78.38623270722002,1.0,6
334,uniform,24,4,4,6,125,260.18159341656605,368.28359997433733,446.66983268155735,78.38623270722002,1.0,6
334,uncertainty,24,0,12,6,129,291.1618821075789,396.1257309443716,446.66983268155735,50.54410173718577,1.0,6
334,portfolio_voi,24,1,10,6,125,311.61130522471075,398.35332328579267,446.66983268155735,48.31650939576468,1.0,6
335,no_followup,0,0,0,5,123,216.43995365134293,240.98650080793243,473.98991571326235,233.00341490532992,0.8,6
335,uniform,24,4,4,6,129,255.7170594109174,314.016520892623,473.98991571326235,159.97339482063933,0.8333333333333334,6
335,uncertainty,24,0,12,5,119,229.86258351177565,321.2617120744204,473.98991571326235,152.72820363884193,1.0,6
335,portfolio_voi,24,2,8,6,116,340.2007037940625,448.16156239401414,473.98991571326235,25.828353319248208,1.0,6
336,no_followup,0,0,0,5,120,158.34995560913967,225.19464319696948,349.3921112744703,124.19746807750084,0.8,5
336,uniform,24,4,4,5,120,172.42218643796298,225.19464319696948,349.3921112744703,124.19746807750084,0.8,5
336,uncertainty,24,0,12,5,120,195.13837732678758,225.19464319696948,349.3921112744703,124.19746807750084,0.8,5
336,portfolio_voi,24,3,6,5,128,297.57678218543185,321.1065570713705,349.3921112744703,28.28555420309982,1.0,5
337,no_followup,0,0,0,6,125,145.47463236534654,193.55542375546162,406.37127390241943,212.8158501469578,0.6666666666666666,6
337,uniform,24,4,4,6,127,171.16583624004147,268.22167703311084,406.37127390241943,138.1495968693086,0.8333333333333334,6
337,uncertainty,24,0,12,5,127,255.2697787521219,145.4403486160919,406.37127390241943,260.9309252863275,0.6,6
337,portfolio_voi,24,0,12,6,130,291.29530924374365,195.23006303885018,406.37127390241943,211.14121086356926,0.6666666666666666,6
338,no_followup,0,0,0,6,123,255.12927853574433,186.41657442235635,451.5157784477485,265.09920402539217,0.5,6
338,uniform,24,4,4,6,124,292.50233261301184,266.49230044153796,451.5157784477485,185.02347800621055,0.6666666666666666,6
338,uncertainty,24,0,12,6,123,253.64305251118282,249.58035502871257,451.5157784477485,201.93542341903594,0.6666666666666666,6
338,portfolio_voi,24,0,12,6,122,303.3256103461857,275.357635260896,451.5157784477485,176.1581431868525,0.6666666666666666,6
339,no_followup,0,0,0,5,129,175.85846356881393,211.28935456142452,390.68908402351246,179.39972946208795,0.8,6
339,uniform,24,4,4,5,127,179.26628676888419,167.28606093492607,390.68908402351246,223.4030230885864,0.8,6
339,uncertainty,24,0,12,5,130,222.21987460253953,169.25503505617195,390.68908402351246,221.43404896734052,0.8,6
339,portfolio_voi,24,2,8,5,130,264.1506879829799,202.5237384469169,390.68908402351246,188.16534557659557,0.8,6
340,no_followup,0,0,0,6,128,111.1723144890014,94.29342733650728,317.2971562996345,223.0037289631272,0.5,5
340,uniform,24,4,4,6,130,142.30469361752142,214.10110495257933,317.2971562996345,103.19605134705515,0.6666666666666666,5
340,uncertainty,24,2,8,5,130,122.4481603214835,196.5378805779317,317.2971562996345,120.75927572170278,0.8,5
340,portfolio_voi,24,2,8,6,130,193.56468703972612,214.10110495257933,317.2971562996345,103.19605134705515,0.6666666666666666,5
341,no_followup,0,0,0,6,129,239.9303147687994,281.8847682877082,426.6408029043942,144.756034616686,0.8333333333333334,6
341,uniform,24,4,4,6,127,277.91714991353604,378.04740541501315,426.6408029043942,48.59339748938106,1.0,6
341,uncertainty,24,0,12,6,122,282.5945343709033,397.3785329313472,426.6408029043942,29.26226997304701,1.0,6
341,portfolio_voi,24,2,8,6,130,342.34094480968866,418.86453186658275,426.6408029043942,7.776271037811455,1.0,6
342,no_followup,0,0,0,6,129,182.90234386504102,187.07078256070753,353.42107666409265,166.35029410338512,0.6666666666666666,6
342,uniform,24,4,4,6,126,200.53998627575209,162.26021693246076,353.42107666409265,191.1608597316319,0.6666666666666666,6
342,uncertainty,24,0,12,6,130,204.27991420521994,158.26021693246076,353.42107666409265,195.1608597316319,0.6666666666666666,6
342,portfolio_voi,24,1,10,6,130,222.49797482749477,158.26021693246076,353.42107666409265,195.1608597316319,0.6666666666666666,6
343,no_followup,0,0,0,5,127,113.68835328055584,76.638537009094,299.0740230314958,222.43548602240182,0.6,5
343,uniform,24,4,4,5,130,110.04895640336468,-34.75054631850157,299.0740230314958,333.8245693499974,0.4,5
343,uncertainty,24,0,12,5,118,151.6014147518829,66.8447744168291,299.0740230314958,232.22924861466672,0.6,5
343,portfolio_voi,24,2,8,5,128,146.15291223268892,44.30318150669595,299.0740230314958,254.77084152479986,0.6,5
344,no_followup,0,0,0,6,123,247.92671122997854,332.70127867804297,454.1406235037905,121.43934482574753,0.8333333333333334,6
344,uniform,24,4,4,6,130,281.66691714025205,409.547198599412,454.1406235037905,44.59342490437848,1.0,6
344,uncertainty,24,1,10,6,129,285.0246538612235,372.56948310556993,454.1406235037905,81.57114039822056,1.0,6
344,portfolio_voi,24,3,6,5,116,297.00800974132983,251.98357079693247,454.1406235037905,202.15705270685802,0.8,6
345,no_followup,0,0,0,6,118,206.74820380081917,207.1102610168478,341.91526833389116,134.80500731704336,0.6666666666666666,6
345,uniform,24,4,4,6,128,224.20583465430494,176.4957316070674,341.91526833389116,165.41953672682376,0.6666666666666666,6
345,uncertainty,24,1,10,6,129,227.75770213343674,269.3938320239723,341.91526833389116,72.52143630991884,0.8333333333333334,6
345,portfolio_voi,24,1,10,6,123,213.28919886746968,341.91526833389116,341.91526833389116,0.0,1.0,6
346,no_followup,0,0,0,6,125,159.55893050855812,203.15401446419858,383.5262937621158,180.37227929791723,0.6666666666666666,6
346,uniform,24,4,4,6,125,167.15866000808015,203.15401446419858,383.5262937621158,180.37227929791723,0.6666666666666666,6
346,uncertainty,24,1,10,6,127,199.27638720465495,209.99379862899954,383.5262937621158,173.53249513311627,0.6666666666666666,6
346,portfolio_voi,24,3,6,6,128,254.05721159916112,299.1931589144326,383.5262937621158,84.3331348476832,0.8333333333333334,6
347,no_followup,0,0,0,6,124,275.2780702179915,334.4323866966356,502.1085137983109,167.67612710167532,0.8333333333333334,6
347,uniform,24,4,4,6,115,287.6551139143023,335.3798455993684,502.1085137983109,166.7286681989425,0.8333333333333334,6
347,uncertainty,24,1,10,6,129,336.80349408765653,349.71061481502807,502.1085137983109,152.39789898328286,0.8333333333333334,6
347,portfolio_voi,24,1,10,6,129,382.358076186983,349.71061481502807,502.1085137983109,152.39789898328286,0.8333333333333334,6
348,no_followup,0,0,0,6,116,191.6093587397386,261.5264376840023,423.25682686921215,161.73038918520984,0.6666666666666666,6
348,uniform,24,4,4,6,116,183.49803536431907,261.5264376840023,423.25682686921215,161.73038918520984,0.6666666666666666,6
348,uncertainty,24,0,12,6,116,191.00042231848272,261.5264376840023,423.25682686921215,161.73038918520984,0.6666666666666666,6
348,portfolio_voi,24,2,8,6,120,244.46173640236088,340.6061350208445,423.25682686921215,82.65069184836767,0.8333333333333334,6
349,no_followup,0,0,0,6,128,250.84837724241103,261.3864537011857,432.6818275999635,171.29537389877783,0.8333333333333334,6
349,uniform,24,4,4,6,129,272.7661973355239,302.69640193568387,432.6818275999635,129.98542566427966,0.8333333333333334,6
349,uncertainty,24,0,12,6,130,344.88264193977807,308.1658535220057,432.6818275999635,124.51597407795782,0.8333333333333334,6
349,portfolio_voi,24,3,6,6,130,355.87045820903904,314.3467876919233,432.6818275999635,118.33503990804024,0.8333333333333334,6
350,no_followup,0,0,0,6,101,189.78264321265797,175.0798686987353,388.0549456805668,212.97507698183148,0.6666666666666666,6
350,uniform,24,4,4,6,101,189.78264321265797,175.0798686987353,388.0549456805668,212.97507698183148,0.6666666666666666,6
350,uncertainty,24,0,12,6,125,239.77509585794874,310.4368932663715,388.0549456805668,77.61805241419529,1.0,6
350,portfolio_voi,24,1,10,6,105,249.59644491251075,260.0863729613244,388.0549456805668,127.96857271924239,0.8333333333333334,6
351,no_followup,0,0,0,6,130,137.68493808034737,125.07435584753406,342.35322173655396,217.2788658890199,0.5,6
351,uniform,24,4,4,5,120,130.6548055979698,60.12846521718299,342.35322173655396,282.224756519371,0.4,6
351,uncertainty,24,1,10,6,128,167.47054922000484,174.6007485609387,342.35322173655396,167.75247317561525,0.6666666666666666,6
351,portfolio_voi,24,2,8,6,130,186.37597282367898,182.36444664949892,342.35322173655396,159.98877508705505,0.6666666666666666,6
352,no_followup,0,0,0,6,128,225.29497696906895,249.62852426113312,448.406729482253,198.7782052211199,0.6666666666666666,6
352,uniform,24,4,4,6,128,225.29497696906895,249.62852426113312,448.406729482253,198.7782052211199,0.6666666666666666,6
352,uncertainty,24,0,12,6,128,301.1778661987395,321.8807536847487,448.406729482253,126.52597579750432,0.8333333333333334,6
352,portfolio_voi,24,1,10,6,127,309.2473731579457,435.96287173282326,448.406729482253,12.443857749429753,1.0,6
353,no_followup,0,0,0,6,118,168.84053568247037,253.38422720273329,392.61935001724885,139.23512281451556,0.8333333333333334,6
353,uniform,24,4,4,6,118,229.524565116814,255.3018318648117,392.61935001724885,137.31751815243715,0.8333333333333334,6
353,uncertainty,24,0,12,6,120,278.1665784522924,354.9140127664473,392.61935001724885,37.70533725080156,1.0,6
353,portfolio_voi,24,1,10,6,117,254.22407615174208,331.8733459009959,392.61935001724885,60.74600411625295,1.0,6
354,no_followup,0,0,0,5,116,135.16256997177817,191.76998379338517,247.7550371078013,55.98505331441612,0.8,5
354,uniform,24,4,4,5,116,144.35862489614453,191.76998379338517,247.7550371078013,55.98505331441612,0.8,5
354,uncertainty,24,1,10,5,115,127.69655679447484,192.76998379338517,247.7550371078013,54.98505331441612,0.8,5
354,portfolio_voi,24,3,6,5,113,159.9637370971485,187.7312539244113,247.7550371078013,60.02378318338998,0.8,5
355,no_followup,0,0,0,5,130,183.9674843734548,240.0052421568421,334.05748603387116,94.05224387702907,0.8,5
355,uniform,24,4,4,5,125,192.4965511854576,228.6040078768603,334.05748603387116,105.45347815701086,0.8,5
355,uncertainty,24,1,10,5,129,280.2606912842808,334.05748603387116,334.05748603387116,0.0,1.0,5
355,portfolio_voi,24,3,6,5,129,294.01072085944236,334.05748603387116,334.05748603387116,0.0,1.0,5
356,no_followup,0,0,0,5,122,90.02958615002966,122.37640276923,340.53518720626835,218.15878443703835,0.6,5
356,uniform,24,4,4,6,130,107.27119254172176,222.12406292884853,340.53518720626835,118.41112427741982,0.6666666666666666,5
356,uncertainty,24,1,10,5,130,125.30451109660336,196.86052845489888,340.53518720626835,143.67465875136946,0.8,5
356,portfolio_voi,24,2,8,5,116,182.93186567403117,318.6081886145174,340.53518720626835,21.92699859175093,1.0,5
357,no_followup,0,0,0,6,125,255.8122057187938,273.13159238678116,468.66274922245395,195.5311568356728,0.6666666666666666,6
357,uniform,24,4,4,6,126,284.4309449124175,376.1016398670253,468.66274922245395,92.56110935542864,0.8333333333333334,6
357,uncertainty,24,2,8,6,123,262.61040994973683,240.8516528597912,468.66274922245395,227.81109636266277,0.6666666666666666,6
357,portfolio_voi,24,1,10,6,128,305.48841145455486,335.4387676309402,468.66274922245395,133.22398159151373,0.8333333333333334,6
358,no_followup,0,0,0,6,130,210.0348132016683,250.22526457206322,439.430644753975,189.20538018191178,0.8333333333333334,6
358,uniform,24,4,4,6,125,200.61189926681726,175.72834147982866,439.430644753975,263.70230327414635,0.6666666666666666,6
358,uncertainty,24,2,8,6,130,289.0069876558667,170.72834147982866,439.430644753975,268.70230327414635,0.6666666666666666,6
358,portfolio_voi,24,2,8,6,130,291.9076652615248,259.2705279494495,439.430644753975,180.1601168045255,0.8333333333333334,6
359,no_followup,0,0,0,6,129,272.8830946299972,209.77594517271396,423.5149161039119,213.73897093119794,0.6666666666666666,6
359,uniform,24,4,4,6,128,276.3490183223571,296.34364022045753,423.5149161039119,127.17127588345437,0.8333333333333334,6
359,uncertainty,24,2,8,6,129,291.2996492780912,298.7223917271699,423.5149161039119,124.792524376742,0.8333333333333334,6
359,portfolio_voi,24,3,6,6,120,323.36517263776227,394.7191244310211,423.5149161039119,28.7957916728908,1.0,6
360,no_followup,0,0,0,5,129,178.3668290670476,79.57980493949908,356.45449804107545,276.8746931015764,0.4,5
360,uniform,24,4,4,5,129,192.45739845060677,79.57980493949908,356.45449804107545,276.8746931015764,0.4,5
360,uncertainty,24,0,12,5,125,192.1153294354212,183.9206876246488,356.45449804107545,172.53381041642666,0.6,5
360,portfolio_voi,24,2,8,6,124,287.1888420972606,220.8079810113244,356.45449804107545,135.64651702975107,0.6666666666666666,5
361,no_followup,0,0,0,5,121,122.19243894587177,187.01478868543262,329.12283492772826,142.10804624229564,0.8,6
361,uniform,24,4,4,5,121,125.69034324007842,187.01478868543262,329.12283492772826,142.10804624229564,0.8,6
361,uncertainty,24,1,10,5,121,146.34990508096683,177.68146411752934,329.12283492772826,151.44137081019892,0.8,6
361,portfolio_voi,24,1,10,5,125,124.54093805418377,173.83818248035521,329.12283492772826,155.28465244737305,0.8,6
362,no_followup,0,0,0,5,114,196.72878348684236,327.159907639691,421.7320687752601,94.57216113556905,1.0,6
362,uniform,24,4,4,5,130,242.60070164451295,326.35574803203065,421.7320687752601,95.37632074322943,1.0,6
362,uncertainty,24,1,10,6,130,268.47004009898694,353.8727255001529,421.7320687752601,67.85934327510716,0.8333333333333334,6
362,portfolio_voi,24,2,8,5,120,269.2946302819337,353.6096378994413,421.7320687752601,68.1224308758188,1.0,6
363,no_followup,0,0,0,6,129,197.6507367648056,162.11033939351444,360.183408845435,198.07306945192056,0.6666666666666666,6
363,uniform,24,4,4,6,129,208.03220821424514,162.11033939351444,360.183408845435,198.07306945192056,0.6666666666666666,6
363,uncertainty,24,0,12,6,126,162.5675015128904,286.5602354997454,360.183408845435,73.62317334568962,1.0,6
363,portfolio_voi,24,2,8,6,125,262.9477223894976,101.96242335172272,360.183408845435,258.2209854937123,0.5,6
364,no_followup,0,0,0,5,129,162.71274379026718,146.4474060955582,369.3642087242289,222.9168026286707,0.8,6
364,uniform,24,4,4,5,129,162.71274379026718,146.4474060955582,369.3642087242289,222.9168026286707,0.8,6
364,uncertainty,24,0,12,5,127,200.00505123105881,192.25388481042125,369.3642087242289,177.11032391380763,0.8,6
364,portfolio_voi,24,1,10,5,110,245.47058015343504,259.84735805739194,369.3642087242289,109.51685066683694,0.8,6
365,no_followup,0,0,0,5,120,107.4006220136104,113.88160124713346,306.42744966083137,192.5458484136979,0.6,5
365,uniform,24,4,4,5,123,116.76821806832181,54.55502104633251,306.42744966083137,251.87242861449886,0.4,5
365,uncertainty,24,0,12,5,118,158.46161074405222,115.88160124713346,306.42744966083137,190.5458484136979,0.6,5
365,portfolio_voi,24,0,12,5,116,200.47294099409208,61.55502104633251,306.42744966083137,244.87242861449886,0.4,5
366,no_followup,0,0,0,6,115,134.4005251450064,118.26784161135677,388.8471291208833,270.5792875095266,0.5,6
366,uniform,24,4,4,6,115,132.85353459283837,118.26784161135677,388.8471291208833,270.5792875095266,0.5,6
366,uncertainty,24,1,10,6,130,207.3055763711758,281.37893935232495,388.8471291208833,107.46818976855837,0.8333333333333334,6
366,portfolio_voi,24,2,8,6,130,201.36640355587286,241.2530396524613,388.8471291208833,147.59408946842203,0.8333333333333334,6
367,no_followup,0,0,0,6,128,160.4674057379178,374.7414900719358,400.65286419633946,25.911374124403665,1.0,6
367,uniform,24,4,4,6,128,184.2317902952984,374.7414900719358,400.65286419633946,25.911374124403665,1.0,6
367,uncertainty,24,1,10,6,128,198.9912921325348,350.224626876063,400.65286419633946,50.42823732027648,1.0,6
367,portfolio_voi,24,2,8,6,128,238.22623592915232,350.224626876063,400.65286419633946,50.42823732027648,1.0,6
368,no_followup,0,0,0,6,126,152.63995559984448,227.48299799373322,422.4085042902917,194.9255062965585,0.6666666666666666,6
368,uniform,24,4,4,6,130,158.99949178762276,190.19708112726948,422.4085042902917,232.21142316302223,0.6666666666666666,6
368,uncertainty,24,1,10,6,126,234.93631980998572,313.79007329637636,422.4085042902917,108.61843099391535,0.8333333333333334,6
368,portfolio_voi,24,1,10,6,129,197.68460404766876,314.42479142236675,422.4085042902917,107.98371286792496,0.8333333333333334,6
369,no_followup,0,0,0,6,130,214.8193105736022,244.03570918201535,436.53498626878377,192.49927708676842,0.6666666666666666,6
369,uniform,24,4,4,6,128,203.45353914226365,304.14215268642465,436.53498626878377,132.39283358235912,0.8333333333333334,6
369,uncertainty,24,0,12,6,129,279.389627052923,300.27147953988316,436.53498626878377,136.2635067289006,0.8333333333333334,6
369,portfolio_voi,24,3,6,6,124,356.8809672712305,257.43637821636605,436.53498626878377,179.09860805241772,0.6666666666666666,6
370,no_followup,0,0,0,6,130,227.35677132654013,288.3050395124552,448.0320521996705,159.72701268721528,0.8333333333333334,6
370,uniform,24,4,4,6,130,245.51977292103072,288.3050395124552,448.0320521996705,159.72701268721528,0.8333333333333334,6
370,uncertainty,24,0,12,6,130,241.76068319200024,288.3050395124552,448.0320521996705,159.72701268721528,0.8333333333333334,6
370,portfolio_voi,24,2,8,6,129,233.1157858603889,273.97720237531814,448.0320521996705,174.05484982435235,0.8333333333333334,6
371,no_followup,0,0,0,6,129,261.4796320910618,260.3616610511091,409.7280818021992,149.36642075109012,0.6666666666666666,6
371,uniform,24,4,4,6,130,254.33624702250398,259.3616610511091,409.7280818021992,150.36642075109012,0.6666666666666666,6
371,uncertainty,24,1,10,6,125,286.40523817010285,325.28553584939084,409.7280818021992,84.44254595280836,0.8333333333333334,6
371,portfolio_voi,24,3,6,6,129,294.01101455165906,363.4686004657989,409.7280818021992,46.25948133640031,0.8333333333333334,6
372,no_followup,0,0,0,6,130,253.46165360346427,219.3396005043457,339.0490193262221,119.7094188218764,0.6666666666666666,6
372,uniform,24,4,4,6,130,275.1501717640273,219.3396005043457,339.0490193262221,119.7094188218764,0.6666666666666666,6
372,uncertainty,24,0,12,6,126,251.5706071647556,194.5029835900192,339.0490193262221,144.5460357362029,0.6666666666666666,6
372,portfolio_voi,24,3,6,6,122,318.0673144384565,144.07204059409423,339.0490193262221,194.97697873212786,0.5,6
373,no_followup,0,0,0,6,129,211.28871228634202,284.706914761737,386.12534172016296,101.41842695842598,0.8333333333333334,6
373,uniform,24,4,4,6,129,211.28871228634202,284.706914761737,386.12534172016296,101.41842695842598,0.8333333333333334,6
373,uncertainty,24,0,12,6,130,244.78659234237347,353.65092900358263,386.12534172016296,32.47441271658033,1.0,6
373,portfolio_voi,24,2,8,5,122,258.0774009359069,338.4096757512457,386.12534172016296,47.71566596891728,1.0,6
374,no_followup,0,0,0,5,127,235.88366765877174,340.23704045895613,355.0189569523634,14.781916493407266,1.0,5
374,uniform,24,4,4,5,125,253.38750880104573,352.6218528445048,355.0189569523634,2.3971041078585813,1.0,5
374,uncertainty,24,0,12,5,125,285.083470901811,352.6218528445048,355.0189569523634,2.3971041078585813,1.0,5
374,portfolio_voi,24,0,12,5,124,280.23417824291084,337.3772199710671,355.0189569523634,17.641736981296276,1.0,5
375,no_followup,0,0,0,6,129,174.30134112019255,266.0525687067815,370.98947081493924,104.93690210815771,0.6666666666666666,5
375,uniform,24,4,4,6,129,165.81394263947843,266.0525687067815,370.98947081493924,104.93690210815771,0.6666666666666666,5
375,uncertainty,24,0,12,5,129,217.4325472899995,302.1956741430885,370.98947081493924,68.79379667185071,1.0,5
375,portfolio_voi,24,1,10,5,129,217.4325472899995,302.1956741430885,370.98947081493924,68.79379667185071,1.0,5
376,no_followup,0,0,0,6,118,277.1511340703413,223.5757429346155,380.1026969508906,156.5269540162751,0.6666666666666666,6
376,uniform,24,4,4,6,123,268.04479645854553,218.5757429346155,380.1026969508906,161.5269540162751,0.6666666666666666,6
376,uncertainty,24,1,10,6,125,205.92250125111536,306.51861724878734,380.1026969508906,73.58407970210328,0.8333333333333334,6
376,portfolio_voi,24,4,4,6,128,277.492397488862,303.51861724878734,380.1026969508906,76.58407970210328,0.8333333333333334,6
377,no_followup,0,0,0,5,125,226.42090079491828,279.74309279881606,379.1043065231272,99.36121372431114,0.8,5
377,uniform,24,4,4,5,126,243.969031688739,284.48219240225717,379.1043065231272,94.62211412087004,0.8,5
377,uncertainty,24,0,12,5,129,280.17849705514664,301.1722914741463,379.1043065231272,77.93201504898093,0.8,5
377,portfolio_voi,24,2,8,5,130,249.6522435950881,151.03291095460514,379.1043065231272,228.07139556852206,0.6,5
378,no_followup,0,0,0,6,123,274.49689942155055,449.27710280323515,494.9198449927165,45.64274218948134,1.0,6
378,uniform,24,4,4,6,123,274.49689942155055,449.27710280323515,494.9198449927165,45.64274218948134,1.0,6
378,uncertainty,24,0,12,6,123,357.3953297734598,451.41421179866813,494.9198449927165,43.50563319404836,1.0,6
378,portfolio_voi,24,1,10,6,114,367.4785695430925,494.9198449927165,494.9198449927165,0.0,1.0,6
379,no_followup,0,0,0,6,128,179.19418147005683,224.23276255064977,451.0882787267581,226.85551617610835,0.6666666666666666,6
379,uniform,24,4,4,5,123,188.00694887578305,112.53645482829086,451.0882787267581,338.55182389846726,0.6,6
379,uncertainty,24,0,12,6,130,239.70780687988943,279.53029960694215,451.0882787267581,171.55797911981597,0.8333333333333334,6
379,portfolio_voi,24,3,6,6,130,301.073355680874,318.93486642502353,451.0882787267581,132.1534123017346,0.8333333333333334,6
380,no_followup,0,0,0,6,127,263.559036581749,352.1314813724116,449.003172103309,96.8716907308974,0.8333333333333334,6
380,uniform,24,4,4,5,121,214.6892253990153,339.98562903830344,449.003172103309,109.01754306500555,1.0,6
380,uncertainty,24,1,10,5,121,271.83288033317035,339.98562903830344,449.003172103309,109.01754306500555,1.0,6
380,portfolio_voi,24,3,6,5,114,339.6657611471529,375.3193797923571,449.003172103309,73.6837923109519,1.0,6
381,no_followup,0,0,0,5,120,180.36427014800495,292.0672992623428,380.8024550923477,88.73515583000494,1.0,6
381,uniform,24,4,4,5,120,176.62545188403507,292.0672992623428,380.8024550923477,88.73515583000494,1.0,6
381,uncertainty,24,0,12,6,129,167.51283895269052,342.14548332072496,380.8024550923477,38.65697177162275,1.0,6
381,portfolio_voi,24,1,10,5,118,190.91712762655501,258.7771422285664,380.8024550923477,122.02531286378132,1.0,6
382,no_followup,0,0,0,6,120,221.0689847440981,152.8864681217996,339.2270758090743,186.34060768727468,0.5,5
382,uniform,24,4,4,6,128,211.66887834368606,139.55697681495315,339.2270758090743,199.67009899412113,0.5,5
382,uncertainty,24,2,8,6,130,296.6343199509526,62.08322044618795,339.2270758090743,277.1438553628863,0.3333333333333333,5
382,portfolio_voi,24,4,4,6,126,280.4896900505869,141.55697681495315,339.2270758090743,197.67009899412113,0.5,5
383,no_followup,0,0,0,5,130,153.7201726365401,21.551039075537346,341.4154633010405,319.86442422550317,0.4,6
383,uniform,24,4,4,5,130,156.0517165133623,21.551039075537346,341.4154633010405,319.86442422550317,0.4,6
383,uncertainty,24,0,12,6,130,205.1582542997794,214.23017190680815,341.4154633010405,127.18529139423237,0.8333333333333334,6
383,portfolio_voi,24,1,10,6,122,216.66162674581213,233.9696047709866,341.4154633010405,107.44585853005393,0.8333333333333334,6
384,no_followup,0,0,0,6,130,164.4942765378437,215.72167082754365,448.88678252694393,233.16511169940028,0.6666666666666666,6
384,uniform,24,4,4,5,125,148.95422801652208,222.34587302323817,448.88678252694393,226.54090950370576,0.8,6
384,uncertainty,24,0,12,6,125,188.79952451236488,269.5147650898089,448.88678252694393,179.372017437135,0.8333333333333334,6
384,portfolio_voi,24,2,8,5,125,219.34886685489704,222.34587302323817,448.88678252694393,226.54090950370576,0.8,6
385,no_followup,0,0,0,6,129,243.25943670676963,278.3849256254245,439.99401591416097,161.60909028873647,0.6666666666666666,6
385,uniform,24,4,4,6,129,234.06640885492249,278.3849256254245,439.99401591416097,161.60909028873647,0.6666666666666666,6
385,uncertainty,24,0,12,6,127,303.61523694975915,343.9145827669592,439.99401591416097,96.07943314720177,0.8333333333333334,6
385,portfolio_voi,24,2,8,6,129,305.6580308608245,349.81436978999113,439.99401591416097,90.17964612416984,0.8333333333333334,6
386,no_followup,0,0,0,5,120,221.6886958825661,155.24917576354426,415.37550060244814,260.1263248389039,0.6,6
386,uniform,24,4,4,5,126,221.45381601436068,149.0546458949027,415.37550060244814,266.32085470754544,0.6,6
386,uncertainty,24,0,12,5,126,216.74124514875635,218.42138525554327,415.37550060244814,196.95411534690487,0.8,6
386,portfolio_voi,24,1,10,5,126,257.63464766085565,218.42138525554327,415.37550060244814,196.95411534690487,0.8,6
387,no_followup,0,0,0,6,123,163.6315129163674,240.4621318567339,358.571115963255,118.10898410652112,0.8333333333333334,6
387,uniform,24,4,4,6,123,187.92070747810314,240.4621318567339,358.571115963255,118.10898410652112,0.8333333333333334,6
387,uncertainty,24,1,10,6,129,226.13300547917794,234.4621318567339,358.571115963255,124.10898410652112,0.8333333333333334,6
387,portfolio_voi,24,1,10,6,130,224.8679039976652,317.0123443533308,358.571115963255,41.558771609924236,1.0,6
388,no_followup,0,0,0,6,122,179.48214132561546,128.72901061599367,384.76739815988424,256.03838754389056,0.5,6
388,uniform,24,4,4,6,130,223.67153809411542,199.88761733199215,384.76739815988424,184.8797808278921,0.6666666666666666,6
388,uncertainty,24,0,12,6,127,181.03520181595994,299.3399725320627,384.76739815988424,85.42742562782155,0.8333333333333334,6
388,portfolio_voi,24,3,6,6,129,259.7986318995361,356.91306064017033,384.76739815988424,27.85433751971391,1.0,6
389,no_followup,0,0,0,6,121,286.91750586884496,147.8757102358499,451.01057287482274,303.13486263897283,0.5,6
389,uniform,24,4,4,6,121,288.7880835571934,147.8757102358499,451.01057287482274,303.13486263897283,0.5,6
389,uncertainty,24,0,12,6,128,336.7120194599259,250.39321881568523,451.01057287482274,200.6173540591375,0.6666666666666666,6
389,portfolio_voi,24,2,8,6,114,367.16582444367174,309.7615411879587,451.01057287482274,141.24903168686404,0.8333333333333334,6
390,no_followup,0,0,0,5,120,182.48756632102447,362.67664541968577,445.8295000191008,83.15285459941504,1.0,6
390,uniform,24,4,4,5,116,211.95767312736442,362.87562440858926,445.8295000191008,82.95387561051155,1.0,6
390,uncertainty,24,3,6,5,128,275.9688891505487,367.19781427933515,445.8295000191008,78.63168573976566,1.0,6
390,portfolio_voi,24,3,6,6,125,322.1685696136422,445.8295000191008,445.8295000191008,0.0,1.0,6
391,no_followup,0,0,0,5,112,201.00955693131007,369.0389962544971,413.5956063736403,44.556610119143215,1.0,6
391,uniform,24,4,4,5,112,217.65638874685612,369.0389962544971,413.5956063736403,44.556610119143215,1.0,6
391,uncertainty,24,0,12,6,129,265.58793108373976,390.2704344251031,413.5956063736403,23.325171948537218,1.0,6
391,portfolio_voi,24,2,8,5,113,307.48581817586336,358.0674345557046,413.5956063736403,55.528171817935686,1.0,6
392,no_followup,0,0,0,6,127,152.61557828238696,169.76669462286867,344.42720688991443,174.66051226704576,0.5,6
392,uniform,24,4,4,5,116,160.9989662181843,167.9412434766882,344.42720688991443,176.48596341322624,0.6,6
392,uncertainty,24,1,10,5,130,239.77151447924427,234.60236664226898,344.42720688991443,109.82484024764545,0.8,6
392,portfolio_voi,24,3,6,6,128,237.56126211317192,217.00293829341945,344.42720688991443,127.42426859649498,0.6666666666666666,6
393,no_followup,0,0,0,5,129,192.61530803025687,259.78135917185546,352.0114027493699,92.23004357751444,0.8,5
393,uniform,24,4,4,5,129,195.2712910559922,259.78135917185546,352.0114027493699,92.23004357751444,0.8,5
393,uncertainty,24,0,12,5,130,220.51382215982164,315.642442898119,352.0114027493699,36.36895985125091,1.0,5
393,portfolio_voi,24,2,8,5,123,236.63610821690753,181.7587237099295,352.0114027493699,170.25267903944038,0.6,5
394,no_followup,0,0,0,6,123,185.6057569202414,131.66492613475998,413.27102875225216,281.6061026174922,0.5,6
394,uniform,24,4,4,6,128,181.1376866081583,59.37588454770865,413.27102875225216,353.8951442045435,0.3333333333333333,6
394,uncertainty,24,0,12,5,125,182.3717984002374,150.85444326371666,413.27102875225216,262.4165854885355,0.6,6
394,portfolio_voi,24,2,8,5,110,207.40044436651627,161.48433775523648,413.27102875225216,251.78669099701568,0.6,6
395,no_followup,0,0,0,6,128,95.81092339926894,261.50731747829815,434.73745803641873,173.23014055812058,0.6666666666666666,6
395,uniform,24,4,4,6,128,126.71434245219203,261.50731747829815,434.73745803641873,173.23014055812058,0.6666666666666666,6
395,uncertainty,24,0,12,5,119,146.21752645075395,341.84435950387115,434.73745803641873,92.89309853254758,1.0,6
395,portfolio_voi,24,2,8,4,91,131.99085455083332,298.50731747829815,434.73745803641873,136.23014055812058,1.0,6
396,no_followup,0,0,0,6,129,211.69675648235426,229.77889867314946,402.4895442344598,172.71064556131034,0.6666666666666666,6
396,uniform,24,4,4,6,119,215.55741195952663,293.05096518579296,402.4895442344598,109.43857904866684,0.8333333333333334,6
396,uncertainty,24,0,12,6,116,210.90727527933996,296.05096518579296,402.4895442344598,106.43857904866684,0.8333333333333334,6
396,portfolio_voi,24,0,12,6,126,198.8261343741649,257.3570680696753,402.4895442344598,145.13247616478452,0.8333333333333334,6
397,no_followup,0,0,0,5,123,173.5492461382243,268.0487104375791,392.02592391016697,123.97721347258789,0.8,5
397,uniform,24,4,4,5,123,183.44656512979938,268.0487104375791,392.02592391016697,123.97721347258789,0.8,5
397,uncertainty,24,0,12,5,130,200.90883435071876,342.6557667142047,392.02592391016697,49.37015719596229,1.0,5
397,portfolio_voi,24,2,8,5,117,268.5994488859542,341.09988298011353,392.02592391016697,50.92604093005343,1.0,5
398,no_followup,0,0,0,6,127,112.7292158884512,91.31444058699385,372.41247819833524,281.0980376113414,0.5,6
398,uniform,24,4,4,6,130,118.08004225582076,230.91436565202196,372.41247819833524,141.49811254631328,0.8333333333333334,6
398,uncertainty,24,1,10,6,127,151.6806892175752,244.12157103370475,372.41247819833524,128.29090716463048,0.8333333333333334,6
398,portfolio_voi,24,2,8,6,118,193.70108616035563,167.1033231098933,372.41247819833524,205.30915508844194,0.6666666666666666,6
399,no_followup,0,0,0,6,125,153.9409503096404,102.17177577658758,335.58375516363685,233.41197938704926,0.5,5
399,uniform,24,4,4,6,127,153.83700671415346,100.17177577658758,335.58375516363685,235.41197938704926,0.5,5
399,uncertainty,24,1,10,6,127,251.87959472095565,210.2008212264322,335.58375516363685,125.38293393720465,0.6666666666666666,5
399,portfolio_voi,24,1,10,6,127,254.60995898404627,210.2008212264322,335.58375516363685,125.38293393720465,0.6666666666666666,5
400,no_followup,0,0,0,6,124,210.17798219437606,283.18460567338843,458.62772702584607,175.44312135245764,0.6666666666666666,6
400,uniform,24,4,4,6,127,240.83118618465403,353.8922642615091,458.62772702584607,104.73546276433694,0.8333333333333334,6
400,uncertainty,24,0,12,6,128,241.7554376827698,327.1642134843454,458.62772702584607,131.46351354150067,0.8333333333333334,6
400,portfolio_voi,24,2,8,6,124,302.7859682037173,356.8922642615091,458.62772702584607,101.73546276433694,0.8333333333333334,6
401,no_followup,0,0,0,5,118,144.588347206437,223.0088228360112,376.2644264288341,153.2556035928229,0.8,5
401,uniform,24,4,4,6,125,201.0683674678884,199.09807170037178,376.2644264288341,177.16635472846232,0.6666666666666666,5
401,uncertainty,24,1,10,6,125,211.0973990360431,199.09807170037178,376.2644264288341,177.16635472846232,0.6666666666666666,5
401,portfolio_voi,24,3,6,5,128,175.63452315631503,321.69856932943696,376.2644264288341,54.565857099397135,1.0,5
402,no_followup,0,0,0,6,129,182.41529927929707,208.6441384339738,414.8118917823097,206.1677533483359,0.6666666666666666,6
402,uniform,24,4,4,6,125,257.6253984829376,322.5206117680327,414.8118917823097,92.29128001427699,0.8333333333333334,6
402,uncertainty,24,0,12,6,128,240.27997953483097,288.2338810847707,414.8118917823097,126.57801069753901,0.8333333333333334,6
402,portfolio_voi,24,1,10,6,120,247.97180862576755,241.18542080987197,414.8118917823097,173.62647097243774,0.6666666666666666,6
403,no_followup,0,0,0,6,120,165.1192946113232,240.52958247094404,468.8710893912406,228.34150692029658,0.6666666666666666,6
403,uniform,24,4,4,6,130,233.4352840568182,349.826309980377,468.8710893912406,119.04477941086361,0.8333333333333334,6
403,uncertainty,24,1,10,6,125,232.61857795407735,293.121907046292,468.8710893912406,175.74918234494862,0.8333333333333334,6
403,portfolio_voi,24,3,6,6,122,271.6927006459149,341.1270278256143,468.8710893912406,127.74406156562634,0.8333333333333334,6
404,no_followup,0,0,0,6,129,282.2938652814293,260.8313477780128,477.08264411088436,216.25129633287156,0.8333333333333334,6
404,uniform,24,4,4,6,129,280.4643844667568,260.8313477780128,477.08264411088436,216.25129633287156,0.8333333333333334,6
404,uncertainty,24,1,10,6,129,322.92132301480734,283.54682786171986,477.08264411088436,193.5358162491645,0.8333333333333334,6
404,portfolio_voi,24,3,6,6,120,365.648804730676,352.7758283894641,477.08264411088436,124.30681572142026,0.8333333333333334,6
405,no_followup,0,0,0,6,120,224.77226909410209,234.78571084334135,431.832807577265,197.04709673392364,0.6666666666666666,6
405,uniform,24,4,4,6,120,224.77226909410209,234.78571084334135,431.832807577265,197.04709673392364,0.6666666666666666,6
405,uncertainty,24,0,12,6,129,238.3044464066422,409.6533786785054,431.832807577265,22.179428898759568,1.0,6
405,portfolio_voi,24,1,10,6,129,264.3148665263354,409.6533786785054,431.832807577265,22.179428898759568,1.0,6
406,no_followup,0,0,0,6,111,301.29363057335036,365.5584146669646,502.1806035637473,136.6221888967827,0.8333333333333334,6
406,uniform,24,4,4,6,110,319.6716013343586,349.29779741644734,502.1806035637473,152.88280614729996,0.8333333333333334,6
406,uncertainty,24,0,12,6,119,378.9647914715333,467.07037176442714,502.1806035637473,35.11023179932016,1.0,6
406,portfolio_voi,24,2,8,6,119,403.6402407811968,478.4328286862743,502.1806035637473,23.747774877472978,1.0,6
407,no_followup,0,0,0,6,125,215.97805461929732,339.5972383631822,381.67238775511373,42.07514939193152,1.0,6
407,uniform,24,4,4,6,128,239.12588086348646,350.2412238239459,381.67238775511373,31.431163931167816,1.0,6
407,uncertainty,24,1,10,6,120,267.9667212095874,331.54050446918984,381.67238775511373,50.13188328592389,1.0,6
407,portfolio_voi,24,2,8,6,128,271.8318925362716,328.03569074241875,381.67238775511373,53.63669701269498,1.0,6
408,no_followup,0,0,0,6,130,183.7311160095732,369.68829948605236,393.74881160297,24.060512116917664,1.0,6
408,uniform,24,4,4,6,130,189.38154662826912,369.68829948605236,393.74881160297,24.060512116917664,1.0,6
408,uncertainty,24,0,12,6,127,274.00990762740923,365.2920862070696,393.74881160297,28.456725395900435,1.0,6
408,portfolio_voi,24,2,8,6,130,292.3738275246664,369.68829948605236,393.74881160297,24.060512116917664,1.0,6
409,no_followup,0,0,0,6,113,168.71472178449255,325.5594555015135,389.90899567637155,64.34954017485802,0.8333333333333334,6
409,uniform,24,4,4,6,113,196.64871621560297,325.5594555015135,389.90899567637155,64.34954017485802,0.8333333333333334,6
409,uncertainty,24,1,10,6,110,187.9132807713917,288.2498698224142,389.90899567637155,101.65912585395733,0.8333333333333334,6
409,portfolio_voi,24,3,6,6,106,194.7556075444149,286.3768336366125,389.90899567637155,103.53216203975904,0.8333333333333334,6
410,no_followup,0,0,0,6,125,157.76907428008724,228.8364077347425,308.9260110243786,80.08960328963613,0.8333333333333334,5
410,uniform,24,4,4,6,130,182.91620297250094,284.1516612947985,308.9260110243786,24.774349729580138,1.0,5
410,uncertainty,24,2,8,5,130,175.90706079324772,240.47197538154057,308.9260110243786,68.45403564283805,1.0,5
410,portfolio_voi,24,2,8,6,127,191.7735315294638,226.8364077347425,308.9260110243786,82.08960328963613,0.8333333333333334,5
411,no_followup,0,0,0,6,113,241.66258883710816,247.1118741873384,418.0728595738342,170.9609853864958,0.6666666666666666,6
411,uniform,24,4,4,6,113,247.5362732706834,247.1118741873384,418.0728595738342,170.9609853864958,0.6666666666666666,6
411,uncertainty,24,0,12,6,125,241.5610838307549,318.49045640730446,418.0728595738342,99.58240316652973,0.8333333333333334,6
411,portfolio_voi,24,3,6,6,112,264.38138026873025,229.68082514198343,418.0728595738342,188.39203443185076,0.6666666666666666,6
412,no_followup,0,0,0,6,130,201.43992672295326,279.33981691284544,459.12331905339784,179.7835021405524,0.8333333333333334,6
412,uniform,24,4,4,6,121,224.37454350372803,354.1868168273264,459.12331905339784,104.93650222607141,1.0,6
412,uncertainty,24,0,12,6,126,253.782556548883,363.36486297873364,459.12331905339784,95.7584560746642,1.0,6
412,portfolio_voi,24,1,10,6,120,258.7001458400082,371.99195162368414,459.12331905339784,87.13136742971369,1.0,6
413,no_followup,0,0,0,5,123,179.74067345152892,255.58851037415434,369.04377192689685,113.45526155274251,0.8,5
413,uniform,24,4,4,6,127,162.48042146450013,260.9464333984088,369.04377192689685,108.09733852848808,0.6666666666666666,5
413,uncertainty,24,0,12,5,128,260.1097563271504,340.3163914835575,369.04377192689685,28.72738044333937,1.0,5
413,portfolio_voi,24,2,8,5,128,278.6379179058815,340.3163914835575,369.04377192689685,28.72738044333937,1.0,5
414,no_followup,0,0,0,6,128,133.6264723926869,135.62617745102554,350.40211564991046,214.77593819888492,0.6666666666666666,6
414,uniform,24,4,4,6,122,152.65341370389174,213.65321293369774,350.40211564991046,136.7489027162127,0.8333333333333334,6
414,uncertainty,24,0,12,6,130,181.5464629977115,281.3640333941975,350.40211564991046,69.03808225571294,1.0,6
414,portfolio_voi,24,1,10,6,128,151.3202134071982,219.70904498666036,350.40211564991046,130.6930706632501,0.8333333333333334,6
415,no_followup,0,0,0,6,130,171.87161806373842,199.21753928317457,435.8313586651775,236.61381938200293,0.6666666666666666,6
415,uniform,24,4,4,6,123,191.07417188442173,305.1238996590986,435.8313586651775,130.70745900607892,0.8333333333333334,6
415,uncertainty,24,1,10,6,130,247.2643896002819,310.660320996256,435.8313586651775,125.17103766892149,0.8333333333333334,6
415,portfolio_voi,24,2,8,6,120,298.04825723393753,327.73234185584795,435.8313586651775,108.09901680932956,0.8333333333333334,6
416,no_followup,0,0,0,5,121,150.50099736465728,206.21732589819777,319.3342453363433,113.11691943814554,0.8,5
416,uniform,24,4,4,5,121,207.32492506468523,206.21732589819777,319.3342453363433,113.11691943814554,0.8,5
416,uncertainty,24,0,12,5,116,222.9751319044114,208.25408584014502,319.3342453363433,111.08015949619829,0.8,5
416,portfolio_voi,24,3,6,6,130,274.3664060550019,150.985577566823,319.3342453363433,168.34866776952032,0.5,5
417,no_followup,0,0,0,5,128,139.70927920731162,343.5099058815999,395.88022168409515,52.37031580249527,1.0,5
417,uniform,24,4,4,5,122,143.39882449512731,342.2624377591806,395.88022168409515,53.617783924914534,1.0,5
417,uncertainty,24,2,8,5,126,150.89730529258614,264.55941001887146,395.88022168409515,131.3208116652237,0.8,5
417,portfolio_voi,24,3,6,5,126,204.84068161323242,388.3801154907447,395.88022168409515,7.500106193350462,1.0,5
418,no_followup,0,0,0,5,126,146.31750889192296,48.39329159207489,346.19725692424316,297.8039653321683,0.4,5
418,uniform,24,4,4,5,126,146.31750889192296,48.39329159207489,346.19725692424316,297.8039653321683,0.4,5
418,uncertainty,24,1,10,5,128,92.50542036379122,46.39329159207489,346.19725692424316,299.8039653321683,0.4,5
418,portfolio_voi,24,3,6,5,129,190.9325833962881,45.39329159207489,346.19725692424316,300.8039653321683,0.4,5
419,no_followup,0,0,0,6,120,134.51708142222583,340.86877736592015,425.0344636408089,84.16568627488874,0.8333333333333334,6
419,uniform,24,4,4,6,123,147.82387208542565,378.2477680220961,425.0344636408089,46.78669561871277,1.0,6
419,uncertainty,24,1,10,5,110,199.72329655255876,312.07756938723867,425.0344636408089,112.95689425357023,1.0,6
419,portfolio_voi,24,2,8,6,128,288.903931983681,400.7339806916413,425.0344636408089,24.300482949167588,1.0,6
420,no_followup,0,0,0,6,123,245.20930827419005,445.0449044776361,506.44873680879607,61.40383233115995,1.0,6
420,uniform,24,4,4,6,123,290.1175071107645,445.0449044776361,506.44873680879607,61.40383233115995,1.0,6
420,uncertainty,24,0,12,6,127,342.5919846683537,413.365586490747,506.44873680879607,93.08315031804909,1.0,6
420,portfolio_voi,24,4,4,6,124,377.4960884717593,462.5987199508809,506.44873680879607,43.85001685791519,1.0,6
421,no_followup,0,0,0,6,121,118.08421883827015,-1.124863147890494,288.3370369666493,289.4619001145398,0.3333333333333333,6
421,uniform,24,4,4,6,127,154.65373671921628,117.8089567720162,288.3370369666493,170.5280801946331,0.5,6
421,uncertainty,24,0,12,6,130,144.00409077289765,208.61262825917362,288.3370369666493,79.72440870747567,0.8333333333333334,6
421,portfolio_voi,24,2,8,6,130,149.83381322192275,205.45374887368718,288.3370369666493,82.88328809296212,0.8333333333333334,6
422,no_followup,0,0,0,6,130,266.2156921364524,273.33809786832677,473.42016196062184,200.08206409229507,0.6666666666666666,6
422,uniform,24,4,4,6,126,284.2102763240585,385.1344010648202,473.42016196062184,88.28576089580162,0.8333333333333334,6
422,uncertainty,24,0,12,6,124,315.3502999661721,365.52876692686823,473.42016196062184,107.89139503375361,0.8333333333333334,6
422,portfolio_voi,24,2,8,6,125,382.9242289925029,386.1344010648202,473.42016196062184,87.28576089580162,0.8333333333333334,6
423,no_followup,0,0,0,6,125,301.7811938187037,323.2048923165636,476.127205307497,152.9223129909334,0.8333333333333334,6
423,uniform,24,4,4,6,130,317.60235421533974,422.679571496166,476.127205307497,53.447633811331,1.0,6
423,uncertainty,24,0,12,6,130,330.1020875108525,439.1112419941169,476.127205307497,37.0159633133801,1.0,6
423,portfolio_voi,24,2,8,6,130,339.4086465149554,422.18631742155003,476.127205307497,53.94088788594695,1.0,6
424,no_followup,0,0,0,5,116,243.41718874963954,390.34042529106944,464.4981569393801,74.15773164831069,1.0,6
424,uniform,24,4,4,6,130,246.6155375959172,416.15896268641114,464.4981569393801,48.33919425296898,1.0,6
424,uncertainty,24,1,10,6,121,350.55317889920076,449.9225295010107,464.4981569393801,14.575627438369452,1.0,6
424,portfolio_voi,24,3,6,6,121,381.6709965404112,449.9225295010107,464.4981569393801,14.575627438369452,1.0,6
425,no_followup,0,0,0,6,124,152.5825156227747,296.52570544880643,419.6446387438597,123.11893329505324,0.8333333333333334,6
425,uniform,24,4,4,6,122,211.08072887727576,284.95637694153396,419.6446387438597,134.6882618023257,0.8333333333333334,6
425,uncertainty,24,0,12,6,127,208.50138887415486,278.54806592117365,419.6446387438597,141.09657282268603,0.8333333333333334,6
425,portfolio_voi,24,1,10,6,119,260.1266826612938,297.22524461526484,419.6446387438597,122.41939412859483,0.8333333333333334,6
426,no_followup,0,0,0,6,119,241.89110080432823,364.087303820252,451.384453445841,87.29714962558904,0.8333333333333334,6
426,uniform,24,4,4,6,127,241.9308513084017,288.92212085070804,451.384453445841,162.46233259513298,0.6666666666666666,6
426,uncertainty,24,1,10,6,130,256.312162021193,294.6093170992605,451.384453445841,156.7751363465805,0.8333333333333334,6
426,portfolio_voi,24,3,6,6,123,311.87181568828703,344.08147083318426,451.384453445841,107.30298261265676,0.8333333333333334,6
427,no_followup,0,0,0,6,123,204.48187126086765,368.8944254444924,401.6291047516736,32.73467930718118,1.0,6
427,uniform,24,4,4,6,126,221.85077811414573,298.5106824428143,401.6291047516736,103.1184223088593,0.8333333333333334,6
427,uncertainty,24,0,12,6,129,204.2385967094184,270.3302884055972,401.6291047516736,131.29881634607642,0.8333333333333334,6
427,portfolio_voi,24,2,8,6,123,246.8818615131537,368.8944254444924,401.6291047516736,32.73467930718118,1.0,6
428,no_followup,0,0,0,5,128,130.8723072013729,340.5995258994481,415.07162112176997,74.47209522232185,1.0,6
428,uniform,24,4,4,6,128,138.83353541710977,242.88628254229502,415.07162112176997,172.18533857947494,0.6666666666666666,6
428,uncertainty,24,0,12,5,128,213.63835152447234,290.74340091985056,415.07162112176997,124.32822020191941,0.8,6
428,portfolio_voi,24,2,8,5,129,230.65775973591747,289.74340091985056,415.07162112176997,125.32822020191941,0.8,6
429,no_followup,0,0,0,6,113,235.06890240087455,174.02850501134623,480.64622453541466,306.61771952406843,0.5,6
429,uniform,24,4,4,6,130,290.54016711077685,162.70537018902536,480.64622453541466,317.9408543463893,0.5,6
429,uncertainty,24,0,12,6,127,305.98055850605914,312.86562923463197,480.64622453541466,167.7805953007827,0.8333333333333334,6
429,portfolio_voi,24,3,6,6,118,252.70383776701547,215.26320263550917,480.64622453541466,265.3830218999055,0.6666666666666666,6
430,no_followup,0,0,0,6,125,104.50481374029494,328.171308152619,478.21422735615175,150.04291920353273,1.0,6
430,uniform,24,4,4,6,128,126.13264202229837,367.3971223824973,478.21422735615175,110.81710497365447,1.0,6
430,uncertainty,24,1,10,6,129,193.71318714262082,299.3608708554058,478.21422735615175,178.85335650074597,0.8333333333333334,6
430,portfolio_voi,24,1,10,6,102,233.42138635589805,294.8099556124566,478.21422735615175,183.40427174369518,0.8333333333333334,6
431,no_followup,0,0,0,6,124,270.01559744026144,386.97693527902527,504.916867404443,117.93993212541773,0.8333333333333334,6
431,uniform,24,4,4,6,121,273.1030106706643,357.33364967072487,504.916867404443,147.58321773371813,0.8333333333333334,6
431,uncertainty,24,0,12,6,119,309.27678716485434,402.70164148301455,504.916867404443,102.21522592142844,0.8333333333333334,6
431,portfolio_voi,24,3,6,6,115,417.2072538760699,402.85264896024887,504.916867404443,102.06421844419413,0.8333333333333334,6
432,no_followup,0,0,0,5,120,129.09776123652838,209.367538590554,349.8763515215968,140.5088129310428,1.0,5
432,uniform,24,4,4,5,122,138.18859592810315,159.95373804541373,349.8763515215968,189.92261347618307,0.8,5
432,uncertainty,24,0,12,5,128,174.7596572309448,252.16674305730905,349.8763515215968,97.70960846428775,1.0,5
432,portfolio_voi,24,2,8,5,125,143.3724345850626,160.83182665415364,349.8763515215968,189.04452486744316,0.8,5
433,no_followup,0,0,0,6,127,219.14106005950993,154.03439638891336,414.23288003210644,260.1984836431931,0.5,6
433,uniform,24,4,4,6,130,231.55464304268693,127.50561787485236,414.23288003210644,286.7272621572541,0.5,6
433,uncertainty,24,0,12,5,123,209.28017997160197,134.50561787485236,414.23288003210644,279.7272621572541,0.6,6
433,portfolio_voi,24,2,8,5,116,259.9185006941714,244.3257177099074,414.23288003210644,169.90716232219904,0.8,6
434,no_followup,0,0,0,6,128,242.5538553707544,267.04983280031854,432.14203312505254,165.092200324734,0.6666666666666666,6
434,uniform,24,4,4,6,123,272.41623994622694,216.1025916806237,432.14203312505254,216.03944144442883,0.6666666666666666,6
434,uncertainty,24,0,12,6,129,230.20737756954202,366.1465628950874,432.14203312505254,65.99547022996512,1.0,6
434,portfolio_voi,24,4,4,6,122,307.2896353298462,288.23952712713026,432.14203312505254,143.90250599792228,0.8333333333333334,6
435,no_followup,0,0,0,5,130,209.87684986092995,157.40197335891256,315.3163704554537,157.91439709654114,0.6,5
435,uniform,24,4,4,5,130,219.3162716139625,157.40197335891256,315.3163704554537,157.91439709654114,0.6,5
435,uncertainty,24,0,12,6,129,257.6294257112706,172.7652964371635,315.3163704554537,142.5510740182902,0.5,5
435,portfolio_voi,24,1,10,5,123,236.4356818782001,264.372397270424,315.3163704554537,50.94397318502968,0.8,5
436,no_followup,0,0,0,6,126,143.60408426286733,156.37815234662855,360.696834596815,204.31868225018644,0.6666666666666666,6
436,uniform,24,4,4,6,130,159.9112492451896,229.4313390270926,360.696834596815,131.2654955697224,0.8333333333333334,6
436,uncertainty,24,0,12,6,128,159.65066391282338,268.52291179372145,360.696834596815,92.17392280309355,1.0,6
436,portfolio_voi,24,1,10,6,119,253.528418324801,309.364144978712,360.696834596815,51.33268961810302,1.0,6
437,no_followup,0,0,0,6,127,98.61359512160104,70.44277543933443,400.28119814393705,329.83842270460264,0.3333333333333333,6
437,uniform,24,4,4,5,130,100.26360527146528,189.3085150831925,400.28119814393705,210.97268306074454,0.8,6
437,uncertainty,24,2,8,5,120,179.91795115848407,271.667847947512,400.28119814393705,128.61335019642507,1.0,6
437,portfolio_voi,24,3,6,6,130,196.17015828329826,367.8322190748522,400.28119814393705,32.44897906908483,1.0,6
438,no_followup,0,0,0,6,130,153.44091679605103,428.87717164398765,449.0598304014777,20.18265875749006,1.0,6
438,uniform,24,4,4,6,130,158.13692992096105,428.87717164398765,449.0598304014777,20.18265875749006,1.0,6
438,uncertainty,24,0,12,6,129,220.3003480069209,346.1840460469994,449.0598304014777,102.8757843544783,1.0,6
438,portfolio_voi,24,1,10,5,111,224.00221833211003,324.54809006044354,449.0598304014777,124.51174034103417,1.0,6
439,no_followup,0,0,0,5,124,143.94547660752738,276.2070411421092,409.5296964731821,133.32265533107295,1.0,6
439,uniform,24,4,4,5,124,154.93920197243517,276.2070411421092,409.5296964731821,133.32265533107295,1.0,6
439,uncertainty,24,0,12,5,129,210.52075671378412,285.7644612844018,409.5296964731821,123.76523518878031,1.0,6
439,portfolio_voi,24,1,10,6,129,226.2769610776984,324.92192907935123,409.5296964731821,84.6077673938309,0.8333333333333334,6
440,no_followup,0,0,0,6,127,181.1906947608305,45.641590951488496,312.33082975758884,266.6892388061003,0.3333333333333333,5
440,uniform,24,4,4,6,129,178.76647157674807,103.49059555211481,312.33082975758884,208.84023420547402,0.5,5
440,uncertainty,24,0,12,6,127,247.23721377469562,117.01921817477074,312.33082975758884,195.3116115828181,0.5,5
440,portfolio_voi,24,2,8,5,112,226.1659657177884,191.86822277539704,312.33082975758884,120.4626069821918,0.8,5
441,no_followup,0,0,0,6,125,143.2989627369783,185.4143069007542,385.40338439731136,199.98907749655714,0.6666666666666666,6
441,uniform,24,4,4,6,125,145.53042524802498,185.4143069007542,385.40338439731136,199.98907749655714,0.6666666666666666,6
441,uncertainty,24,2,8,5,127,197.13912405381075,296.28784608218757,385.40338439731136,89.11553831512379,1.0,6
441,portfolio_voi,24,3,6,6,128,235.91304778954162,379.7687887923869,385.40338439731136,5.6345956049244705,1.0,6
442,no_followup,0,0,0,5,130,171.7362703063786,247.27493511118774,333.1522293035651,85.87729419237735,0.8,5
442,uniform,24,4,4,5,129,199.1379150508215,127.94820161843015,333.1522293035651,205.20402768513495,0.6,5
442,uncertainty,24,1,10,5,129,213.11382226203236,127.94820161843015,333.1522293035651,205.20402768513495,0.6,5
442,portfolio_voi,24,2,8,5,117,262.47190757483224,166.38877611228253,333.1522293035651,166.76345319128257,0.6,5
443,no_followup,0,0,0,6,121,147.52031427987131,311.366187718864,432.0294522333948,120.6632645145308,0.8333333333333334,6
443,uniform,24,4,4,6,125,148.0961145350197,391.31460399724625,432.0294522333948,40.714848236148555,1.0,6
443,uncertainty,24,1,10,6,125,279.4025993198619,391.31460399724625,432.0294522333948,40.714848236148555,1.0,6
443,portfolio_voi,24,2,8,6,110,297.0510419080231,322.366187718864,432.0294522333948,109.6632645145308,0.8333333333333334,6
444,no_followup,0,0,0,6,126,177.20678954218397,282.3194295266471,349.25400015299726,66.93457062635014,0.8333333333333334,6
444,uniform,24,4,4,6,126,193.9588996093836,282.3194295266471,349.25400015299726,66.93457062635014,0.8333333333333334,6
444,uncertainty,24,1,10,6,128,271.5871642440889,273.19564710633557,349.25400015299726,76.0583530466617,0.8333333333333334,6
444,portfolio_voi,24,1,10,6,128,243.0099615858431,273.19564710633557,349.25400015299726,76.0583530466617,0.8333333333333334,6
445,no_followup,0,0,0,5,125,154.62533477914818,43.9088059000978,404.7878395532201,360.8790336531223,0.4,6
445,uniform,24,4,4,5,121,172.7279531960251,142.18803533435374,404.7878395532201,262.5998042188664,0.6,6
445,uncertainty,24,1,10,5,117,160.50546942771902,180.86269949553935,404.7878395532201,223.92514005768078,0.8,6
445,portfolio_voi,24,3,6,5,119,158.8145512395258,231.85187383443588,404.7878395532201,172.93596571878425,1.0,6
446,no_followup,0,0,0,6,129,189.04694584167908,328.51660916034814,436.4771387880693,107.96052962772114,0.8333333333333334,6
446,uniform,24,4,4,6,129,203.33552878568815,328.51660916034814,436.4771387880693,107.96052962772114,0.8333333333333334,6
446,uncertainty,24,1,10,6,127,235.852849755357,366.55655561523974,436.4771387880693,69.92058317282954,1.0,6
446,portfolio_voi,24,2,8,6,123,218.02865405979202,307.75221222363854,436.4771387880693,128.72492656443075,0.8333333333333334,6
447,no_followup,0,0,0,6,125,170.62292746670232,127.93237486070817,401.9558601166951,274.0234852559869,0.5,6
447,uniform,24,4,4,6,129,212.90263814148983,214.62429561994458,401.9558601166951,187.3315644967505,0.6666666666666666,6
447,uncertainty,24,0,12,6,124,236.1583786102325,306.22755660209907,401.9558601166951,95.728303514596,0.8333333333333334,6
447,portfolio_voi,24,1,10,6,124,215.4570422499936,367.87094036005965,401.9558601166951,34.08491975663543,1.0,6
448,no_followup,0,0,0,6,124,176.77869300588287,164.77424748640234,443.1828642321532,278.4086167457508,0.6666666666666666,6
448,uniform,24,4,4,6,126,186.79693165859737,249.99690329975428,443.1828642321532,193.1859609323989,0.8333333333333334,6
448,uncertainty,24,1,10,6,127,248.29485204115997,144.34827552009574,443.1828642321532,298.83458871205744,0.5,6
448,portfolio_voi,24,2,8,6,129,225.37852601707894,180.4734294457232,443.1828642321532,262.70943478642994,0.6666666666666666,6
449,no_followup,0,0,0,6,129,183.11807813101308,245.0795677566834,467.9029558274503,222.8233880707669,0.6666666666666666,6
449,uniform,24,4,4,6,129,215.61912782202745,340.1137162504538,467.9029558274503,127.78923957699647,0.8333333333333334,6
449,uncertainty,24,0,12,5,128,243.71721204978024,310.64239217549954,467.9029558274503,157.26056365195075,1.0,6
449,portfolio_voi,24,3,6,5,129,174.63217627552046,245.32523356099694,467.9029558274503,222.57772226645335,0.8,6
450,no_followup,0,0,0,6,127,148.79145137173498,279.45033485478115,446.6341220835211,167.18378722873996,0.8333333333333334,6
450,uniform,24,4,4,6,127,153.9943785337676,279.45033485478115,446.6341220835211,167.18378722873996,0.8333333333333334,6
450,uncertainty,24,2,8,5,118,176.92292924758328,212.0059631162192,446.6341220835211,234.6281589673019,0.8,6
450,portfolio_voi,24,4,4,6,130,245.441093056092,237.06640144295363,446.6341220835211,209.56772064056747,0.6666666666666666,6
451,no_followup,0,0,0,6,125,231.79379907799213,89.99103522338348,395.0931689905766,305.1021337671931,0.5,6
451,uniform,24,4,4,6,125,231.79379907799213,89.99103522338348,395.0931689905766,305.1021337671931,0.5,6
451,uncertainty,24,2,8,6,125,229.55784328331487,89.99103522338348,395.0931689905766,305.1021337671931,0.5,6
451,portfolio_voi,24,3,6,6,128,280.9236833027659,154.34726966237713,395.0931689905766,240.74589932819947,0.6666666666666666,6
452,no_followup,0,0,0,6,129,191.93365670043866,308.02791418202486,415.8323234820561,107.80440930003124,0.8333333333333334,6
452,uniform,24,4,4,5,126,244.8689625659227,350.5344178991974,415.8323234820561,65.29790558285868,1.0,6
452,uncertainty,24,0,12,6,129,270.1633105026104,285.264005076089,415.8323234820561,130.5683184059671,0.8333333333333334,6
452,portfolio_voi,24,3,6,6,127,373.3037732428829,231.41905659923344,415.8323234820561,184.41326688282265,0.6666666666666666,6
453,no_followup,0,0,0,6,130,174.12179716654123,0.11495311118834195,291.254606731379,291.13965362019064,0.3333333333333333,5
453,uniform,24,4,4,6,119,209.6457989949776,88.54034141905062,291.254606731379,202.7142653123284,0.5,5
453,uncertainty,24,1,10,5,118,182.54596070274445,147.31283249272175,291.254606731379,143.94177423865725,0.8,5
453,portfolio_voi,24,2,8,6,127,181.23068284165555,186.22709369007606,291.254606731379,105.02751304130294,0.6666666666666666,5
454,no_followup,0,0,0,5,129,213.74189058440413,257.96630941728154,390.5831453045406,132.61683588725907,0.8,6
454,uniform,24,4,4,6,128,213.52590468331553,152.87391815017048,390.5831453045406,237.70922715437013,0.5,6
454,uncertainty,24,0,12,5,118,247.97738536655925,189.92723870557404,390.5831453045406,200.65590659896657,0.6,6
454,portfolio_voi,24,1,10,5,118,237.6448687732279,268.0422125392272,390.5831453045406,122.54093276531341,0.8,6
455,no_followup,0,0,0,6,124,188.87957886104533,316.3552293943726,409.75183822122335,93.39660882685075,0.8333333333333334,6
455,uniform,24,4,4,6,128,247.568000572147,213.31434535664795,409.75183822122335,196.4374928645754,0.6666666666666666,6
455,uncertainty,24,0,12,6,127,290.726096949987,229.46933725868234,409.75183822122335,180.282500962541,0.6666666666666666,6
455,portfolio_voi,24,0,12,6,123,302.7565543474093,290.0172252460033,409.75183822122335,119.73461297522005,0.8333333333333334,6
456,no_followup,0,0,0,6,130,295.29364238893925,422.76457757868434,473.88536792551326,51.120790346828926,1.0,6
456,uniform,24,4,4,6,129,308.90839916368844,460.2328952587525,473.88536792551326,13.652472666760787,1.0,6
456,uncertainty,24,1,10,6,121,343.91874115135107,441.25023620102183,473.88536792551326,32.63513172449143,1.0,6
456,portfolio_voi,24,0,12,6,121,353.2662303344344,441.25023620102183,473.88536792551326,32.63513172449143,1.0,6
457,no_followup,0,0,0,5,125,191.3763878355873,252.60019844544897,403.27654453688706,150.6763460914381,0.8,6
457,uniform,24,4,4,5,125,207.22027889089932,348.0923389755267,403.27654453688706,55.184205561360386,1.0,6
457,uncertainty,24,3,6,5,130,190.13975836058415,235.6900103040987,403.27654453688706,167.58653423278835,0.8,6
457,portfolio_voi,24,4,4,5,125,189.86066786617198,252.60019844544897,403.27654453688706,150.6763460914381,0.8,6
458,no_followup,0,0,0,5,116,175.38360137100813,135.17005991737597,360.265876225851,225.09581630847504,0.6,5
458,uniform,24,4,4,5,121,183.16461281583193,125.08209826499831,360.265876225851,235.1837779608527,0.6,5
458,uncertainty,24,1,10,5,124,222.25437191048684,141.35600911528752,360.265876225851,218.90986711056348,0.6,5
458,portfolio_voi,24,2,8,5,126,222.75888026423638,193.3088323371108,360.265876225851,166.9570438887402,0.8,5
459,no_followup,0,0,0,5,126,191.80271973134484,207.10760727330472,347.6971042975114,140.58949702420665,0.8,6
459,uniform,24,4,4,5,126,196.96081976133738,207.10760727330472,347.6971042975114,140.58949702420665,0.8,6
459,uncertainty,24,1,10,5,124,217.33864864979776,214.03012046860778,347.6971042975114,133.6669838289036,0.8,6
459,portfolio_voi,24,2,8,5,114,202.25715628365998,132.37559193215787,347.6971042975114,215.3215123653535,0.6,6
460,no_followup,0,0,0,6,128,183.68133136630917,392.98856642617244,476.0288771719427,83.04031074577028,1.0,6
460,uniform,24,4,4,6,128,185.66842887048887,308.2713823380972,476.0288771719427,167.7574948338455,0.8333333333333334,6
460,uncertainty,24,1,10,6,128,272.48038791204044,392.98856642617244,476.0288771719427,83.04031074577028,1.0,6
460,portfolio_voi,24,4,4,6,128,285.8850368750378,308.2713823380972,476.0288771719427,167.7574948338455,0.8333333333333334,6
461,no_followup,0,0,0,6,111,71.10324351720591,11.508363526081148,323.854025447315,312.34566192123384,0.3333333333333333,6
461,uniform,24,4,4,6,108,85.48431680964762,91.48366389544107,323.854025447315,232.37036155187394,0.5,6
461,uncertainty,24,0,12,6,117,121.05827447196081,67.27667387286843,323.854025447315,256.57735157444654,0.5,6
461,portfolio_voi,24,2,8,6,117,166.70447692488386,67.27667387286843,323.854025447315,256.57735157444654,0.5,6
462,no_followup,0,0,0,6,126,244.05841603809662,244.56899514851767,374.0783771621604,129.50938201364272,0.6666666666666666,5
462,uniform,24,4,4,6,127,260.1005101735265,328.6420983743664,374.0783771621604,45.43627878779398,0.8333333333333334,5
462,uncertainty,24,0,12,5,128,259.65382358258137,361.70187220475543,374.0783771621604,12.376504957404961,1.0,5
462,portfolio_voi,24,1,10,5,116,271.77557704457115,341.47680757813214,374.0783771621604,32.601569584028255,1.0,5
463,no_followup,0,0,0,6,129,313.01188570679346,468.12543416098964,483.3457389150107,15.220304754021072,1.0,6
463,uniform,24,4,4,6,129,313.01188570679346,468.12543416098964,483.3457389150107,15.220304754021072,1.0,6
463,uncertainty,24,1,10,6,129,349.91232161738895,468.12543416098964,483.3457389150107,15.220304754021072,1.0,6
463,portfolio_voi,24,4,4,6,124,438.6400240617941,483.3457389150107,483.3457389150107,0.0,1.0,6
464,no_followup,0,0,0,6,121,153.6626347102644,136.20891673658227,384.64387653068036,248.4349597940981,0.6666666666666666,6
464,uniform,24,4,4,6,121,155.69072244109486,136.20891673658227,384.64387653068036,248.4349597940981,0.6666666666666666,6
464,uncertainty,24,0,12,6,112,209.9002340238288,243.96378846579543,384.64387653068036,140.68008806488493,0.8333333333333334,6
464,portfolio_voi,24,3,6,6,124,234.22283040272077,330.2280555452559,384.64387653068036,54.41582098542443,1.0,6
465,no_followup,0,0,0,6,129,206.33450327444805,308.2573951404002,463.67090560539486,155.41351046499466,0.8333333333333334,6
465,uniform,24,4,4,6,129,206.33450327444805,308.2573951404002,463.67090560539486,155.41351046499466,0.8333333333333334,6
465,uncertainty,24,0,12,6,129,273.42957191735553,318.39710741484765,463.67090560539486,145.2737981905472,0.8333333333333334,6
465,portfolio_voi,24,2,8,6,130,264.39306336989944,368.96060996714266,463.67090560539486,94.7102956382522,0.8333333333333334,6
466,no_followup,0,0,0,6,130,187.89409582607956,208.82753349166933,421.00582543602604,212.17829194435672,0.6666666666666666,6
466,uniform,24,4,4,6,130,243.9594298001346,127.70225430740692,421.00582543602604,293.3035711286191,0.5,6
466,uncertainty,24,0,12,6,130,303.51506618882996,221.08171774655597,421.00582543602604,199.92410768947008,0.6666666666666666,6
466,portfolio_voi,24,2,8,6,114,283.9153547922977,237.08171774655597,421.00582543602604,183.92410768947008,0.6666666666666666,6
467,no_followup,0,0,0,6,122,218.0313214070676,172.19759015132922,436.0906593725723,263.8930692212431,0.5,6
467,uniform,24,4,4,6,122,242.53230479575345,172.19759015132922,436.0906593725723,263.8930692212431,0.5,6
467,uncertainty,24,0,12,6,125,305.0489024160314,239.08700502417014,436.0906593725723,197.00365434840216,0.6666666666666666,6
467,portfolio_voi,24,1,10,6,127,318.3358746414946,339.6419191128965,436.0906593725723,96.44874025967579,0.8333333333333334,6
468,no_followup,0,0,0,6,128,207.2436034600671,207.688506098418,375.8321845223286,168.1436784239106,0.6666666666666666,6
468,uniform,24,4,4,6,128,227.90676850956578,207.688506098418,375.8321845223286,168.1436784239106,0.6666666666666666,6
468,uncertainty,24,0,12,5,119,215.9394396881532,322.0569080941093,375.8321845223286,53.775276428219286,1.0,6
468,portfolio_voi,24,2,8,5,118,233.44692797561947,323.33715006212304,375.8321845223286,52.495034460205545,1.0,6
469,no_followup,0,0,0,6,130,252.5974342848798,320.21815493710596,412.29367949979485,92.07552456268888,0.8333333333333334,6
469,uniform,24,4,4,6,124,270.73550346562035,249.5196403907156,412.29367949979485,162.77403910907924,0.6666666666666666,6
469,uncertainty,24,0,12,5,130,278.9769709477571,132.92900354443586,412.29367949979485,279.36467595535896,0.6,6
469,portfolio_voi,24,0,12,5,128,318.6680564812514,181.276570026398,412.29367949979485,231.01710947339686,0.6,6
470,no_followup,0,0,0,6,117,157.90819095006617,62.42738993314564,302.2706120124075,239.8432220792619,0.5,5
470,uniform,24,4,4,6,123,170.19678889228118,63.495646153966746,302.2706120124075,238.7749658584408,0.5,5
470,uncertainty,24,0,12,6,116,205.72652613669268,114.97036382249082,302.2706120124075,187.30024818991672,0.5,5
470,portfolio_voi,24,1,10,6,119,229.57069088367888,161.9273071920268,302.2706120124075,140.34330482038072,0.6666666666666666,5
471,no_followup,0,0,0,6,127,154.06304567723015,317.1070935408513,464.07701899088084,146.96992545002956,0.8333333333333334,6
471,uniform,24,4,4,6,127,183.3091938974679,317.1070935408513,464.07701899088084,146.96992545002956,0.8333333333333334,6
471,uncertainty,24,1,10,6,129,196.62276572755772,322.10870296399116,464.07701899088084,141.96831602688968,0.8333333333333334,6
471,portfolio_voi,24,2,8,6,129,309.4210550471003,322.10870296399116,464.07701899088084,141.96831602688968,0.8333333333333334,6
472,no_followup,0,0,0,6,130,271.05333107585335,309.44540614539335,386.62026189271444,77.17485574732109,0.8333333333333334,6
472,uniform,24,4,4,6,130,264.20822837278456,309.44540614539335,386.62026189271444,77.17485574732109,0.8333333333333334,6
472,uncertainty,24,0,12,6,128,295.20923034241304,379.89250542600314,386.62026189271444,6.727756466711298,1.0,6
472,portfolio_voi,24,2,8,6,129,309.03909641412116,386.62026189271444,386.62026189271444,0.0,1.0,6
473,no_followup,0,0,0,5,130,191.97016324037193,75.63952188282786,306.2685490494795,230.6290271666516,0.4,5
473,uniform,24,4,4,6,130,200.12917755466253,75.63952188282786,306.2685490494795,230.6290271666516,0.3333333333333333,5
473,uncertainty,24,1,10,5,127,178.292541654545,78.63952188282786,306.2685490494795,227.6290271666516,0.4,5
473,portfolio_voi,24,1,10,5,126,189.46028167984565,235.55927021848095,306.2685490494795,70.70927883099853,0.8,5
474,no_followup,0,0,0,6,130,215.62615885263662,419.5220243626544,460.5485830720999,41.02655870944551,1.0,6
474,uniform,24,4,4,6,126,224.01017533779276,418.35505525618225,460.5485830720999,42.19352781591766,1.0,6
474,uncertainty,24,0,12,6,130,261.46933691069665,404.66221371584663,460.5485830720999,55.88636935625328,1.0,6
474,portfolio_voi,24,2,8,6,125,308.28275567156095,417.6642863072694,460.5485830720999,42.88429676483054,1.0,6
475,no_followup,0,0,0,5,129,189.65428699309263,44.178508534123395,402.12021408654863,357.9417055524252,0.4,6
475,uniform,24,4,4,5,129,189.65428699309263,44.178508534123395,402.12021408654863,357.9417055524252,0.4,6
475,uncertainty,24,0,12,5,121,208.46735031691742,189.79053973882253,402.12021408654863,212.3296743477261,0.8,6
475,portfolio_voi,24,1,10,5,115,212.4434739190454,327.5605535710376,402.12021408654863,74.55966051551104,1.0,6
476,no_followup,0,0,0,6,130,151.59016190951192,81.75379568822956,282.99777958280174,201.24398389457218,0.5,5
476,uniform,24,4,4,6,126,145.16865244002517,85.75379568822956,282.99777958280174,197.24398389457218,0.5,5
476,uncertainty,24,1,10,5,117,181.8816946295156,196.10264322026543,282.99777958280174,86.8951363625363,0.8,5
476,portfolio_voi,24,2,8,5,108,179.02554983237502,150.96478083507915,282.99777958280174,132.0329987477226,0.8,5
477,no_followup,0,0,0,6,123,170.1535155856435,278.1353141530642,441.651329491702,163.51601533863777,0.8333333333333334,6
477,uniform,24,4,4,5,125,179.98056255547772,256.12048628366614,441.651329491702,185.53084320803583,0.8,6
477,uncertainty,24,1,10,5,130,219.80359863330398,314.0560353957687,441.651329491702,127.5952940959333,1.0,6
477,portfolio_voi,24,3,6,6,123,253.82847839250803,363.8730202600548,441.651329491702,77.7783092316472,1.0,6
478,no_followup,0,0,0,5,122,111.67308863241898,143.1750569356263,257.7146484702985,114.53959153467224,0.6,5
478,uniform,24,4,4,5,122,169.6520727847698,143.1750569356263,257.7146484702985,114.53959153467224,0.6,5
478,uncertainty,24,2,8,4,115,145.31516789852208,56.96897055232054,257.7146484702985,200.74567791797799,0.5,5
478,portfolio_voi,24,2,8,5,129,189.32867987665688,183.34271416967806,257.7146484702985,74.37193430062047,0.8,5
479,no_followup,0,0,0,6,130,172.47365717223005,313.70242392190124,468.1566086737621,154.45418475186085,0.8333333333333334,6
479,uniform,24,4,4,6,130,169.68581064060393,313.70242392190124,468.1566086737621,154.45418475186085,0.8333333333333334,6
479,uncertainty,24,0,12,6,129,247.1066440868101,382.10201625238756,468.1566086737621,86.05459242137454,1.0,6
479,portfolio_voi,24,2,8,6,125,301.301285321662,417.3087035786126,468.1566086737621,50.847905095149486,1.0,6
480,no_followup,0,0,0,6,122,255.5021470667606,311.177366625961,392.44655637494384,81.26918974898285,0.8333333333333334,6
480,uniform,24,4,4,6,122,258.30849432518914,311.177366625961,392.44655637494384,81.26918974898285,0.8333333333333334,6
480,uncertainty,24,1,10,6,122,344.6736492622487,311.177366625961,392.44655637494384,81.26918974898285,0.8333333333333334,6
480,portfolio_voi,24,2,8,6,125,360.0775993361259,241.7071179675027,392.44655637494384,150.73943840744113,0.6666666666666666,6
481,no_followup,0,0,0,5,126,174.12880773094673,115.06405836978317,358.12048925642375,243.05643088664058,0.6,6
481,uniform,24,4,4,5,129,202.71884268049968,294.9456636000779,358.12048925642375,63.17482565634583,1.0,6
481,uncertainty,24,1,10,5,122,228.04170273518127,217.01480147024807,358.12048925642375,141.10568778617568,0.8,6
481,portfolio_voi,24,1,10,5,122,230.11443246188503,304.7115392187421,358.12048925642375,53.40895003768168,1.0,6
482,no_followup,0,0,0,6,126,269.528814538142,337.14195817675227,477.68345684264114,140.54149866588887,0.8333333333333334,6
482,uniform,24,4,4,6,126,253.06500334259724,337.14195817675227,477.68345684264114,140.54149866588887,0.8333333333333334,6
482,uncertainty,24,1,10,6,129,299.58844484563326,280.379924941273,477.68345684264114,197.30353190136816,0.6666666666666666,6
482,portfolio_voi,24,2,8,6,126,352.4282307633102,393.04421494587916,477.68345684264114,84.63924189676197,0.8333333333333334,6
483,no_followup,0,0,0,6,129,236.00724851624523,202.55810132515467,383.18048239908245,180.62238107392778,0.6666666666666666,6
483,uniform,24,4,4,6,126,236.69803371095225,222.77171559015846,383.18048239908245,160.40876680892399,0.6666666666666666,6
483,uncertainty,24,0,12,6,127,261.60180048006316,116.07972272097044,383.18048239908245,267.100759678112,0.5,6
483,portfolio_voi,24,3,6,6,129,306.17091015566547,303.06652996176143,383.18048239908245,80.11395243732102,0.8333333333333334,6
484,no_followup,0,0,0,6,124,226.26583764296112,239.0708025907584,359.19169746841,120.12089487765158,0.6666666666666666,5
484,uniform,24,4,4,6,124,249.1921882953082,239.0708025907584,359.19169746841,120.12089487765158,0.6666666666666666,5
484,uncertainty,24,0,12,6,129,256.11276720766153,210.47036335177418,359.19169746841,148.7213341166358,0.6666666666666666,5
484,portfolio_voi,24,5,2,6,124,297.09900317721355,239.0708025907584,359.19169746841,120.12089487765158,0.6666666666666666,5
485,no_followup,0,0,0,6,127,233.18283840391155,277.8156521624443,358.34629310933474,80.53064094689046,0.8333333333333334,6
485,uniform,24,4,4,6,127,239.45850736744654,277.8156521624443,358.34629310933474,80.53064094689046,0.8333333333333334,6
485,uncertainty,24,1,10,6,126,243.69496067909978,345.29715692004515,358.34629310933474,13.049136189289584,1.0,6
485,portfolio_voi,24,1,10,6,130,229.96799466459402,332.3595097662911,358.34629310933474,25.986783343043612,1.0,6
486,no_followup,0,0,0,6,125,238.52929779351322,308.8725632345479,411.65420967624766,102.78164644169976,0.8333333333333334,6
486,uniform,24,4,4,6,125,245.64716457799145,308.8725632345479,411.65420967624766,102.78164644169976,0.8333333333333334,6
486,uncertainty,24,0,12,6,128,241.33630798134863,227.1704282715565,411.65420967624766,184.48378140469117,0.6666666666666666,6
486,portfolio_voi,24,2,8,6,125,286.76020108331056,308.8725632345479,411.65420967624766,102.78164644169976,0.8333333333333334,6
487,no_followup,0,0,0,6,128,291.64351651325643,256.2379230623957,453.1423957027163,196.90447264032065,0.6666666666666666,6
487,uniform,24,4,4,6,128,293.5687778369918,256.2379230623957,453.1423957027163,196.90447264032065,0.6666666666666666,6
487,uncertainty,24,0,12,6,128,311.64449630338027,412.8291117439241,453.1423957027163,40.313283958792226,1.0,6
487,portfolio_voi,24,2,8,6,123,342.9746888535368,421.1101822582156,453.1423957027163,32.03221344450071,1.0,6
488,no_followup,0,0,0,6,119,210.69042715811347,250.40260218433602,381.76589865787207,131.36329647353605,0.8333333333333334,6
488,uniform,24,4,4,6,117,236.6013709545129,252.40260218433602,381.76589865787207,129.36329647353605,0.8333333333333334,6
488,uncertainty,24,0,12,6,128,219.37219071369472,284.7068857852458,381.76589865787207,97.05901287262628,0.8333333333333334,6
488,portfolio_voi,24,2,8,6,129,232.15415567883727,264.1115577993236,381.76589865787207,117.6543408585485,0.8333333333333334,6
489,no_followup,0,0,0,6,130,279.42465659138384,350.36203903443686,474.82295830339945,124.46091926896258,0.8333333333333334,6
489,uniform,24,4,4,6,125,304.64281200178715,372.57726053700185,474.82295830339945,102.2456977663976,0.8333333333333334,6
489,uncertainty,24,0,12,6,125,306.54826295065976,372.57726053700185,474.82295830339945,102.2456977663976,0.8333333333333334,6
489,portfolio_voi,24,3,6,6,123,291.2750148174098,352.8861766012621,474.82295830339945,121.93678170213735,0.8333333333333334,6
490,no_followup,0,0,0,6,120,213.05448247857248,217.15764940916625,405.42352742994535,188.2658780207791,0.6666666666666666,6
490,uniform,24,4,4,6,120,219.34854679636646,217.15764940916625,405.42352742994535,188.2658780207791,0.6666666666666666,6
490,uncertainty,24,1,10,6,125,242.04523542398758,122.70446794549656,405.42352742994535,282.7190594844488,0.5,6
490,portfolio_voi,24,1,10,6,119,229.53033154027054,316.84515917112765,405.42352742994535,88.5783682588177,0.8333333333333334,6
491,no_followup,0,0,0,6,126,232.63059912787872,285.29767869419504,439.145209079744,153.84753038554896,0.8333333333333334,6
491,uniform,24,4,4,6,126,242.87543852157017,285.29767869419504,439.145209079744,153.84753038554896,0.8333333333333334,6
491,uncertainty,24,0,12,6,124,286.6194985286849,331.0341472045039,439.145209079744,108.11106187524013,0.8333333333333334,6
491,portfolio_voi,24,2,8,6,123,314.6457281849017,324.58426653159256,439.145209079744,114.56094254815144,0.8333333333333334,6
492,no_followup,0,0,0,6,126,235.18499585036906,299.747016535523,425.6724000399181,125.92538350439509,0.8333333333333334,6
492,uniform,24,4,4,6,128,250.98381278300369,292.80275650065937,425.6724000399181,132.86964353925873,0.8333333333333334,6
492,uncertainty,24,2,8,6,130,270.851440319364,286.9267235234952,425.6724000399181,138.74567651642292,0.8333333333333334,6
492,portfolio_voi,24,4,4,6,126,340.0230135579093,310.3848499343663,425.6724000399181,115.28755010555182,0.8333333333333334,6
493,no_followup,0,0,0,6,127,237.45274243613494,378.5419358529349,389.9346796308738,11.392743777938904,1.0,6
493,uniform,24,4,4,6,125,246.9755296886624,321.53182887140696,389.9346796308738,68.40285075946684,0.8333333333333334,6
493,uncertainty,24,2,8,6,126,272.9455945710099,389.9346796308738,389.9346796308738,0.0,1.0,6
493,portfolio_voi,24,2,8,6,126,302.0055208031405,389.9346796308738,389.9346796308738,0.0,1.0,6
494,no_followup,0,0,0,6,125,196.89762391368927,203.5416915053618,296.733979546084,93.19228804072222,0.6666666666666666,5
494,uniform,24,4,4,6,125,204.89976209324226,203.5416915053618,296.733979546084,93.19228804072222,0.6666666666666666,5
494,uncertainty,24,0,12,6,126,228.42640141391539,262.0331096699274,296.733979546084,34.70086987615662,0.8333333333333334,5
494,portfolio_voi,24,1,10,6,126,229.5976316035102,203.25607794403834,296.733979546084,93.47790160204568,0.6666666666666666,5
495,no_followup,0,0,0,6,128,223.54134481984443,413.72061272938777,447.98688180829083,34.266269078903065,1.0,6
495,uniform,24,4,4,6,128,223.54134481984443,413.72061272938777,447.98688180829083,34.266269078903065,1.0,6
495,uncertainty,24,1,10,6,106,328.96793396295675,414.5234531892528,447.98688180829083,33.46342861903804,1.0,6
495,portfolio_voi,24,2,8,6,96,372.086703845138,350.5124074321946,447.98688180829083,97.47447437609623,0.8333333333333334,6
496,no_followup,0,0,0,6,129,193.70463596095496,244.04897904918596,398.5752282122075,154.52624916302153,0.8333333333333334,6
496,uniform,24,4,4,6,129,212.6095558027289,244.04897904918596,398.5752282122075,154.52624916302153,0.8333333333333334,6
496,uncertainty,24,0,12,6,130,253.01930209986807,214.6385105624846,398.5752282122075,183.93671764972288,0.6666666666666666,6
496,portfolio_voi,24,3,6,6,129,301.8795213654004,324.19640771976117,398.5752282122075,74.37882049244632,0.8333333333333334,6
497,no_followup,0,0,0,5,121,136.72533824810446,62.69411070520735,273.7429857789284,211.04887507372106,0.4,5
497,uniform,24,4,4,6,126,164.2177254589751,105.53980072233541,273.7429857789284,168.203185056593,0.5,5
497,uncertainty,24,0,12,6,125,170.29801388774516,106.53980072233541,273.7429857789284,167.203185056593,0.5,5
497,portfolio_voi,24,2,8,6,126,153.9657322249022,105.53980072233541,273.7429857789284,168.203185056593,0.5,5
498,no_followup,0,0,0,5,130,172.10836111879908,83.87848783250493,336.52284530278615,252.64435747028122,0.4,5
498,uniform,24,4,4,5,130,209.20910287149573,83.87848783250493,336.52284530278615,252.64435747028122,0.4,5
498,uncertainty,24,1,10,5,129,191.76813489891745,231.99184395381744,336.52284530278615,104.53100134896872,0.8,5
498,portfolio_voi,24,3,6,5,119,229.70791054467065,136.16597998358426,336.52284530278615,200.3568653192019,0.6,5
499,no_followup,0,0,0,6,124,185.07910985292193,258.96719039353303,478.96566484142454,219.9984744478915,0.8333333333333334,6
499,uniform,24,4,4,6,122,206.5773466418695,308.73072618704566,478.96566484142454,170.23493865437888,0.8333333333333334,6
499,uncertainty,24,1,10,6,128,251.98589478848166,305.4270469882629,478.96566484142454,173.53861785316167,0.8333333333333334,6
499,portfolio_voi,24,2,8,6,114,283.29188836375045,394.4857188292234,478.96566484142454,84.47994601220114,1.0,6
