candidate,domain,dose,formulation,adjuvant,true_efficacy,observed_efficacy,prediction,absolute_latent_error,applicability_distance,distance_ratio,accepted,id_interval_half_width,global_interval_half_width,scaled_interval_half_width
404,in_domain,0.25357142857142856,0.36363636363636365,0.4444444444444444,0.4489536691319571,0.4725765705064557,0.4575786127262375,0.008624943594280399,0.5450237751864153,0.682380197748947,True,0.10935159720555548,0.24019371231776698,0.10474142055266411
896,in_domain,0.525,0.4545454545454546,0.6666666666666666,0.8352080919419878,0.8777145219631413,0.790368937460829,0.044839154481158716,0.6583304313145542,0.8242422997986164,True,0.10935159720555548,0.24019371231776698,0.10474142055266411
456,in_domain,0.25357142857142856,0.8181818181818182,0.6666666666666666,0.513373283314827,0.5102150772055272,0.587914906852537,0.07454162353770999,0.6931093834200747,0.8677862134694447,True,0.10935159720555548,0.24019371231776698,0.10474142055266411
624,in_domain,0.38928571428571423,0.18181818181818182,0.4444444444444444,0.5683540140449712,0.57627676912063,0.532768871364244,0.03558514268072721,0.5881608211194129,0.7363886048574192,True,0.10935159720555548,0.24019371231776698,0.10474142055266411
1043,in_domain,0.5928571428571429,0.7272727272727273,0.3333333333333333,0.9073994705282716,0.8929214819708965,0.881060299155558,0.026339171372713688,0.7400749217199023,0.9265879662947423,True,0.10935159720555548,0.24019371231776698,0.10474142055266411
897,in_domain,0.525,0.4545454545454546,0.7777777777777777,0.7609258412176486,0.7759406405645541,0.794656588227975,0.03373074701032641,0.6876124369183862,0.8609039312432161,True,0.10935159720555548,0.24019371231776698,0.10474142055266411
283,in_domain,0.18571428571428572,0.36363636363636365,0.3333333333333333,0.32423335721474705,0.370676086868882,0.38069275537646596,0.05645939816171891,0.6864884986671529,0.8594967390416064,True,0.10935159720555548,0.24019371231776698,0.10474142055266411
657,in_domain,0.38928571428571423,0.4545454545454546,0.7777777777777777,0.5982773907971486,0.6366850117738875,0.6390383037252074,0.040760912928058834,0.5633041081800355,0.7052675245244379,True,0.10935159720555548,0.24019371231776698,0.10474142055266411
631,in_domain,0.38928571428571423,0.2727272727272727,0.1111111111111111,0.4457441524594118,0.4113649054777025,0.4856839341205673,0.03993978166115553,0.7914001251545397,0.9908481033084969,True,0.10935159720555548,0.24019371231776698,0.10474142055266411
786,in_domain,0.45714285714285713,0.5454545454545454,0.6666666666666666,0.8281344730751385,0.8225596239706867,0.7415080859466368,0.08662638712850179,0.5128509672345247,0.6420992264374826,True,0.10935159720555548,0.24019371231776698,0.10474142055266411
745,in_domain,0.45714285714285713,0.18181818181818182,0.5555555555555556,0.6958980293063802,0.7264389535198577,0.6120455011443072,0.083852528162073,0.6125886291123688,0.7669726879886646,True,0.10935159720555548,0.24019371231776698,0.10474142055266411
1016,in_domain,0.5928571428571429,0.4545454545454546,0.6666666666666666,0.8918402292424459,0.8552516634824404,0.8706488327403129,0.021191396502132975,0.6600216360329757,0.8263597204740644,True,0.10935159720555548,0.24019371231776698,0.10474142055266411
1124,in_domain,0.6607142857142857,0.36363636363636365,0.4444444444444444,0.8734712866138944,0.8943837117267365,0.8870647164660111,0.013593429852116756,0.5450237751864152,0.6823801977489469,True,0.10935159720555548,0.24019371231776698,0.10474142055266411
296,in_domain,0.18571428571428572,0.4545454545454546,0.6666666666666666,0.44217375705792594,0.43840687668319783,0.4308238399232811,0.011349917134644838,0.6657623308132068,0.8335471802101293,True,0.10935159720555548,0.24019371231776698,0.10474142055266411
1141,in_domain,0.6607142857142857,0.5454545454545454,0.1111111111111111,0.8180015876726627,0.8642151662423906,0.8321524601290554,0.014150872456392682,0.8405281133233331,1.0523572847568894,False,0.10935159720555548,0.24019371231776698,0.11599649942911561
452,in_domain,0.25357142857142856,0.8181818181818182,0.2222222222222222,0.39466459826292655,0.40563552028811223,0.4987239390627955,0.10405934079986895,0.6374453420517463,0.798093768321646,True,0.10935159720555548,0.24019371231776698,0.10474142055266411
817,in_domain,0.45714285714285713,0.8181818181818182,0.7777777777777777,0.705511780967662,0.6723287117442216,0.8264554734671998,0.12094369249953785,0.6017811636700372,0.7534415344106749,True,0.10935159720555548,0.24019371231776698,0.10474142055266411
1053,in_domain,0.5928571428571429,0.8181818181818182,0.3333333333333333,0.8209928175046171,0.8224884906128527,0.9010616529038943,0.08006883539927723,0.8993763468033641,1.1260363993708251,False,0.10935159720555548,0.24019371231776698,0.13280771926251334
316,in_domain,0.18571428571428572,0.6363636363636364,0.6666666666666666,0.5617213793080087,0.5438045526718972,0.4776181919300734,0.08410318737793532,0.7166011156523417,0.8971983118327443,True,0.10935159720555548,0.24019371231776698,0.10474142055266411
682,in_domain,0.38928571428571423,0.7272727272727273,0.2222222222222222,0.642370882012807,0.6992096224785278,0.6197655521901938,0.022605329822613207,0.5567277282342787,0.697033770966948,True,0.10935159720555548,0.24019371231776698,0.10474142055266411
895,in_domain,0.525,0.4545454545454546,0.5555555555555556,0.862419655505373,0.8634032500506698,0.7790264334608479,0.08339322204452515,0.637458869242452,0.7981107046233066,True,0.10935159720555548,0.24019371231776698,0.10474142055266411
521,in_domain,0.3214285714285714,0.36363636363636365,0.1111111111111111,0.3737680090380659,0.39138666808436756,0.44551864597905527,0.07175063694098938,0.7403542496841474,0.926937690252038,True,0.10935159720555548,0.24019371231776698,0.10474142055266411
511,in_domain,0.3214285714285714,0.2727272727272727,0.1111111111111111,0.3581653278960099,0.3974508920496429,0.42451647967801376,0.06635115178200385,0.7987067587490904,0.9999961484106087,True,0.10935159720555548,0.24019371231776698,0.10474142055266411
655,in_domain,0.38928571428571423,0.4545454545454546,0.5555555555555556,0.7001230569367248,0.7034329987035722,0.6302668883896283,0.06985616854709653,0.6285741249369867,0.7869868347076527,True,0.10935159720555548,0.24019371231776698,0.10474142055266411
321,in_domain,0.18571428571428572,0.7272727272727273,0.1111111111111111,0.3829330606938212,0.34124450738098466,0.38681668845523953,0.003883627761418318,0.6458314090903654,0.8085932847550191,True,0.10935159720555548,0.24019371231776698,0.10474142055266411
862,in_domain,0.525,0.18181818181818182,0.2222222222222222,0.624855221238458,0.5646928316017739,0.6244828965236121,0.00037232471484593965,0.7744703535180053,0.9696517052004849,True,0.10935159720555548,0.24019371231776698,0.10474142055266411
751,in_domain,0.45714285714285713,0.2727272727272727,0.1111111111111111,0.5315790303739604,0.5116327579539539,0.5496416804871125,0.018062650113152112,0.820579110898203,1.027380751916467,False,0.10935159720555548,0.24019371231776698,0.11055574348270107
315,in_domain,0.18571428571428572,0.6363636363636364,0.5555555555555556,0.5887134584785838,0.627247094402941,0.47123326345465255,0.11748019502393126,0.6475361409994929,0.810727641732128,True,0.10935159720555548,0.24019371231776698,0.10474142055266411
1111,in_domain,0.6607142857142857,0.2727272727272727,0.1111111111111111,0.6964193580362625,0.6879496519862173,0.7582566711306965,0.061837313094433966,0.842324658092607,1.054606593192109,False,0.10935159720555548,0.24019371231776698,0.11649289118684746
1003,in_domain,0.5928571428571429,0.36363636363636365,0.3333333333333333,0.769149829399267,0.763984218997111,0.7831489984249691,0.013999169025702085,0.5339775977690389,0.6685501722094902,True,0.10935159720555548,0.24019371231776698,0.10474142055266411
664,in_domain,0.38928571428571423,0.5454545454545454,0.4444444444444444,0.7279486263153861,0.7120333395406452,0.639227733561251,0.0887208927541352,0.6552269977785209,0.8203567416148568,True,0.10935159720555548,0.24019371231776698,0.10474142055266411
811,in_domain,0.45714285714285713,0.8181818181818182,0.1111111111111111,0.6183600314495576,0.6312532575269172,0.6618046943406221,0.04344466289106441,0.6219397129933596,0.7786804239781542,True,0.10935159720555548,0.24019371231776698,0.10474142055266411
547,in_domain,0.3214285714285714,0.5454545454545454,0.7777777777777777,0.5765388285148241,0.5274026977205447,0.5936831348080275,0.017144306293203404,0.6555247497628613,0.8207295327979294,True,0.10935159720555548,0.24019371231776698,0.10474142055266411
391,in_domain,0.25357142857142856,0.2727272727272727,0.1111111111111111,0.2808739627765475,0.2309536807347415,0.3661393171594516,0.08526535438290406,0.6507998838288305,0.8148139102192657,True,0.10935159720555548,0.24019371231776698,0.10474142055266411
877,in_domain,0.525,0.2727272727272727,0.7777777777777777,0.7000789387932755,0.7151287067215398,0.7262433292838056,0.0261643904905301,0.6060122491666116,0.7587389344311741,True,0.10935159720555548,0.24019371231776698,0.10474142055266411
304,in_domain,0.18571428571428572,0.5454545454545454,0.4444444444444444,0.49873558135799734,0.4728664384492342,0.4389074487947371,0.05982813256326025,0.6400055935137691,0.8012992521527772,True,0.10935159720555548,0.24019371231776698,0.10474142055266411
284,in_domain,0.18571428571428572,0.36363636363636365,0.4444444444444444,0.38760155459817314,0.3374356514240312,0.3957636171702454,0.008162062572072248,0.7385183902487169,0.9246391591023466,True,0.10935159720555548,0.24019371231776698,0.10474142055266411
276,in_domain,0.18571428571428572,0.2727272727272727,0.6666666666666666,0.37610148589684983,0.3394603044158056,0.3768671336215915,0.0007656477247416915,0.6173134950463995,0.772888310567328,True,0.10935159720555548,0.24019371231776698,0.10474142055266411
533,in_domain,0.3214285714285714,0.4545454545454546,0.3333333333333333,0.5060159317687448,0.5298356181305641,0.5265110951888595,0.020495163420114704,0.5614390669776039,0.702932457243951,True,0.10935159720555548,0.24019371231776698,0.10474142055266411
571,in_domain,0.3214285714285714,0.8181818181818182,0.1111111111111111,0.44494632897160713,0.44722473900781895,0.5236706488783973,0.07872431990679019,0.6172283742500343,0.772781737701151,True,0.10935159720555548,0.24019371231776698,0.10474142055266411
436,in_domain,0.25357142857142856,0.6363636363636364,0.6666666666666666,0.6234839876689531,0.6126677171389123,0.5461147683651211,0.077369219303832,0.6557766368651762,0.8210449002708974,True,0.10935159720555548,0.24019371231776698,0.10474142055266411
1002,in_domain,0.5928571428571429,0.36363636363636365,0.2222222222222222,0.7160375790376273,0.7442286130931447,0.7507351742510324,0.0346975952134051,0.6220248337897248,0.7787869968443313,True,0.10935159720555548,0.24019371231776698,0.10474142055266411
287,in_domain,0.18571428571428572,0.36363636363636365,0.7777777777777777,0.32712896270117064,0.31018115204150604,0.39864708315457226,0.07151812045340161,0.5832350299028769,0.730221419979548,True,0.10935159720555548,0.24019371231776698,0.10474142055266411
1164,in_domain,0.6607142857142857,0.7272727272727273,0.4444444444444444,1.0,1.042384133332528,0.9965439962773913,0.0034560037226086804,0.7415188039245816,0.9283957344494769,True,0.10935159720555548,0.24019371231776698,0.10474142055266411
292,in_domain,0.18571428571428572,0.4545454545454546,0.2222222222222222,0.3147277862879927,0.3541441600140931,0.37741840168408464,0.06269061539609194,0.7141603545761851,0.8941424322516452,True,0.10935159720555548,0.24019371231776698,0.10474142055266411
297,in_domain,0.18571428571428572,0.4545454545454546,0.7777777777777777,0.36774490139531524,0.3533295463938573,0.4265380664009922,0.05879316500567694,0.7016748595427021,0.8785103535097086,True,0.10935159720555548,0.24019371231776698,0.10474142055266411
1103,in_domain,0.6607142857142857,0.18181818181818182,0.3333333333333333,0.7633572577388498,0.7629200107976613,0.7981237380838614,0.03476648034501162,0.6557766368651762,0.8210449002708974,True,0.10935159720555548,0.24019371231776698,0.10474142055266411
764,in_domain,0.45714285714285713,0.36363636363636365,0.4444444444444444,0.7041448478404811,0.6465525336301847,0.6597653509381629,0.04437949690231824,0.6280632805542968,0.7863472477634692,True,0.10935159720555548,0.24019371231776698,0.10474142055266411
743,in_domain,0.45714285714285713,0.18181818181818182,0.3333333333333333,0.595174337483955,0.5869467964413906,0.5824728494562369,0.012701488027718089,0.6843796717055076,0.8568564473247658,True,0.10935159720555548,0.24019371231776698,0.10474142055266411
534,in_domain,0.3214285714285714,0.4545454545454546,0.4444444444444444,0.5710989839153515,0.5642197077660823,0.54681925108085,0.024279732834501466,0.6602360885061868,0.8266282190749327,True,0.10935159720555548,0.24019371231776698,0.10474142055266411
931,in_domain,0.525,0.8181818181818182,0.1111111111111111,0.6913032335851387,0.7344947366338651,0.7350571549577216,0.04375392137258294,0.8054636160894698,1.0084558631203249,False,0.10935159720555548,0.24019371231776698,0.10652026796447438
775,in_domain,0.45714285714285713,0.4545454545454546,0.5555555555555556,0.7877171941105328,0.7977652821629838,0.7032515149632423,0.08446567914729042,0.5743909015866125,0.7191484020597236,True,0.10935159720555548,0.24019371231776698,0.10474142055266411
654,in_domain,0.38928571428571423,0.4545454545454546,0.4444444444444444,0.6601731788491237,0.6524302199576661,0.6152989008725858,0.04487427797653798,0.676396311834964,0.8468611279732398,True,0.10935159720555548,0.24019371231776698,0.10474142055266411
1143,in_domain,0.6607142857142857,0.5454545454545454,0.3333333333333333,0.9176163970295811,0.9050936829666723,0.914696028955287,0.0029203680742940774,0.8193520610664274,1.0258444620425649,False,0.10935159720555548,0.24019371231776698,0.11022535247651953
1041,in_domain,0.5928571428571429,0.7272727272727273,0.1111111111111111,0.821164347693156,0.8328298079561844,0.794714402515351,0.02644994517780508,0.9660284895610199,1.2094861577594458,False,0.10935159720555548,0.24019371231776698,0.1532216957161941
1106,in_domain,0.6607142857142857,0.18181818181818182,0.6666666666666666,0.8444332540393019,0.8876105687228634,0.8473325994876967,0.0028993454483947634,0.7484257143397114,0.9370433184806478,True,0.10935159720555548,0.24019371231776698,0.10474142055266411
384,in_domain,0.25357142857142856,0.18181818181818182,0.4444444444444444,0.4004930836213661,0.38083238913664946,0.4051042860313274,0.004611202409961324,0.5653700746649725,0.7078541541041324,True,0.10935159720555548,0.24019371231776698,0.10474142055266411
412,in_domain,0.25357142857142856,0.4545454545454546,0.2222222222222222,0.37520027119214705,0.383245355149805,0.4368880979120634,0.06168782671991635,0.5936118749294942,0.743213428555415,True,0.10935159720555548,0.24019371231776698,0.10474142055266411
1161,in_domain,0.6607142857142857,0.7272727272727273,0.1111111111111111,0.8583352001169499,0.8699453185445775,0.8724633765926728,0.014128176475722953,1.2884885427283461,1.6132123158911624,False,0.10935159720555548,0.24019371231776698,0.2725847263841393
626,in_domain,0.38928571428571423,0.18181818181818182,0.6666666666666666,0.5861345916723275,0.5759988081870061,0.5448024468708699,0.04133214480145764,0.6895490717264777,0.8633286350882198,True,0.10935159720555548,0.24019371231776698,0.10474142055266411
1056,in_domain,0.5928571428571429,0.8181818181818182,0.6666666666666666,0.9012771471384026,0.9420807325747195,0.9830928717652522,0.0818157246268496,0.6351505048827437,0.7952205882651429,True,0.10935159720555548,0.24019371231776698,0.10474142055266411
665,in_domain,0.38928571428571423,0.5454545454545454,0.5555555555555556,0.7678985044029873,0.7392567587739257,0.6560036454607308,0.11189485894225659,0.6646923587871003,0.8322075547552386,True,0.10935159720555548,0.24019371231776698,0.10474142055266411
457,in_domain,0.25357142857142856,0.8181818181818182,0.7777777777777777,0.4490011578146935,0.4703547258350141,0.5925755157178841,0.14357435790319062,0.8956944789454756,1.1214266303454425,False,0.10935159720555548,0.24019371231776698,0.13172256824609357
625,in_domain,0.38928571428571423,0.18181818181818182,0.5555555555555556,0.6083038921325722,0.5706944350058161,0.5423130857339746,0.06599080639859756,0.6402645507941447,0.8016234716239934,True,0.10935159720555548,0.24019371231776698,0.10474142055266411
874,in_domain,0.525,0.2727272727272727,0.4444444444444444,0.7530893678476229,0.7086945105815635,0.7030633635784859,0.05002600426913706,0.5909665026711058,0.7399013718581063,True,0.10935159720555548,0.24019371231776698,0.10474142055266411
912,in_domain,0.525,0.6363636363636364,0.2222222222222222,0.8226492576534354,0.8439018007633686,0.7458414628887917,0.07680779476464372,0.6173134950463998,0.7728883105673283,True,0.10935159720555548,0.24019371231776698,0.10474142055266411
985,in_domain,0.5928571428571429,0.18181818181818182,0.5555555555555556,0.8270860230634071,0.7728739763441305,0.7598812077369467,0.06720481532646039,0.545023775186415,0.6823801977489465,True,0.10935159720555548,0.24019371231776698,0.10474142055266411
426,in_domain,0.25357142857142856,0.5454545454545454,0.6666666666666666,0.571711812885133,0.5586972108819355,0.5225288162608266,0.04918299662430636,0.6583710473037548,0.8242931517944455,True,0.10935159720555548,0.24019371231776698,0.10474142055266411
871,in_domain,0.525,0.2727272727272727,0.1111111111111111,0.6045222325095414,0.6203122381215973,0.6163897187776491,0.011867486268107741,0.7871825668486708,0.9855676395896579,True,0.10935159720555548,0.24019371231776698,0.10474142055266411
911,in_domain,0.525,0.6363636363636364,0.1111111111111111,0.7820786061110735,0.8092661459668131,0.7026636971925949,0.07941490891847858,0.6336436660412231,0.7933339971961553,True,0.10935159720555548,0.24019371231776698,0.10474142055266411
535,in_domain,0.3214285714285714,0.4545454545454546,0.5555555555555556,0.6107849731140637,0.5740889101523509,0.5600725537400058,0.050712419374057904,0.6191785362488312,0.775223377847815,True,0.10935159720555548,0.24019371231776698,0.10474142055266411
676,in_domain,0.38928571428571423,0.6363636363636364,0.6666666666666666,0.7921659057468791,0.7784826256759101,0.6914787970071907,0.10068710873968834,0.6536461813697242,0.8183775292157821,True,0.10935159720555548,0.24019371231776698,0.10474142055266411
804,in_domain,0.45714285714285713,0.7272727272727273,0.4444444444444444,0.8405666374223589,0.8394429053566163,0.7562357860964171,0.08433085132594187,0.6285741249369872,0.7869868347076533,True,0.10935159720555548,0.24019371231776698,0.10474142055266411
1176,in_domain,0.6607142857142857,0.8181818181818182,0.6666666666666666,0.9403538637597273,0.9199900689370394,1.0704993405197696,0.1301454767600423,0.7055549382349655,0.8833682862932878,True,0.10935159720555548,0.24019371231776698,0.10474142055266411
1006,in_domain,0.5928571428571429,0.36363636363636365,0.6666666666666666,0.8494341590330525,0.8830013793270022,0.8380613515497672,0.011372807483285285,0.6314204224778803,0.790550453704169,True,0.10935159720555548,0.24019371231776698,0.10474142055266411
693,in_domain,0.38928571428571423,0.8181818181818182,0.3333333333333333,0.6041458717589675,0.5692520644475141,0.6710161619052736,0.06687029014630608,0.5222330287319747,0.6538457469956601,True,0.10935159720555548,0.24019371231776698,0.10474142055266411
916,in_domain,0.525,0.6363636363636364,0.6666666666666666,0.9547557141920705,0.9578672839817869,0.8480039933452264,0.10675172084684414,0.5386483205231634,0.6743980064906642,True,0.10935159720555548,0.24019371231776698,0.10474142055266411
756,in_domain,0.45714285714285713,0.2727272727272727,0.6666666666666666,0.6942867544477997,0.6723985622813382,0.6502500647015629,0.04403668974623687,0.5358426389714707,0.6708852394899772,True,0.10935159720555548,0.24019371231776698,0.10474142055266411
1025,in_domain,0.5928571428571429,0.5454545454545454,0.5555555555555556,0.9866806353338222,0.971518520805569,0.8865806121168288,0.1001000232169934,0.5771965831383055,0.7226611690604108,True,0.10935159720555548,0.24019371231776698,0.10474142055266411
757,in_domain,0.45714285714285713,0.2727272727272727,0.7777777777777777,0.6252005514725094,0.6450876918217495,0.6492071818459472,0.024006630373437754,0.5862957799169815,0.7340535375769325,True,0.10935159720555548,0.24019371231776698,0.10474142055266411
661,in_domain,0.38928571428571423,0.5454545454545454,0.1111111111111111,0.5673263820958118,0.5941780238163317,0.5465708784658001,0.020755503630011662,0.57665864995712,0.721987666422058,True,0.10935159720555548,0.24019371231776698,0.10474142055266411
1031,in_domain,0.5928571428571429,0.6363636363636364,0.1111111111111111,0.8368048792140008,0.836726048083562,0.776538308958165,0.060266570255835816,0.8730557269793863,1.0930824796005953,False,0.10935159720555548,0.24019371231776698,0.1251481189551085
383,in_domain,0.25357142857142856,0.18181818181818182,0.3333333333333333,0.34112667729394935,0.31265895410907274,0.39193458814453563,0.05080791085058628,0.6287750502194919,0.7872383970068602,True,0.10935159720555548,0.24019371231776698,0.10474142055266411
1015,in_domain,0.5928571428571429,0.4545454545454546,0.5555555555555556,0.9189051878675596,0.9102004466082092,0.8575916438824448,0.06131354398511479,0.6337287868375885,0.7934405700623325,True,0.10935159720555548,0.24019371231776698,0.10474142055266411
295,in_domain,0.18571428571428572,0.4545454545454546,0.5555555555555556,0.4701183453126692,0.4624212883149966,0.4280547602127349,0.0420635850999343,0.7856093529671458,0.9835979457002322,True,0.10935159720555548,0.24019371231776698,0.10474142055266411
512,in_domain,0.3214285714285714,0.2727272727272727,0.2222222222222222,0.39226047462797714,0.3999085881415404,0.4553184932708003,0.06305801864282318,0.6280632805542965,0.7863472477634688,True,0.10935159720555548,0.24019371231776698,0.10474142055266411
433,in_domain,0.25357142857142856,0.6363636363636364,0.3333333333333333,0.547157991368501,0.5270328630741422,0.5006513686666917,0.046506622701809275,0.5889005361861689,0.7373147422784118,True,0.10935159720555548,0.24019371231776698,0.10474142055266411
636,in_domain,0.38928571428571423,0.2727272727272727,0.6666666666666666,0.6065460123357204,0.6176162626025408,0.5777188940455827,0.02882711829013762,0.6285741249369868,0.7869868347076528,True,0.10935159720555548,0.24019371231776698,0.10474142055266411
991,in_domain,0.5928571428571429,0.2727272727272727,0.1111111111111111,0.6592485056124687,0.6617699701416372,0.6859280489921771,0.026679543379708348,0.77803886526283,0.9741195502027878,True,0.10935159720555548,0.24019371231776698,0.10474142055266411
936,in_domain,0.525,0.8181818181818182,0.6666666666666666,0.8446450098379443,0.8451997124566769,0.8984766949347263,0.053831685096781934,0.5895969573754231,0.7381866749361702,True,0.10935159720555548,0.24019371231776698,0.10474142055266411
927,in_domain,0.525,0.7272727272727273,0.7777777777777777,0.8619947808739629,0.8760926724174742,0.8838470623412963,0.021852281467333423,0.5245413930916828,0.6567358633538235,True,0.10935159720555548,0.24019371231776698,0.10474142055266411
334,in_domain,0.18571428571428572,0.8181818181818182,0.4444444444444444,0.43506157880800767,0.4340533433738003,0.490193781928542,0.05513220312053435,0.7464058715759895,0.9345144366826769,True,0.10935159720555548,0.24019371231776698,0.10474142055266411
883,in_domain,0.525,0.36363636363636365,0.3333333333333333,0.7133093587654755,0.7809333232315621,0.7090972281069066,0.004212130658568958,0.675455671485703,0.8456834282530399,True,0.10935159720555548,0.24019371231776698,0.10474142055266411
915,in_domain,0.525,0.6363636363636364,0.5555555555555556,0.9810147686712876,0.9266586685976684,0.8330456405803706,0.147969128090917,0.5926712345802334,0.7420357288352153,True,0.10935159720555548,0.24019371231776698,0.10474142055266411
501,in_domain,0.3214285714285714,0.18181818181818182,0.1111111111111111,0.3490257192511817,0.34306134540285177,0.401723724803248,0.052698005552066274,0.8588354027710405,1.0752783615288175,False,0.10935159720555548,0.24019371231776698,0.12110449760328061
336,in_domain,0.18571428571428572,0.8181818181818182,0.6666666666666666,0.45161067495388263,0.4672567198225948,0.5172501896419682,0.0656395146880856,0.8166442142248095,1.0224541859713512,False,0.10935159720555548,0.24019371231776698,0.10949799685045947
1101,in_domain,0.6607142857142857,0.18181818181818182,0.1111111111111111,0.6872797493914344,0.7246568218110027,0.7300435643171282,0.04276381492569381,1.0073779736147905,1.2612565031829608,False,0.10935159720555548,0.24019371231776698,0.16661929661453725
675,in_domain,0.38928571428571423,0.6363636363636364,0.5555555555555556,0.8187181701026394,0.8989976363350828,0.6799498139581089,0.13876835614453042,0.6128166087762855,0.7672581228911934,True,0.10935159720555548,0.24019371231776698,0.10474142055266411
983,in_domain,0.5928571428571429,0.18181818181818182,0.3333333333333333,0.7250722077841917,0.729208725162522,0.7234498166173284,0.0016223911668632462,0.6689568376186205,0.8375467638702053,True,0.10935159720555548,0.24019371231776698,0.10474142055266411
382,in_domain,0.25357142857142856,0.18181818181818182,0.2222222222222222,0.2987439885425011,0.2973090999802196,0.3717100370249086,0.07296604848240751,0.6355396848601135,0.7957078490453294,True,0.10935159720555548,0.24019371231776698,0.10474142055266411
415,in_domain,0.25357142857142856,0.4545454545454546,0.5555555555555556,0.531734348735342,0.5113161012011606,0.4926685110143746,0.03906583772096739,0.6173134950463997,0.7728883105673282,True,0.10935159720555548,0.24019371231776698,0.10474142055266411
333,in_domain,0.18571428571428572,0.8181818181818182,0.3333333333333333,0.3760763453200971,0.3645611187130891,0.466083298222576,0.0900069529024789,0.8026153947027309,1.0048898354319897,False,0.10935159720555548,0.24019371231776698,0.10576826159024134
1147,in_domain,0.6607142857142857,0.5454545454545454,0.7777777777777777,0.9244687845810028,0.9052807574640009,0.9951249278137273,0.07065614323272451,0.6676815151955448,0.8359500357881058,True,0.10935159720555548,0.24019371231776698,0.10474142055266411
577,in_domain,0.3214285714285714,0.8181818181818182,0.7777777777777777,0.528227708119341,0.4670028300434175,0.6677452097103312,0.1395175015909902,0.7928903438558162,0.9927138856438059,True,0.10935159720555548,0.24019371231776698,0.10474142055266411
887,in_domain,0.525,0.36363636363636365,0.7777777777777777,0.7203099025235041,0.6931273257979116,0.7613452530427524,0.041035350519248226,0.73194201030296,0.9164054055448566,True,0.10935159720555548,0.24019371231776698,0.10474142055266411
797,in_domain,0.45714285714285713,0.6363636363636364,0.7777777777777777,0.807385207662214,0.7671264436342891,0.7745350638883464,0.032850143773867635,0.5738394412147217,0.7184579631197107,True,0.10935159720555548,0.24019371231776698,0.10474142055266411
794,in_domain,0.45714285714285713,0.6363636363636364,0.4444444444444444,0.8660985402999573,0.7990512251512994,0.7348040601674399,0.13129448013251732,0.5928721598627386,0.7422872911344228,True,0.10935159720555548,0.24019371231776698,0.10474142055266411
872,in_domain,0.525,0.2727272727272727,0.2222222222222222,0.6404646014637307,0.663852067300023,0.6523357869440967,0.01187118548036592,0.7562422265669485,0.9468297413894554,True,0.10935159720555548,0.24019371231776698,0.10474142055266411
562,in_domain,0.3214285714285714,0.7272727272727273,0.2222222222222222,0.5541763167086643,0.562887463468202,0.5514630609509507,0.0027132557577136396,0.5292662590257137,0.6626514859324871,True,0.10935159720555548,0.24019371231776698,0.10474142055266411
396,in_domain,0.25357142857142856,0.2727272727272727,0.6666666666666666,0.43786409425779427,0.4231315917576284,0.4410274285055971,0.0031633342478028514,0.5973825733235583,0.7479344151122179,True,0.10935159720555548,0.24019371231776698,0.10474142055266411
696,in_domain,0.38928571428571423,0.8181818181818182,0.6666666666666666,0.682055201392753,0.6974107357223551,0.7376152170456486,0.05556001565289559,0.5954633889412202,0.7455315595342413,True,0.10935159720555548,0.24019371231776698,0.10474142055266411
934,in_domain,0.525,0.8181818181818182,0.4444444444444444,0.8260434445562669,0.8410590976570491,0.8542734386424301,0.028229994086163224,0.7202380572550968,0.9017518323268559,True,0.10935159720555548,0.24019371231776698,0.10474142055266411
451,in_domain,0.25357142857142856,0.8181818181818182,0.1111111111111111,0.36765496385214474,0.3421520525264137,0.458789064033272,0.09113410018112728,0.6551824929713562,0.8203010207445087,True,0.10935159720555548,0.24019371231776698,0.10474142055266411
992,in_domain,0.5928571428571429,0.2727272727272727,0.2222222222222222,0.6958066153073988,0.6567800245078292,0.7235888020165117,0.02778218670911281,0.7117966361069078,0.8911830114888784,True,0.10935159720555548,0.24019371231776698,0.10474142055266411
864,in_domain,0.525,0.18181818181818182,0.4444444444444444,0.7301228348358415,0.6872136621718334,0.6715946243931267,0.058528210442714834,0.6534046400980182,0.8180751149207455,True,0.10935159720555548,0.24019371231776698,0.10474142055266411
425,in_domain,0.25357142857142856,0.5454545454545454,0.5555555555555556,0.5995097962016045,0.5653939769859472,0.5162371273099561,0.08327266889164842,0.6893036416368078,0.8630213519186641,True,0.10935159720555548,0.24019371231776698,0.10474142055266411
444,in_domain,0.25357142857142856,0.7272727272727273,0.4444444444444444,0.5853754587138349,0.5687994499900753,0.5410402032313657,0.044335255482469194,0.5661097897317285,0.7087802915251251,True,0.10935159720555548,0.24019371231776698,0.10474142055266411
1167,in_domain,0.6607142857142857,0.7272727272727273,0.7777777777777777,0.9577622767710544,0.9647064953540029,1.0571309368665927,0.09936866009553824,0.7017842398409014,0.8786472997364848,True,0.10935159720555548,0.24019371231776698,0.10474142055266411
305,in_domain,0.18571428571428572,0.5454545454545454,0.5555555555555556,0.5378937927789318,0.5792392903774233,0.45053930612055587,0.08735448665837592,0.8102561780218849,1.0144562423846,False,0.10935159720555548,0.24019371231776698,0.10779164444951088
507,in_domain,0.3214285714285714,0.18181818181818182,0.7777777777777777,0.4323070983989156,0.4251466869082555,0.46986546157281484,0.03755836317389921,0.6834994817328166,0.8557544326329919,True,0.10935159720555548,0.24019371231776698,0.10474142055266411
374,near_shift,0.25357142857142856,0.09090909090909091,0.4444444444444444,0.3748093719179897,0.4106633934863423,0.37618123982328583,0.0013718679052961424,0.7801124064654575,0.9767156634740036,True,0.10935159720555548,0.24019371231776698,0.10474142055266411
900,near_shift,0.525,0.5454545454545454,0.0,0.6851342467268312,0.66659159071543,0.6353563909028502,0.049777855823980977,0.7560776958375965,0.9466237457673514,True,0.10935159720555548,0.24019371231776698,0.10474142055266411
41,near_shift,0.05,0.36363636363636365,0.1111111111111111,0.16823133070265195,0.1554022987863167,0.22441546589771313,0.056184135195061186,1.2554051777544315,1.571791309760964,False,0.10935159720555548,0.24019371231776698,0.25876660400665524
810,near_shift,0.45714285714285713,0.8181818181818182,0.0,0.5934857228763121,0.6052960103901256,0.6096709115046024,0.016185188628290326,0.9404222896479945,1.1774267053910181,False,0.10935159720555548,0.24019371231776698,0.1452065555014818
1060,near_shift,0.5928571428571429,0.9090909090909092,0.0,0.6587220672097536,0.6558556413246645,0.7683237469743192,0.10960167976456558,1.5137394175891534,1.8952307222956692,False,0.10935159720555548,0.24019371231776698,0.37622065514180336
1347,near_shift,0.7964285714285714,0.18181818181818182,0.7777777777777777,0.821241215906963,0.8604469813669988,1.0210620443914404,0.19982082848447746,1.4024691372130154,1.755918201661721,False,0.10935159720555548,0.24019371231776698,0.3229438519944857
178,near_shift,0.11785714285714285,0.4545454545454546,0.8888888888888888,0.254042262868065,0.23880141283132061,0.3482299261945588,0.09418766332649375,1.166210832091002,1.4601182818988652,False,0.10935159720555548,0.24019371231776698,0.22330298943666432
678,near_shift,0.38928571428571423,0.6363636363636364,0.8888888888888888,0.6515813436872768,0.5697650698574527,0.6933722034068486,0.04179085971957175,0.909871556949822,1.1391766033421238,False,0.10935159720555548,0.24019371231776698,0.1359253854458226
946,near_shift,0.525,0.9090909090909092,0.6666666666666666,0.7612558152214425,0.8240264225572108,0.9210271628688896,0.15977134764744716,0.8239313604372333,1.031577832498071,False,0.10935159720555548,0.24019371231776698,0.11146087852340839
1158,near_shift,0.6607142857142857,0.6363636363636364,0.8888888888888888,0.9096454381530165,0.8683399409892043,1.0313012426419812,0.12165580448896474,0.9074960849068124,1.1362024668800923,False,0.10935159720555548,0.24019371231776698,0.13521657010231924
1511,near_shift,0.8642857142857143,0.6363636363636364,0.1111111111111111,0.9186592229769889,0.9350322273056991,1.0999396752603596,0.18128045228337075,2.0704048107080433,2.592186448505118,False,0.10935159720555548,0.24019371231776698,0.7038027046536511
1404,near_shift,0.7964285714285714,0.7272727272727273,0.4444444444444444,1.0,0.9971141128107278,1.1707009293513315,0.17070092935133152,1.3105837878164268,1.6408759856225592,False,0.10935159720555548,0.24019371231776698,0.2820135515813084
528,near_shift,0.3214285714285714,0.36363636363636365,0.8888888888888888,0.4002016044421766,0.38552120439530463,0.5256362939160822,0.12543468947390563,0.6759936046668884,0.8463569308913926,True,0.10935159720555548,0.24019371231776698,0.10474142055266411
82,near_shift,0.05,0.7272727272727273,0.2222222222222222,0.34617667541028746,0.3688508099470329,0.30615601523389246,0.040020660176394995,1.167293966587423,1.461474387018506,False,0.10935159720555548,0.24019371231776698,0.22371797355977502
612,near_shift,0.38928571428571423,0.09090909090909091,0.2222222222222222,0.44801713204381616,0.4117244879222851,0.4650405447075894,0.01702341266377322,0.8002263202531363,1.0018986684965772,False,0.10935159720555548,0.24019371231776698,0.10513953661039664
1093,near_shift,0.6607142857142857,0.09090909090909091,0.3333333333333333,0.7407489191784958,0.6877688617884893,0.764504193931694,0.023755274753198163,0.9038400163419754,1.1316249990633829,False,0.10935159720555548,0.24019371231776698,0.13412925913145937
1361,near_shift,0.7964285714285714,0.36363636363636365,0.1111111111111111,0.7491558302498169,0.7684385141408632,0.9398754501950748,0.19071961994525788,1.3628566566336817,1.7063226178327282,False,0.10935159720555548,0.24019371231776698,0.304958508397064
31,near_shift,0.05,0.2727272727272727,0.1111111111111111,0.15262864956059596,0.18150856208056415,0.2077495811477136,0.055120931587117644,1.2055446916582162,1.509365026888154,False,0.10935159720555548,0.24019371231776698,0.23862010111595466
1333,near_shift,0.7964285714285714,0.09090909090909091,0.3333333333333333,0.7801111053117226,0.745891193394596,0.9200547718612131,0.13994366654949053,1.4041660005349985,1.7580427070171283,False,0.10935159720555548,0.24019371231776698,0.3237257916088044
64,near_shift,0.05,0.5454545454545454,0.4444444444444444,0.42735627156471867,0.34129192068848285,0.319312051903685,0.10804421966103367,1.2010667212217803,1.5037585221978145,False,0.10935159720555548,0.24019371231776698,0.23685069473456466
1397,near_shift,0.7964285714285714,0.6363636363636364,0.7777777777777777,1.0,0.9850972932053357,1.2093001280727629,0.20930012807276288,1.31356114216539,1.6446036902510763,False,0.10935159720555548,0.24019371231776698,0.2832963509502519
70,near_shift,0.05,0.6363636363636364,0.0,0.2970886211819411,0.3109182037997424,0.22543976378154204,0.07164885740039909,1.455909399864222,1.8228264332947601,False,0.10935159720555548,0.24019371231776698,0.3480239206728088
1246,near_shift,0.7285714285714285,0.36363636363636365,0.6666666666666666,0.9137870695792039,0.9612536277036101,1.0048238771051885,0.09103680752598464,0.8827728047849366,1.105248446988395,False,0.10935159720555548,0.24019371231776698,0.1279494096415731
640,near_shift,0.38928571428571423,0.36363636363636365,0.0,0.42458530816449064,0.4223294910605748,0.4663906947434232,0.04180538657893257,0.9906187468022664,1.2402736304586686,False,0.10935159720555548,0.24019371231776698,0.1611214939826561
853,near_shift,0.525,0.09090909090909091,0.3333333333333333,0.6466233985900462,0.6632871869684875,0.6201147836981407,0.02650861489190559,0.9868090376034723,1.2355038016277156,False,0.10935159720555548,0.24019371231776698,0.15988459892595816
1220,near_shift,0.7285714285714285,0.18181818181818182,0.0,0.6828436717800526,0.6615776168050987,0.7577413564013722,0.07489768462131963,1.445009282625602,1.8091792778945535,False,0.10935159720555548,0.24019371231776698,0.3428322501956926
1341,near_shift,0.7964285714285714,0.18181818181818182,0.1111111111111111,0.7244135404629327,0.7238969978739221,0.8809035435906204,0.15649000312768768,1.5145339927302583,1.8962255455797143,False,0.10935159720555548,0.24019371231776698,0.3766157218668021
1257,near_shift,0.7285714285714285,0.4545454545454546,0.7777777777777777,0.8819988520272212,0.8548288392255622,1.0490112044120619,0.1670123523848407,0.9801693193829558,1.2271907473379946,False,0.10935159720555548,0.24019371231776698,0.15774027878130265
1484,near_shift,0.8642857142857143,0.36363636363636365,0.4444444444444444,0.9226408890641996,0.9130297186792448,1.1394767093097826,0.216835820245583,1.577241952348497,1.9747371111900236,False,0.10935159720555548,0.24019371231776698,0.4084482461597231
971,near_shift,0.5928571428571429,0.09090909090909091,0.1111111111111111,0.6410674874610921,0.6329628726953342,0.629879387566837,0.011188099894255066,1.1113040507657859,1.3913739408182504,False,0.10935159720555548,0.24019371231776698,0.2027711620378861
998,near_shift,0.5928571428571429,0.2727272727272727,0.8888888888888888,0.6930709899054682,0.6146445076682606,0.8014014022729785,0.10833041236751029,0.8442670741427349,1.0570385352627896,False,0.10935159720555548,0.24019371231776698,0.11703078013406373
770,near_shift,0.45714285714285713,0.4545454545454546,0.0,0.5451486218163457,0.5264356549272324,0.5492896207602427,0.004140998943896967,0.757221486847204,0.9480557940024078,True,0.10935159720555548,0.24019371231776698,0.10474142055266411
650,near_shift,0.38928571428571423,0.4545454545454546,0.0,0.4600467685931552,0.4089934134277277,0.4848784184760635,0.024831649882908313,0.8912461792081398,1.1158572739382442,False,0.10935159720555548,0.24019371231776698,0.1304174659039152
226,near_shift,0.11785714285714285,0.9090909090909092,0.6666666666666666,0.32464194948719927,0.3878370825865759,0.4654218099629914,0.1407798604757921,1.2658570954892885,1.5848773108043643,False,0.10935159720555548,0.24019371231776698,0.26309328029373097
135,near_shift,0.11785714285714285,0.09090909090909091,0.5555555555555556,0.3091825428932304,0.28461777052136256,0.26272351351760115,0.046459029375629235,1.1573254127500527,1.4489935668258658,False,0.10935159720555548,0.24019371231776698,0.21991323860835585
48,near_shift,0.05,0.36363636363636365,0.8888888888888888,0.1872760372178738,0.17634974511884005,0.2565219378139047,0.06924590059603089,1.410864575405799,1.7664294509594627,False,0.10935159720555548,0.24019371231776698,0.3268218270785535
54,near_shift,0.05,0.4545454545454546,0.4444444444444444,0.35958082409845604,0.36843999950863604,0.30080357115382217,0.05877725294463387,1.3231345244834516,1.6565897481383505,False,0.10935159720555548,0.24019371231776698,0.2874407904454414
496,near_shift,0.3214285714285714,0.09090909090909091,0.6666666666666666,0.474041564351041,0.47497384616943444,0.44252267316596505,0.03151889118507595,0.9428722992210383,1.180494164267227,False,0.10935159720555548,0.24019371231776698,0.14596413189812107
1545,near_shift,0.8642857142857143,0.9090909090909092,0.5555555555555556,0.925433445824333,0.973076027373103,1.3484757679986337,0.4230423221743007,1.8027422652690108,2.2570678188192805,False,0.10935159720555548,0.24019371231776698,0.5335899940323999
1120,near_shift,0.6607142857142857,0.36363636363636365,0.0,0.6723284149759093,0.6547214730970201,0.7364409738730465,0.06411255889713718,0.971513331723226,1.2163532851209773,False,0.10935159720555548,0.24019371231776698,0.15496653574130512
1476,near_shift,0.8642857142857143,0.2727272727272727,0.6666666666666666,0.9152457586344812,0.8886723911431652,1.1440332190412632,0.228787460406782,1.5893259602542265,1.9898665203639465,False,0.10935159720555548,0.24019371231776698,0.41473085762691697
1455,near_shift,0.8642857142857143,0.09090909090909091,0.5555555555555556,0.8902936921600556,0.8864268451881493,1.0485485199297995,0.15825482776974387,1.7648666838107425,2.2096468659323913,False,0.10935159720555548,0.24019371231776698,0.5114040992665263
1467,near_shift,0.8642857142857143,0.18181818181818182,0.7777777777777777,0.830726101359844,0.7938479043815526,1.1109655810614958,0.28023947970165175,1.7638370279548463,2.2083577170942155,False,0.10935159720555548,0.24019371231776698,0.5108075481219384
1097,near_shift,0.6607142857142857,0.09090909090909091,0.7777777777777777,0.7634085268020635,0.7346421853712558,0.808774605141388,0.04536607833932449,1.0482493698561264,1.31242827351518,False,0.10935159720555548,0.24019371231776698,0.1804137423612701
1505,near_shift,0.8642857142857143,0.5454545454545454,0.5555555555555556,1.0,1.020526333326297,1.233080654594173,0.23308065459417304,1.6738042717906185,2.09563498323877,False,0.10935159720555548,0.24019371231776698,0.45999142847793656
160,near_shift,0.11785714285714285,0.36363636363636365,0.0,0.16111680643099432,0.10059657841106204,0.24098508639766322,0.0798682799666689,1.1700786619158838,1.4649608788660513,False,0.10935159720555548,0.24019371231776698,0.2247866495087342
947,near_shift,0.525,0.9090909090909092,0.7777777777777777,0.7027807845692493,0.749966020290413,0.9343544355482222,0.23157365097897287,0.8790800424642906,1.1006250378871307,False,0.10935159720555548,0.24019371231776698,0.12688118797193565
1138,near_shift,0.6607142857142857,0.4545454545454546,0.8888888888888888,0.7858958467216219,0.791679491140107,0.9620982076767928,0.17620236095517083,0.9226563055682417,1.1551833532998186,False,0.10935159720555548,0.24019371231776698,0.13977203989655881
1296,near_shift,0.7285714285714285,0.8181818181818182,0.6666666666666666,0.9656300576845539,0.9608974821393235,1.1606961011982784,0.19506604351372447,0.9045459471585827,1.1325088379565924,False,0.10935159720555548,0.24019371231776698,0.13433886028266964
735,near_shift,0.45714285714285713,0.09090909090909091,0.5555555555555556,0.6702143176030038,0.6739595924533492,0.5780623193905468,0.09215199821245701,0.857291261548642,1.07334506716504,False,0.10935159720555548,0.24019371231776698,0.12066940995774278
1253,near_shift,0.7285714285714285,0.4545454545454546,0.3333333333333333,0.8743254768214784,0.8829227752395232,0.968955263651823,0.09462978683034462,0.9929538873171132,1.2431972710755348,False,0.10935159720555548,0.24019371231776698,0.16188199801695347
1272,near_shift,0.7285714285714285,0.6363636363636364,0.2222222222222222,0.9397639351296746,0.9338631766309381,0.9809802285311371,0.04121629340146249,1.3101277196176053,1.6403049795089408,False,0.10935159720555548,0.24019371231776698,0.2818173107380863
1245,near_shift,0.7285714285714285,0.36363636363636365,0.5555555555555556,0.9396063092436061,0.9508768602800168,0.9901452429139835,0.05053893367037743,0.8395678331311675,1.0511549955774857,False,0.10935159720555548,0.24019371231776698,0.11573160522870328
1421,near_shift,0.7964285714285714,0.9090909090909092,0.1111111111111111,0.7505118846206617,0.7820954901140821,1.073817044239053,0.32330515961839146,2.270245355598273,2.842390635457899,False,0.10935159720555548,0.24019371231776698,0.8462252640072899
278,near_shift,0.18571428571428572,0.2727272727272727,0.8888888888888888,0.24375636957280025,0.24753349744562855,0.35400903581442905,0.1102526662416288,0.7875861225121507,0.9860728990039905,True,0.10935159720555548,0.24019371231776698,0.10474142055266411
990,near_shift,0.5928571428571429,0.2727272727272727,0.0,0.6255509948699984,0.6942474805131176,0.6412124427350073,0.015661447865008893,0.9944879641505813,1.245117964631749,False,0.10935159720555548,0.24019371231776698,0.16238258774961845
410,near_shift,0.25357142857142856,0.4545454545454546,0.0,0.29664262829300697,0.2776658573547598,0.3644268896796796,0.06778426138667265,0.942161343525574,1.1796040341295175,False,0.10935159720555548,0.24019371231776698,0.1457440916943043
462,near_shift,0.25357142857142856,0.9090909090909092,0.2222222222222222,0.31705521454374774,0.30874245599686184,0.5097064279161676,0.19265121337241986,0.87880814489464,1.1002846169260778,False,0.10935159720555548,0.24019371231776698,0.1268027119520219
104,near_shift,0.05,0.9090909090909092,0.4444444444444444,0.2772177012552044,0.3052657207632901,0.37544008916589217,0.09822238791068777,1.4549167150289175,1.8215835728819536,False,0.10935159720555548,0.24019371231776698,0.34754949514949113
658,near_shift,0.38928571428571423,0.4545454545454546,0.8888888888888888,0.5278317522558823,0.5994037501663805,0.6328417315437442,0.10500997928786193,0.8459233171382806,1.0591121831920642,False,0.10935159720555548,0.24019371231776698,0.11749040136157221
343,near_shift,0.18571428571428572,0.9090909090909092,0.3333333333333333,0.2926871507035952,0.32603544854354655,0.47778964107062494,0.18510249036702975,1.0299032474268413,1.2894585771070919,False,0.10935159720555548,0.24019371231776698,0.17415391838591618
1496,near_shift,0.8642857142857143,0.4545454545454546,0.6666666666666666,0.9813180297955574,0.9470060483393105,1.219671333098163,0.23835330330260562,1.6394230979113693,2.0525890955203145,False,0.10935159720555548,0.24019371231776698,0.4412883827230964
1266,near_shift,0.7285714285714285,0.5454545454545454,0.6666666666666666,1.0,0.997488165980716,1.0725445324635974,0.07254453246359738,0.93139861306343,1.1661288896029058,False,0.10935159720555548,0.24019371231776698,0.14243331068771758
76,near_shift,0.05,0.6363636363636364,0.6666666666666666,0.48952108186040905,0.5407442337274151,0.34899591483195236,0.1405251670284567,1.282702632062864,1.6059682450013761,False,0.10935159720555548,0.24019371231776698,0.2701421593696967
1526,near_shift,0.8642857142857143,0.7272727272727273,0.6666666666666666,1.0,0.9913980486881493,1.3196990898805803,0.31969908988058027,1.5814561215958487,1.9800133317427357,False,0.10935159720555548,0.24019371231776698,0.4106337948405441
731,near_shift,0.45714285714285713,0.09090909090909091,0.1111111111111111,0.5133980122225839,0.4724957497090303,0.49792930061281454,0.015468711609769314,1.0490180310121586,1.313390651993946,False,0.10935159720555548,0.24019371231776698,0.1806784272432495
1186,near_shift,0.6607142857142857,0.9090909090909092,0.6666666666666666,0.8569646691432253,0.8880674166344281,1.0952179492294538,0.23825328008622848,0.9162381951695827,1.1471477562444174,False,0.10935159720555548,0.24019371231776698,0.13783426023893366
1185,near_shift,0.6607142857142857,0.9090909090909092,0.5555555555555556,0.875472176707361,0.7934222402941868,1.0714064536015122,0.19593427689415122,0.9455107173681944,1.1837975142841781,False,0.10935159720555548,0.24019371231776698,0.14678217108161065
1375,near_shift,0.7964285714285714,0.4545454545454546,0.5555555555555556,0.9984876091406295,1.0069046757898823,1.1100290266911843,0.1115414175505548,1.2820767590288304,1.6051846399841758,False,0.10935159720555548,0.24019371231776698,0.2698786010981023
1364,near_shift,0.7964285714285714,0.36363636363636365,0.4444444444444444,0.9135958184261335,0.8893943303796041,1.0525490864378673,0.1389532680117338,1.1677266469100889,1.462016111063557,False,0.10935159720555548,0.24019371231776698,0.22388385517633472
1495,near_shift,0.8642857142857143,0.4545454545454546,0.5555555555555556,1.0,1.0185622503857663,1.199755404808747,0.1997554048087471,1.6317390309451039,2.0429684966131147,False,0.10935159720555548,0.24019371231776698,0.4371613909232738
1394,near_shift,0.7964285714285714,0.6363636363636364,0.4444444444444444,1.0,0.985208122799513,1.1438488514835519,0.14384885148355187,1.318694467480706,1.6510307117926168,False,0.10935159720555548,0.24019371231776698,0.2855148908456547
648,near_shift,0.38928571428571423,0.36363636363636365,0.8888888888888888,0.4896276512278008,0.46498571331004634,0.5998906127516053,0.11026296152380449,0.7875861225121508,0.9860728990039906,True,0.10935159720555548,0.24019371231776698,0.10474142055266411
1351,near_shift,0.7964285714285714,0.2727272727272727,0.1111111111111111,0.7335531491077609,0.8144662353175741,0.9112847911797097,0.1777316420719488,1.4097827294322924,1.7650749590951715,False,0.10935159720555548,0.24019371231776698,0.326320807596755
107,near_shift,0.05,0.9090909090909092,0.7777777777777777,0.23734090532400756,0.23005410849023677,0.4005780848867687,0.16323717956276115,1.7024225220127547,2.131465580241865,False,0.10935159720555548,0.24019371231776698,0.4758555155166931
17,near_shift,0.05,0.09090909090909091,0.7777777777777777,0.20220115165973024,0.22386865048688542,0.18518779981219724,0.017013351847532998,1.4428095633347515,1.806425187241959,False,0.10935159720555548,0.24019371231776698,0.34178926629449596
704,near_shift,0.38928571428571423,0.9090909090909092,0.4444444444444444,0.577810056005872,0.575333817742259,0.7170371785786682,0.13922712257279624,0.8243472581615956,1.0320985444088433,False,0.10935159720555548,0.24019371231776698,0.11157343165017174
1217,near_shift,0.7285714285714285,0.09090909090909091,0.7777777777777777,0.7887140417145445,0.7936651857055973,0.8920134875756998,0.10329944586115525,1.2854076294764079,1.6093549535341058,False,0.10935159720555548,0.24019371231776698,0.2712827266681127
1168,near_shift,0.6607142857142857,0.7272727272727273,0.8888888888888888,0.8940049066321717,0.9069834729222823,1.0632168772639892,0.16921197063181748,0.9304019915165517,1.1648811003518644,False,0.10935159720555548,0.24019371231776698,0.14212865882727824
166,near_shift,0.11785714285714285,0.36363636363636365,0.6666666666666666,0.3561881559983512,0.4061104322129195,0.34228670771152386,0.013901448286827323,0.8977499247768118,1.124000087865474,False,0.10935159720555548,0.24019371231776698,0.13232781762083484
58,near_shift,0.05,0.4545454545454546,0.8888888888888888,0.2254801382459554,0.22843482109281935,0.28405270466724103,0.05857256642128564,1.477535469776891,1.8499026867269928,False,0.10935159720555548,0.24019371231776698,0.3584397997307033
620,near_shift,0.38928571428571423,0.18181818181818182,0.0,0.41246325993269606,0.4205254157491953,0.4240434815569696,0.011580221624273523,1.2053521794799884,1.5091239979565203,False,0.10935159720555548,0.24019371231776698,0.23854389720926464
1287,near_shift,0.7285714285714285,0.7272727272727273,0.7777777777777777,0.9830677916835354,1.0481580472549834,1.147958312015228,0.1648905203316925,0.9545878355975665,1.19516224003441,False,0.10935159720555548,0.24019371231776698,0.14961398371320625
1066,near_shift,0.5928571428571429,0.9090909090909092,0.6666666666666666,0.8178879525219006,0.8786315802918594,1.0067274100871761,0.18883945756527554,0.828317493953722,1.0370693556069686,False,0.10935159720555548,0.24019371231776698,0.1126507435576744
408,near_shift,0.25357142857142856,0.36363636363636365,0.8888888888888888,0.321063017100492,0.31469172929936856,0.45417226700455077,0.13310924990405876,0.694059485187298,0.8689757590660158,True,0.10935159720555548,0.24019371231776698,0.10474142055266411
800,near_shift,0.45714285714285713,0.7272727272727273,0.0,0.6612634110948935,0.7122782103842553,0.597261471679099,0.06400193941579446,0.8615679315032037,1.0786995397993808,False,0.10935159720555548,0.24019371231776698,0.1218763520456
206,near_shift,0.11785714285714285,0.7272727272727273,0.6666666666666666,0.4944377971273557,0.5086549812622206,0.4315391301740662,0.0628986669532895,0.9112483637484079,1.1409003918046725,False,0.10935159720555548,0.24019371231776698,0.1363370580266976
1250,near_shift,0.7285714285714285,0.4545454545454546,0.0,0.7304271804405116,0.7100625840608965,0.8348373491368737,0.1044101686963621,1.241575710087296,1.5544765515593886,False,0.10935159720555548,0.24019371231776698,0.25309689099039834
1330,near_shift,0.7964285714285714,0.09090909090909091,0.0,0.6956878829666944,0.6884983800461152,0.8024878953618506,0.10680001239515624,1.9141751040635968,2.396583865704333,False,0.10935159720555548,0.24019371231776698,0.6015943130701014
80,near_shift,0.05,0.7272727272727273,0.0,0.2867111784296772,0.3342812573505594,0.23313536985420677,0.053575808575470424,1.4846801419959872,1.8588479530872553,False,0.10935159720555548,0.24019371231776698,0.36191467620579115
180,near_shift,0.11785714285714285,0.5454545454545454,0.0,0.2643537143259214,0.2611928538680305,0.2674973821871355,0.003143667861214061,1.2111109451121407,1.5163340827450487,False,0.10935159720555548,0.24019371231776698,0.24082870658154482
167,near_shift,0.11785714285714285,0.36363636363636365,0.7777777777777777,0.2835201108633349,0.2951138887421945,0.33447832494891055,0.05095821408557566,0.8831938533711471,1.1057756078767835,False,0.10935159720555548,0.24019371231776698,0.12807149261784098
518,near_shift,0.3214285714285714,0.2727272727272727,0.8888888888888888,0.3845989233001207,0.4107994036395488,0.4919786569379797,0.10737973363785902,0.6959245263897298,0.8713108263465028,True,0.10935159720555548,0.24019371231776698,0.10474142055266411
918,near_shift,0.525,0.6363636363636364,0.8888888888888888,0.8140538681818509,0.8424438050531755,0.8567561391764322,0.04270227099458135,0.7621239007927443,0.9541937100895743,True,0.10935159720555548,0.24019371231776698,0.10474142055266411
438,near_shift,0.25357142857142856,0.6363636363636364,0.8888888888888888,0.4830167095599681,0.4212904529860325,0.5411494353332311,0.058132725773263005,0.9767242321460436,1.222877432181821,False,0.10935159720555548,0.24019371231776698,0.15663338022493628
1414,near_shift,0.7964285714285714,0.8181818181818182,0.4444444444444444,0.9610558426359679,0.9747785089972285,1.1957624186453868,0.2347065760094189,1.4059063201701394,1.7602216205083197,False,0.10935159720555548,0.24019371231776698,0.32452873866934007
734,near_shift,0.45714285714285713,0.09090909090909091,0.4444444444444444,0.6300005506265136,0.5382112682335453,0.5686113445453667,0.06138920608114695,0.9559001424206907,1.1968052732932148,False,0.10935159720555548,0.24019371231776698,0.15002562610345826
1422,near_shift,0.7964285714285714,0.9090909090909092,0.2222222222222222,0.774660326800887,0.7257921375513761,1.1292773225141097,0.3546169957132227,2.0141730162368345,2.5217831656062804,False,0.10935159720555548,0.24019371231776698,0.6660915774671539
856,near_shift,0.525,0.09090909090909091,0.6666666666666666,0.7261160615571651,0.7083743305619846,0.6536117628073421,0.072504298749823,0.6630107924414206,0.8301022015069321,True,0.10935159720555548,0.24019371231776698,0.10474142055266411
1492,near_shift,0.8642857142857143,0.4545454545454546,0.2222222222222222,0.8409708244577229,0.8583470101183098,1.0976785005434875,0.2567076760857646,1.7453170106794385,2.1851703010106065,False,0.10935159720555548,0.24019371231776698,0.5001370617557047
1094,near_shift,0.6607142857142857,0.09090909090909091,0.4444444444444444,0.799326989399927,0.7513798939171208,0.7861540765833703,0.013172912816556637,0.8634421256484134,1.081046066739404,False,0.10935159720555548,0.24019371231776698,0.12240717122167646
1373,near_shift,0.7964285714285714,0.4545454545454546,0.3333333333333333,0.8892031356965452,0.9152790549954901,1.0524619801296204,0.16325884443307526,1.33783125342941,1.6749903340595345,False,0.10935159720555548,0.24019371231776698,0.2938617564263309
1400,near_shift,0.7964285714285714,0.7272727272727273,0.0,0.8595724063719039,0.8797001096107853,0.9774329177762741,0.11786051140437015,2.044615557804445,2.5598978102890406,False,0.10935159720555548,0.24019371231776698,0.6863785729308088
90,near_shift,0.05,0.8181818181818182,0.0,0.2189334902110959,0.23457486133706834,0.23904038735314712,0.020106897142051217,1.5949500072815979,1.9969079348809087,False,0.10935159720555548,0.24019371231776698,0.4176712144573565
150,near_shift,0.11785714285714285,0.2727272727272727,0.0,0.15077721405751934,0.12497982637883567,0.2250430556423406,0.07426584158482125,1.1472007422742505,1.4363172856139905,False,0.10935159720555548,0.24019371231776698,0.2160823199210139
1485,near_shift,0.8642857142857143,0.36363636363636365,0.5555555555555556,0.964437989374023,0.9558944666769292,1.1646395664495968,0.20020157707557373,1.573512205129896,1.9700673962886652,False,0.10935159720555548,0.24019371231776698,0.4065187926796751
170,near_shift,0.11785714285714285,0.4545454545454546,0.0,0.19657826685965887,0.26363365619680784,0.2551365285792615,0.05855826171960263,1.2278846485330404,1.5373350804600947,False,0.10935159720555548,0.24019371231776698,0.24754578426344973
1178,near_shift,0.6607142857142857,0.8181818181818182,0.8888888888888888,0.8188700656270816,0.8256371062577134,1.0933419233122725,0.2744718576851909,1.0630705688575266,1.330984698328011,False,0.10935159720555548,0.24019371231776698,0.18555154932261456
1544,near_shift,0.8642857142857143,0.9090909090909092,0.4444444444444444,0.8836363455145095,0.8691971150360932,1.312465364564196,0.4288290190496864,1.9142812152640771,2.3967167189581975,False,0.10935159720555548,0.24019371231776698,0.601661012991106
1370,near_shift,0.7964285714285714,0.4545454545454546,0.0,0.7434576170933561,0.8138861633074075,0.91320001104101,0.1697423939476539,1.5926514833492882,1.994030138926184,False,0.10935159720555548,0.24019371231776698,0.4164682481979173
156,near_shift,0.11785714285714285,0.2727272727272727,0.6666666666666666,0.33252195504666837,0.2837651358201095,0.31549713066157725,0.01702482438509112,0.8596458951611641,1.076293113513274,False,0.10935159720555548,0.24019371231776698,0.12133318074333914
164,near_shift,0.11785714285714285,0.36363636363636365,0.4444444444444444,0.34443251757515225,0.36094466100475964,0.33673891353824464,0.007693604036907609,0.998863412864788,1.250596110163693,False,0.10935159720555548,0.24019371231776698,0.16381460039649928
826,near_shift,0.45714285714285713,0.9090909090909092,0.6666666666666666,0.6864067488883306,0.6540221927400787,0.8381172075745946,0.15171045868626398,0.8243472581615955,1.032098544408843,False,0.10935159720555548,0.24019371231776698,0.11157343165017168
1348,near_shift,0.7964285714285714,0.18181818181818182,0.8888888888888888,0.763777691422599,0.8128085609452718,1.019729808209987,0.25595211678738805,1.6015291029920478,2.0051450886277715,False,0.10935159720555548,0.24019371231776698,0.4211240704859099
1150,near_shift,0.6607142857142857,0.6363636363636364,0.0,0.8342821074353854,0.8817113770595691,0.7995412240029204,0.034740883432465064,1.251681709458995,1.56712945619158,False,0.10935159720555548,0.24019371231776698,0.25723390300601284
376,near_shift,0.25357142857142856,0.09090909090909091,0.6666666666666666,0.3948443350340477,0.44403239606189104,0.37774022713348904,0.017104107900558663,0.8873560309050136,1.1109867338091424,False,0.10935159720555548,0.24019371231776698,0.12928144746369902
928,near_shift,0.525,0.7272727272727273,0.8888888888888888,0.7984133366610061,0.7919437361378256,0.8865036330229189,0.08809029636191279,0.7797239427352664,0.9762292994489931,True,0.10935159720555548,0.24019371231776698,0.10474142055266411
132,near_shift,0.11785714285714285,0.09090909090909091,0.2222222222222222,0.17915356858192477,0.16538159057408156,0.23892630215185956,0.05977273356993479,1.0217255741639115,1.2792199736693324,False,0.10935159720555548,0.24019371231776698,0.17139925243365448
461,near_shift,0.25357142857142856,0.9090909090909092,0.1111111111111111,0.2978326982894482,0.26843125816537705,0.46796362850420686,0.17013093021475867,0.9073070843282395,1.135965834538435,False,0.10935159720555548,0.24019371231776698,0.13516025393923486
1290,near_shift,0.7285714285714285,0.8181818181818182,0.0,0.7787642815004779,0.7816228724241484,0.9125637660854015,0.13379948458492352,1.9325417002512453,2.4195791956497392,False,0.10935159720555548,0.24019371231776698,0.6131943477480075
1061,near_shift,0.5928571428571429,0.9090909090909092,0.1111111111111111,0.6762072411253695,0.6538751808358558,0.8256948239085501,0.14948758278318064,1.284778230590616,1.6085669340830226,False,0.10935159720555548,0.24019371231776698,0.2710171249408584
1230,near_shift,0.7285714285714285,0.2727272727272727,0.0,0.684626127638372,0.6920100053379334,0.7852306092202637,0.10060448158189161,1.2888590916784437,1.6136762502686248,False,0.10935159720555548,0.24019371231776698,0.272741531050517
1293,near_shift,0.7285714285714285,0.8181818181818182,0.3333333333333333,0.883762394717435,0.8232158036552631,1.0683767731895986,0.18461437847216355,1.3190870814549918,1.6515222720026657,False,0.10935159720555548,0.24019371231776698,0.28568492844887233
73,near_shift,0.05,0.6363636363636364,0.3333333333333333,0.4155700855599569,0.442886451287149,0.31896467885450586,0.09660540670545104,1.0247607166666792,1.2830200301724206,False,0.10935159720555548,0.24019371231776698,0.1724190836971756
822,near_shift,0.45714285714285713,0.9090909090909092,0.2222222222222222,0.5696075043633828,0.596228764485905,0.7211183239604602,0.15151081959707735,0.7609225876938149,0.9526896430977713,True,0.10935159720555548,0.24019371231776698,0.10474142055266411
1302,near_shift,0.7285714285714285,0.9090909090909092,0.2222222222222222,0.7602811247159438,0.745199049772668,1.042064938955397,0.2817838142394533,1.7360710947658409,2.173594237329104,False,0.10935159720555548,0.24019371231776698,0.49485208871953557
260,near_shift,0.18571428571428572,0.18181818181818182,0.0,0.18993540016049232,0.20995761188995207,0.25730825973822546,0.06737285957773315,1.0268656403130525,1.285655434863835,False,0.10935159720555548,0.24019371231776698,0.17312813067775357
688,near_shift,0.38928571428571423,0.7272727272727273,0.8888888888888888,0.635940812166432,0.6958006830299589,0.7209515564778144,0.08501074431138245,0.8924282582098984,1.117337259472268,False,0.10935159720555548,0.24019371231776698,0.13076364631255188
1211,near_shift,0.7285714285714285,0.09090909090909091,0.1111111111111111,0.7016086696121817,0.6695265421678211,0.7729906422168253,0.07138197260464363,1.431933499132798,1.7928081467040102,False,0.10935159720555548,0.24019371231776698,0.3366557943550809
1280,near_shift,0.7285714285714285,0.7272727272727273,0.0,0.8465419697190594,0.8323022423789539,0.8958180447088561,0.04927607498979669,1.7270890697673809,2.1623485701239646,False,0.10935159720555548,0.24019371231776698,0.48974483736825575
1187,near_shift,0.6607142857142857,0.9090909090909092,0.7777777777777777,0.7985482804663409,0.8352283015982144,1.1119745916245605,0.3134263111582196,1.0421948923886888,1.3048479518492424,False,0.10935159720555548,0.24019371231776698,0.1783356939785998
1547,near_shift,0.8642857142857143,0.9090909090909092,0.7777777777777777,0.8490373273610906,0.8180616103156416,1.3993320151690039,0.5502946878079132,1.8802550650756622,2.3541153276954687,False,0.10935159720555548,0.24019371231776698,0.5804621816582771
908,near_shift,0.525,0.5454545454545454,0.8888888888888888,0.7580797242167189,0.7551416370763103,0.8252180567562211,0.06713833253950219,0.8225762548226646,1.0298812143332507,False,0.10935159720555548,0.24019371231776698,0.11109454447650462
328,near_shift,0.18571428571428572,0.7272727272727273,0.8888888888888888,0.40567221165348755,0.4186093723707901,0.49355063109009367,0.08787841943660613,1.1763441240117476,1.4728053573248152,False,0.10935159720555548,0.24019371231776698,0.22720044109773987
1383,near_shift,0.7964285714285714,0.5454545454545454,0.3333333333333333,0.9569785831628078,0.9229298309960996,1.0810873107624113,0.12410872759960345,1.4153751564263517,1.7720767847252505,False,0.10935159720555548,0.24019371231776698,0.3289148880561918
615,near_shift,0.38928571428571423,0.09090909090909091,0.5555555555555556,0.5826201804291958,0.5324252253384436,0.5094139743679746,0.07320620606122119,0.8776418538934376,1.0988243982709172,False,0.10935159720555548,0.24019371231776698,0.126466368396258
1518,near_shift,0.8642857142857143,0.6363636363636364,0.8888888888888888,0.9598705961588773,0.9798029583092608,1.314046087270241,0.3541754911113638,1.8544131088291302,2.3217607038853485,False,0.10935159720555548,0.24019371231776698,0.5646162491144662
187,near_shift,0.11785714285714285,0.5454545454545454,0.7777777777777777,0.39191149702374206,0.44029812068482477,0.3863015620925051,0.0056099349312369595,1.0219656453163155,1.2795205473468665,False,0.10935159720555548,0.24019371231776698,0.17147980801784188
290,near_shift,0.18571428571428572,0.4545454545454546,0.0,0.23751890882095142,0.21987807016718022,0.3083865631674748,0.0708676543465234,1.0530943905742407,1.3184943321831597,False,0.10935159720555548,0.24019371231776698,0.1820853453484055
1382,near_shift,0.7964285714285714,0.5454545454545454,0.2222222222222222,0.900580830915549,0.8391325224322548,1.039913583249939,0.13933275233439013,1.4596211743817136,1.8274736460303496,False,0.10935159720555548,0.24019371231776698,0.34980072491002645
318,near_shift,0.18571428571428572,0.6363636363636364,0.8888888888888888,0.42131274317433237,0.4143727426724359,0.4692234891824094,0.04791074600807704,1.0727836841085716,1.3431457045217303,False,0.10935159720555548,0.24019371231776698,0.1889577525100369
398,near_shift,0.25357142857142856,0.2727272727272727,0.8888888888888888,0.305460335958436,0.31901924064332443,0.42159870041420866,0.11613836445577264,0.6759936046668884,0.8463569308913926,True,0.10935159720555548,0.24019371231776698,0.10474142055266411
1251,near_shift,0.7285714285714285,0.4545454545454546,0.1111111111111111,0.7735964699336959,0.7755518856919783,0.886598173874692,0.11300170394099607,1.0325841270167067,1.292815089662985,False,0.10935159720555548,0.24019371231776698,0.1750617577340794
84,near_shift,0.05,0.7272727272727273,0.4444444444444444,0.45264403438677225,0.4286062914327405,0.3509572476822373,0.10168678670453496,1.1179823912736784,1.3997353509509585,False,0.10935159720555548,0.24019371231776698,0.20521557641065383
1385,near_shift,0.7964285714285714,0.5454545454545454,0.5555555555555556,1.0,1.0211010818460495,1.1422702060888497,0.14227020608884966,1.2820763212631252,1.6051840918931344,False,0.10935159720555548,0.24019371231776698,0.2698784167977862
372,near_shift,0.25357142857142856,0.09090909090909091,0.2222222222222222,0.2819154608794704,0.3454869043053676,0.34640283958174156,0.06448737870227117,0.8417482692913419,1.053884943381414,False,0.10935159720555548,0.24019371231776698,0.11633351742498674
978,near_shift,0.5928571428571429,0.09090909090909091,0.8888888888888888,0.6748899717540917,0.6942698371842022,0.7200417994935161,0.04515182773942439,1.0889333778454735,1.3633654301694835,False,0.10935159720555548,0.24019371231776698,0.19468971759601453
65,near_shift,0.05,0.5454545454545454,0.5555555555555556,0.46598670520787533,0.4365306175067067,0.3275145395137298,0.13847216569414555,1.325294964794733,1.6592946607567636,False,0.10935159720555548,0.24019371231776698,0.2883802348462361
580,near_shift,0.3214285714285714,0.9090909090909092,0.0,0.3605709882587269,0.3431481816018153,0.48341694623440956,0.12284595797568265,1.082306272140263,1.3550681669903168,False,0.10935159720555548,0.24019371231776698,0.19232721630596672
202,near_shift,0.11785714285714285,0.7272727272727273,0.2222222222222222,0.3735073185509157,0.3025914275482743,0.3632973387771699,0.01020997977374577,0.8211998072940181,1.028157875683542,False,0.10935159720555548,0.24019371231776698,0.11072305825761666
463,near_shift,0.25357142857142856,0.9090909090909092,0.3333333333333333,0.35365809239787294,0.3261537131421869,0.5443943740952931,0.19073628169742018,0.9532309205227454,1.1934633563907224,False,0.10935159720555548,0.24019371231776698,0.14918894334736726
56,near_shift,0.05,0.4545454545454546,0.6666666666666666,0.3699734596103263,0.34511065671045665,0.30653784437620213,0.06343561523412417,1.3399039792834908,1.6775854264987649,False,0.10935159720555548,0.24019371231776698,0.29477303234290164
1521,near_shift,0.8642857142857143,0.7272727272727273,0.1111111111111111,0.903018691456144,0.9701714444315128,1.1224520503685878,0.21943335891244375,2.259814919946959,2.8293315303942403,False,0.10935159720555548,0.24019371231776698,0.8384673167265584
1536,near_shift,0.8642857142857143,0.8181818181818182,0.6666666666666666,0.990754947691514,1.0603862237708461,1.3494604983272704,0.3587055506357565,1.633000193808595,2.0445474966556145,False,0.10935159720555548,0.24019371231776698,0.43783741173527096
1395,near_shift,0.7964285714285714,0.6363636363636364,0.5555555555555556,1.0,0.9488613141541387,1.172720796912791,0.17272079691279107,1.2204089467896577,1.5279753587998484,False,0.10935159720555548,0.24019371231776698,0.24454070551086385
223,near_shift,0.11785714285714285,0.9090909090909092,0.3333333333333333,0.24989928652008042,0.28220163249127295,0.4139751999699481,0.16407591344986766,1.2171196586564466,1.5238571071033489,False,0.10935159720555548,0.24019371231776698,0.243224292898589
44,near_shift,0.05,0.36363636363636365,0.4444444444444444,0.31622224480489447,0.2626025215888729,0.2805045018302353,0.03571774297465918,1.3134906181475827,1.6445153928310214,False,0.10935159720555548,0.24019371231776698,0.2832659318705082
540,near_shift,0.3214285714285714,0.5454545454545454,0.0,0.4409764161873739,0.390095292083437,0.43887057288703135,0.0021058433003425248,0.8587112881317013,1.0751229676249332,False,0.10935159720555548,0.24019371231776698,0.12106949728796394
733,near_shift,0.45714285714285713,0.09090909090909091,0.3333333333333333,0.5725659989236012,0.5722442069504502,0.5521055164673511,0.020460482456250095,0.9275070128203607,1.1612565316172068,False,0.10935159720555548,0.24019371231776698,0.14124555817213902
1261,near_shift,0.7285714285714285,0.5454545454545454,0.1111111111111111,0.8413719173999585,0.9152534537556313,0.9105235853548478,0.06915166795488925,1.1596010844989817,1.4518427514096295,False,0.10935159720555548,0.24019371231776698,0.22077892834692223
24,near_shift,0.05,0.18181818181818182,0.4444444444444444,0.2677616592943035,0.28876610316055634,0.23453459746188815,0.03322706183241536,1.2552540973730166,1.5716021542319036,False,0.10935159720555548,0.24019371231776698,0.2587043257788332
1546,near_shift,0.8642857142857143,0.9090909090909092,0.6666666666666666,0.9073657530750121,0.8824175647725161,1.3774313182002362,0.4700655651252241,1.7777184974018605,2.2257375825194616,False,0.10935159720555548,0.24019371231776698,0.5188793388176368
1244,near_shift,0.7285714285714285,0.36363636363636365,0.4444444444444444,0.8983369867115605,0.86267591562608,0.9684117554899435,0.07007476877838303,0.8031339267736083,1.0055390475089188,False,0.10935159720555548,0.24019371231776698,0.10590496953832869
106,near_shift,0.05,0.9090909090909092,0.6666666666666666,0.29602118288978096,0.3387859101981222,0.39925360621264505,0.10323242332286409,1.5685696245995646,1.9638791908685915,False,0.10935159720555548,0.24019371231776698,0.403968960248479
83,near_shift,0.05,0.7272727272727273,0.3333333333333333,0.39186603422948524,0.4430884948155808,0.33208405807448244,0.0597819761550028,1.1048296313821644,1.383267843835978,False,0.10935159720555548,0.24019371231776698,0.2004153687647727
1530,near_shift,0.8642857142857143,0.8181818181818182,0.0,0.7986113937296603,0.8141396562409455,1.0807519449197496,0.2821405511900893,2.5855649863261534,3.237176848034812,False,0.10935159720555548,0.24019371231776698,1.0976182290640486
1254,near_shift,0.7285714285714285,0.4545454545454546,0.4444444444444444,0.941695566005122,0.9230093895411742,0.9995515286911355,0.05785596268601345,0.9530268363008041,1.193207839038882,False,0.10935159720555548,0.24019371231776698,0.14912506826852334
74,near_shift,0.05,0.6363636363636364,0.4444444444444444,0.4781759372643707,0.4627087547258116,0.33602994407982323,0.14214599318454746,1.1179823912736784,1.3997353509509585,False,0.10935159720555548,0.24019371231776698,0.20521557641065383
1415,near_shift,0.7964285714285714,0.8181818181818182,0.5555555555555556,1.0,0.9433509931338734,1.2282502128395003,0.2282502128395003,1.2632185792329451,1.581573837952833,False,0.10935159720555548,0.24019371231776698,0.2619976551409601
768,near_shift,0.45714285714285713,0.36363636363636365,0.8888888888888888,0.5773097513645715,0.5519129827135408,0.6769352235111198,0.09962547214654827,0.9345581383251857,1.17008467570081,False,0.10935159720555548,0.24019371231776698,0.1434012849299978
827,near_shift,0.45714285714285713,0.9090909090909092,0.7777777777777777,0.6279023972484832,0.6425975930568743,0.8497297953960402,0.22182739814755703,0.8477189611275076,1.0613603638334248,False,0.10935159720555548,0.24019371231776698,0.11798972521998216
108,near_shift,0.05,0.9090909090909092,0.8888888888888888,0.18863209158871858,0.13234346898672014,0.39484771032805704,0.20621561873933847,1.9392355844311961,2.427960066757355,False,0.10935159720555548,0.24019371231776698,0.6174496357272513
460,near_shift,0.25357142857142856,0.9090909090909092,0.0,0.2840126478306225,0.290430979944153,0.41916597585941084,0.13515332802878832,1.1215868967129567,1.404248260747601,False,0.10935159720555548,0.24019371231776698,0.2065409874506164
63,near_shift,0.05,0.5454545454545454,0.3333333333333333,0.36379791077613666,0.3272959977114276,0.3040547110608048,0.059743199715331874,1.1048296313821644,1.383267843835978,False,0.10935159720555548,0.24019371231776698,0.2004153687647727
492,near_shift,0.3214285714285714,0.09090909090909091,0.2222222222222222,0.3598225667396735,0.4006950241268133,0.4043265461826697,0.04450397944299622,0.8386208225400313,1.049969320192538,False,0.10935159720555548,0.24019371231776698,0.11547066802000681
222,near_shift,0.11785714285714285,0.9090909090909092,0.2222222222222222,0.21429332224620212,0.16636329598454452,0.3827166235065965,0.1684233012603944,1.2339413738833733,1.5449182165184394,False,0.10935159720555548,0.24019371231776698,0.24999392079055754
96,near_shift,0.05,0.8181818181818182,0.6666666666666666,0.3794103775062829,0.36168072938252194,0.38429163099280517,0.004881253486522241,1.36181226037662,1.7050150137301765,False,0.10935159720555548,0.24019371231776698,0.30449129053336266
910,near_shift,0.525,0.6363636363636364,0.0,0.7438510312913803,0.7329125635703548,0.6524310782635628,0.09141995302781747,0.8677041887614474,1.0863822513285917,False,0.10935159720555548,0.24019371231776698,0.12361858929097747
1258,near_shift,0.7285714285714285,0.4545454545454546,0.8888888888888888,0.8111133986711399,0.8223512096712524,1.0513880565200335,0.24027465784889368,1.1555355884844694,1.4467526725898905,False,0.10935159720555548,0.24019371231776698,0.21923356513521844
1531,near_shift,0.8642857142857143,0.8181818181818182,0.1111111111111111,0.827883850451054,0.8316242466231433,1.1431738369030913,0.3152899864520373,2.403706492509461,3.0094865331847576,False,0.10935159720555548,0.24019371231776698,0.9486440088773924
819,far_shift,0.45714285714285713,0.8181818181818182,1.0,0.6131473886675999,0.6089832414543409,0.8249002406467106,0.21175285197911076,1.2418970159992508,1.554878832710633,False,0.10935159720555548,0.24019371231776698,0.25322790523183825
600,far_shift,0.38928571428571423,0.0,0.0,0.41226509777477444,0.38308213029586446,0.3745339140756184,0.03773118369915601,1.5560430056650512,1.948195624215494,False,0.10935159720555548,0.24019371231776698,0.3975425204224547
1700,far_shift,1.0,0.18181818181818182,0.0,0.7063133069062589,0.7414895431734593,1.07492491090874,0.36861160400248105,2.795034745142208,3.499436995116349,False,0.10935159720555548,0.24019371231776698,1.282669645451453
1793,far_shift,1.0,1.0,0.3333333333333333,0.7796975056389998,0.8205802556292932,1.4841303032775301,0.7044327976385304,2.9900298916042507,3.7435746505009098,False,0.10935159720555548,0.24019371231776698,1.4678830490279406
1560,far_shift,0.9321428571428572,0.0,0.0,0.7054633775541586,0.7538308419909685,0.924588890710392,0.2191255131562334,2.7260678293522385,3.413089096588807,False,0.10935159720555548,0.24019371231776698,1.2201513662341605
1565,far_shift,0.9321428571428572,0.0,0.5555555555555556,0.86799955449646,0.8531514745430556,1.0933666453785031,0.2253670908820431,2.3378696595076343,2.9270575582146567,False,0.10935159720555548,0.24019371231776698,0.8973895023295855
1577,far_shift,0.9321428571428572,0.09090909090909091,0.7777777777777777,0.8195365392762018,0.8104026830768384,1.1584718864225836,0.33893534714638174,2.2831206442057455,2.8585107432147336,False,0.10935159720555548,0.24019371231776698,0.8558509109534906
1789,far_shift,1.0,0.9090909090909092,1.0,0.7799285008956214,0.7795440409806006,1.6343506641558334,0.854422163260212,3.0051567674650586,3.7625137885920714,False,0.10935159720555548,0.24019371231776698,1.482772968446852
837,far_shift,0.45714285714285713,1.0,0.7777777777777777,0.5826575142229387,0.5455325020572278,0.871213528751156,0.28855601452821733,1.1880793559867904,1.4874980923582923,False,0.10935159720555548,0.24019371231776698,0.23175616438803232
1195,far_shift,0.6607142857142857,1.0,0.5555555555555556,0.8205914727347752,0.7946086966730421,1.092526549355035,0.27193507662025973,1.2737522584095877,1.5947622058861821,False,0.10935159720555548,0.24019371231776698,0.26638534535463965
549,far_shift,0.3214285714285714,0.5454545454545454,1.0,0.4558880819786616,0.455828303131491,0.5744216162613662,0.11853353428270463,1.2620990106585663,1.5801721166702767,False,0.10935159720555548,0.24019371231776698,0.26153345304331005
728,far_shift,0.45714285714285713,0.0,0.8888888888888888,0.5338782944323787,0.5253210157225676,0.522888581054279,0.01098971337809962,1.3529598757267025,1.6939316587226,False,0.10935159720555548,0.24019371231776698,0.30054549974378986
399,far_shift,0.25357142857142856,0.2727272727272727,1.0,0.2633782412821552,0.2127358457287782,0.4013020565192615,0.13792381523710628,1.0936418159913146,1.369260484842922,False,0.10935159720555548,0.24019371231776698,0.1963769949580439
1442,far_shift,0.8642857142857143,0.0,0.2222222222222222,0.7295646577750293,0.6749211726916882,0.9313122887470515,0.2017476309720222,2.0551902446358747,2.573137520591029,False,0.10935159720555548,0.24019371231776698,0.6934967894760576
1597,far_shift,0.9321428571428572,0.2727272727272727,0.7777777777777777,0.8519744471645054,0.8728425781870353,1.2470563443147766,0.3950818971502712,2.1034075296497816,2.6335064842595464,False,0.10935159720555548,0.24019371231776698,0.7264190816512217
958,far_shift,0.525,1.0,0.8888888888888888,0.6166849457989316,0.6008760986393048,0.9650025831200331,0.34831763732110144,1.3699523461120384,1.7152065568641035,False,0.10935159720555548,0.24019371231776698,0.3081422973875224
1326,far_shift,0.7964285714285714,0.0,0.6666666666666666,0.838359743124007,0.7910950146283481,0.9311259226163336,0.09276617949232668,1.7370554044269024,2.1748266118634656,False,0.10935159720555548,0.24019371231776698,0.49541338575001964
1722,far_shift,1.0,0.36363636363636365,0.2222222222222222,0.8066749395248,0.774722435253199,1.2433538174159056,0.4366788778911056,2.5105201901616616,3.1432193269537545,False,0.10935159720555548,0.24019371231776698,1.0348271920241454
485,far_shift,0.3214285714285714,0.0,0.5555555555555556,0.4655249192894764,0.47747165525132157,0.40995029171743036,0.055574627572046065,1.1968179551625227,1.4984389857744473,False,0.10935159720555548,0.24019371231776698,0.23517794293130317
1736,far_shift,1.0,0.4545454545454546,0.6666666666666666,0.9902183304703592,1.0301136409279426,1.4109243348210367,0.4207060043506775,2.4387853868903053,3.05340598032489,False,0.10935159720555548,0.24019371231776698,0.9765344377925428
1642,far_shift,0.9321428571428572,0.7272727272727273,0.2222222222222222,0.9463592852489813,0.9778522337357981,1.2666359913678313,0.32027670611885006,2.424125662824605,3.0350517252220257,False,0.10935159720555548,0.24019371231776698,0.9648296776939755
1588,far_shift,0.9321428571428572,0.18181818181818182,0.8888888888888888,0.7787256165289427,0.7544921045575907,1.205756543189863,0.42703092666092024,2.323705205779206,2.909323391053041,False,0.10935159720555548,0.24019371231776698,0.886548413855831
1320,far_shift,0.7964285714285714,0.0,0.0,0.6956759462749754,0.6448036471241665,0.7703333950077498,0.07465744873277436,2.1507642335597676,2.692797983915285,False,0.10935159720555548,0.24019371231776698,0.7594969019293982
712,far_shift,0.38928571428571423,1.0,0.2222222222222222,0.43791200268254893,0.4711868985928611,0.6592174410768732,0.22130543839432426,1.0406068181008619,1.3028596524467133,False,0.10935159720555548,0.24019371231776698,0.1777926198235568
1694,far_shift,1.0,0.09090909090909091,0.4444444444444444,0.8565759048707131,0.9104359405195872,1.2045311351265389,0.34795523025582575,2.523307485558633,3.1592292655269385,False,0.10935159720555548,0.24019371231776698,1.0453957914453904
1641,far_shift,0.9321428571428572,0.7272727272727273,0.1111111111111111,0.9067224718503475,0.8145987744915739,1.2113621921418753,0.30463972029152786,2.602308702998561,3.2581403017668293,False,0.10935159720555548,0.24019371231776698,1.1118802692368261
1583,far_shift,0.9321428571428572,0.18181818181818182,0.3333333333333333,0.8162013195957041,0.7838802017016209,1.1247223431899074,0.3085210235942033,2.036440264059591,2.549662186053453,False,0.10935159720555548,0.24019371231776698,0.6809006452221239
1200,far_shift,0.7285714285714285,0.0,0.0,0.6826455096221309,0.6988245428212002,0.697391085042416,0.014745575420285095,1.9389905057427288,2.42765322354883,False,0.10935159720555548,0.24019371231776698,0.6172935802319206
115,far_shift,0.05,1.0,0.5555555555555556,0.2609674309257752,0.2921438043854568,0.40223773656936435,0.14127030564358917,1.7523503766942372,2.193976209872798,False,0.10935159720555548,0.24019371231776698,0.5041761386529047
719,far_shift,0.38928571428571423,1.0,1.0,0.4375679905748119,0.37797617313394016,0.7905422051286909,0.352974214553879,1.6960027174147936,2.123427862016513,False,0.10935159720555548,0.24019371231776698,0.4722733972096826
1761,far_shift,1.0,0.7272727272727273,0.1111111111111111,0.9081072637358842,0.9177786808114434,1.3030626258391544,0.3949553621032702,2.951865219129009,3.695791750127854,False,0.10935159720555548,0.24019371231776698,1.4306501445548232
718,far_shift,0.38928571428571423,1.0,0.8888888888888888,0.4542124213043576,0.4802625210682846,0.7929460842483654,0.3387336629440078,1.387378786120794,1.7370247932798775,False,0.10935159720555548,0.24019371231776698,0.3160315887446199
1573,far_shift,0.9321428571428572,0.09090909090909091,0.3333333333333333,0.7935929810353503,0.7331103755797633,1.086766517486698,0.2931735364513478,2.1536841079365474,2.6964537225185183,False,0.10935159720555548,0.24019371231776698,0.7615604855039667
1684,far_shift,1.0,0.0,0.4444444444444444,0.8288187275536549,0.7967209637775148,1.1618927260794074,0.3330739985257525,2.689473671912157,3.367272511097875,False,0.10935159720555548,0.24019371231776698,1.1876131279075852
1324,far_shift,0.7964285714285714,0.0,0.4444444444444444,0.8116943438951078,0.7922028564249303,0.9057478263448134,0.09405348244970568,1.6294013422498792,2.0400416656256457,False,0.10935159720555548,0.24019371231776698,0.4359097015504195
1159,far_shift,0.6607142857142857,0.6363636363636364,1.0,0.8610687732266732,0.8479766285449831,1.0285244054241054,0.1674556321974322,1.2771727912817994,1.5990447785078044,False,0.10935159720555548,0.24019371231776698,0.2678179681666182
6,far_shift,0.05,0.0,0.6666666666666666,0.23647073740400254,0.2777266535840907,0.1690573681966504,0.06741336920735214,1.6380151810326826,2.0508263566420633,False,0.10935159720555548,0.24019371231776698,0.4405307618480011
509,far_shift,0.3214285714285714,0.18181818181818182,1.0,0.34052912585193995,0.35456377542954687,0.4361405479666552,0.09561142211471524,1.2123355504944844,1.5178673121214779,False,0.10935159720555548,0.24019371231776698,0.24131597694201476
1519,far_shift,0.8642857142857143,0.6363636363636364,1.0,0.9106781904917933,0.8892644355024942,1.316413304626026,0.4057351141342327,2.0677547949535704,2.5888685780618395,False,0.10935159720555548,0.24019371231776698,0.7020021923718274
519,far_shift,0.3214285714285714,0.2727272727272727,1.0,0.34231158171025955,0.3509475826629093,0.4733966979009195,0.13108511619065993,1.1065066438706517,1.3853674955679232,False,0.10935159720555548,0.24019371231776698,0.20102424844696848
1190,far_shift,0.6607142857142857,1.0,0.0,0.6680244315949428,0.6618076873493449,0.8586066508106113,0.19058221921566842,2.02616292684433,2.5367947631618852,False,0.10935159720555548,0.24019371231776698,0.6740453619201455
1703,far_shift,1.0,0.18181818181818182,0.3333333333333333,0.818700309012105,0.8066708708967025,1.2133477242763975,0.3946474152642925,2.4552702566834568,3.074045352810005,False,0.10935159720555548,0.24019371231776698,0.989780744887249
602,far_shift,0.38928571428571423,0.0,0.2222222222222222,0.4298957756737992,0.47724671278797504,0.435774617915177,0.005878842241377802,1.1465945112909852,1.4355582728202814,False,0.10935159720555548,0.24019371231776698,0.2158540055894494
237,far_shift,0.11785714285714285,1.0,0.7777777777777777,0.2207461098835356,0.20663810751257794,0.48452435491131535,0.26377824502777975,1.710571940468947,2.1416688081208206,False,0.10935159720555548,0.24019371231776698,0.48042221672563
1727,far_shift,1.0,0.36363636363636365,0.7777777777777777,0.8755253879654559,0.8723918744071303,1.3863149516938456,0.5107895637283897,2.5130551691587617,3.1463931691751124,False,0.10935159720555548,0.24019371231776698,1.0369180651578547
829,far_shift,0.45714285714285713,0.9090909090909092,1.0,0.5521803071452491,0.601409921336251,0.8517904113404254,0.2996101041951763,1.40782800233184,1.7626276033538633,False,0.10935159720555548,0.24019371231776698,0.3254165180259806
1448,far_shift,0.8642857142857143,0.0,0.8888888888888888,0.7544854467672083,0.734506541216775,1.0177346867089343,0.263249239941726,2.293678349686917,2.8717291925411925,False,0.10935159720555548,0.24019371231776698,0.8637845379356938
1697,far_shift,1.0,0.09090909090909091,0.7777777777777777,0.8228565163469238,0.8470749163877008,1.2528719365528613,0.4300154202059375,2.673370398714636,3.34711090485387,False,0.10935159720555548,0.24019371231776698,1.173433993286267
118,far_shift,0.05,1.0,0.8888888888888888,0.1518608072944307,0.1473697719629019,0.41163494573904713,0.25977413844461644,2.158496539020153,2.70247897834036,False,0.10935159720555548,0.24019371231776698,0.7649677187494921
449,far_shift,0.25357142857142856,0.7272727272727273,1.0,0.42529408336284247,0.4161133850148621,0.5553036256459153,0.13000954228307282,1.396109744414727,1.7479561201657807,False,0.10935159720555548,0.24019371231776698,0.3200217619235713
476,far_shift,0.25357142857142856,1.0,0.6666666666666666,0.37844987022129634,0.39743015615133237,0.6225526910450553,0.24410282082375895,1.2416363262782544,1.5545524441906025,False,0.10935159720555548,0.24019371231776698,0.2531216049790153
999,far_shift,0.5928571428571429,0.2727272727272727,1.0,0.6499626606612863,0.6481730077822129,0.7896781826674661,0.13971552200617987,1.2388453017975294,1.5510580281232889,False,0.10935159720555548,0.24019371231776698,0.2519849201704997
1790,far_shift,1.0,1.0,0.0,0.714131371757087,0.7361616359924835,1.2968935315840655,0.5827621598269785,3.60972057037086,4.519439240582884,False,0.10935159720555548,0.24019371231776698,2.139378189364255
1734,far_shift,1.0,0.4545454545454546,0.4444444444444444,0.9740787813782421,0.9756925551020299,1.3571788855778215,0.3831001041995794,2.458039187506779,3.0775121071953997,False,0.10935159720555548,0.24019371231776698,0.9920144540119351
112,far_shift,0.05,1.0,0.2222222222222222,0.1417177960800294,0.1504050654836449,0.32934684830416433,0.18762905222413492,1.7890999840031605,2.2399874215746767,False,0.10935159720555548,0.24019371231776698,0.525544649461647
1680,far_shift,1.0,0.0,0.0,0.7061151447483373,0.6779540455334176,1.0059020764476998,0.29978693169936255,3.0632767421650646,3.8352811092752637,False,0.10935159720555548,0.24019371231776698,1.5406814809941585
769,far_shift,0.45714285714285713,0.36363636363636365,1.0,0.529348827178969,0.5109771545625029,0.663590558572271,0.13424173139330198,1.2862247183268902,1.6103779644131817,False,0.10935159720555548,0.24019371231776698,0.2716277262427831
1754,far_shift,1.0,0.6363636363636364,0.4444444444444444,1.0,1.0178029410204341,1.4227592293611167,0.42275922936111665,2.5056068234631708,3.1370676978102687,False,0.10935159720555548,0.24019371231776698,1.030780612329104
950,far_shift,0.525,1.0,0.0,0.5775933554509377,0.6151272259272433,0.7028239419691698,0.12523058651823205,1.5505870634424266,1.9413646801314346,False,0.10935159720555548,0.24019371231776698,0.394759606975384
835,far_shift,0.45714285714285713,1.0,0.5555555555555556,0.6504733672946953,0.6916644922656892,0.8373176511105551,0.18684428381585982,1.163386346421746,1.4565819717830966,False,0.10935159720555548,0.24019371231776698,0.2222226490730618
603,far_shift,0.38928571428571423,0.0,0.3333333333333333,0.46120623165668717,0.5369520814555482,0.45581268998570346,0.005393541670983715,1.129190370482364,1.4137679554298606,False,0.10935159720555548,0.24019371231776698,0.2093508492979593
269,far_shift,0.18571428571428572,0.18181818181818182,1.0,0.20009706595178003,0.2667481216421952,0.2969096979028516,0.09681263195107156,1.2431777634133472,1.5564823529853196,False,0.10935159720555548,0.24019371231776698,0.25375047387319727
1785,far_shift,1.0,0.9090909090909092,0.5555555555555556,0.9340405366225916,0.8999825038669054,1.5471401038833383,0.6130995672607468,2.5940768870182334,3.24783391061065,False,0.10935159720555548,0.24019371231776698,1.1048570307103653
714,far_shift,0.38928571428571423,1.0,0.4444444444444444,0.5229293520332862,0.5544845189801566,0.7320130683987117,0.20908371636542555,1.1636924108314983,1.4569651702818764,False,0.10935159720555548,0.24019371231776698,0.2223395894012213
669,far_shift,0.38928571428571423,0.5454545454545454,1.0,0.5451088818507054,0.4874350809407467,0.6525587607302974,0.10744987887959201,1.2932139803369593,1.6191286542173446,False,0.10935159720555548,0.24019371231776698,0.2745877617986316
1229,far_shift,0.7285714285714285,0.18181818181818182,1.0,0.7120053375713403,0.7398794848742701,0.9208001043338611,0.20879476676252073,1.6042989883813736,2.008613038148072,False,0.10935159720555548,0.24019371231776698,0.4225820197964465
1080,far_shift,0.6607142857142857,0.0,0.0,0.6600082045861931,0.6331725500430474,0.6272390670010736,0.03276913758511957,1.7734801301248757,2.2204310655705224,False,0.10935159720555548,0.24019371231776698,0.5164081043802644
1086,far_shift,0.6607142857142857,0.0,0.6666666666666666,0.797414223657447,0.8276135903158607,0.7674553763150138,0.029958847342433148,1.2813428237621103,1.6042657389834476,False,0.10935159720555548,0.24019371231776698,0.26956970113979073
1149,far_shift,0.6607142857142857,0.5454545454545454,1.0,0.8023519886621242,0.7840749303686496,0.9930102578459359,0.19065826918381168,1.2955479896863533,1.6220508785934145,False,0.10935159720555548,0.24019371231776698,0.27557981532832254
1529,far_shift,0.8642857142857143,0.7272727272727273,1.0,0.9003007477395295,0.8813848416498474,1.3533890747937525,0.453088327054223,2.1315684522730165,2.66876449835602,False,0.10935159720555548,0.24019371231776698,0.7460002330884224
363,far_shift,0.25357142857142856,0.0,0.3333333333333333,0.29410764691209446,0.13167904550985393,0.3359137559196027,0.04180610900750825,1.1478679569968169,1.437152651216473,False,0.10935159720555548,0.24019371231776698,0.21633374101166444
1786,far_shift,1.0,0.9090909090909092,0.6666666666666666,0.916266053749814,0.9595247468263842,1.579525023800715,0.6632589700509011,2.575637857395516,3.224747892618233,False,0.10935159720555548,0.24019371231776698,1.0892059245425485
1704,far_shift,1.0,0.18181818181818182,0.4444444444444444,0.8822596165740896,0.913298015282884,1.245378955599946,0.36311933902585636,2.4220187433815688,3.0324138217549916,False,0.10935159720555548,0.24019371231776698,0.9631532505762027
484,far_shift,0.3214285714285714,0.0,0.4444444444444444,0.42583893009076423,0.44625108727694107,0.40573661097046143,0.020102319120302803,1.147231588827793,1.4363559060893982,False,0.10935159720555548,0.24019371231776698,0.21609394035363177
709,far_shift,0.38928571428571423,0.9090909090909092,1.0,0.46470345392205853,0.4941928874564404,0.766526693396461,0.3018232394744024,1.4649856481048569,1.8341900698024418,False,0.10935159720555548,0.24019371231776698,0.35237666054069927
1763,far_shift,1.0,0.7272727272727273,0.3333333333333333,1.0,1.0385301165503478,1.4099847407740052,0.40998474077400515,2.6511937322685784,3.319345294023962,False,0.10935159720555548,0.24019371231776698,1.1540465418984476
1714,far_shift,1.0,0.2727272727272727,0.4444444444444444,0.905226149585871,0.8797161257399796,1.2844361874996288,0.37921003791375785,2.3879548102830124,2.989765125565638,False,0.10935159720555548,0.24019371231776698,0.9362516651912364
1638,far_shift,0.9321428571428572,0.6363636363636364,0.8888888888888888,0.965421598775303,1.0279850547158147,1.4138749526609773,0.4484533538856743,2.2423996316662125,2.8075272561553666,False,0.10935159720555548,0.24019371231776698,0.8255937985527619
1584,far_shift,0.9321428571428572,0.18181818181818182,0.4444444444444444,0.8793794543181825,0.8762894124755152,1.155038889655569,0.27565943533738646,1.996583277985043,2.499760476664859,False,0.10935159720555548,0.24019371231776698,0.6545084443914246
1582,far_shift,0.9321428571428572,0.18181818181818182,0.2222222222222222,0.7688340629430213,0.7255912042763715,1.0873509434914106,0.31851688054838934,2.1313204752683235,2.6684540264001098,False,0.10935159720555548,0.24019371231776698,0.7458266706183989
593,far_shift,0.3214285714285714,1.0,0.3333333333333333,0.3805294365711708,0.4118040001906749,0.6258732940937983,0.24534385752262755,1.1323976970862304,1.4177835897229576,False,0.10935159720555548,0.24019371231776698,0.2105418090528675
1389,far_shift,0.7964285714285714,0.5454545454545454,1.0,0.8427697303509065,0.8990633631185814,1.1799777579477038,0.33720802759679724,1.7459239558589557,2.185930207991692,False,0.10935159720555548,0.24019371231776698,0.5004849739786495
1643,far_shift,0.9321428571428572,0.7272727272727273,0.3333333333333333,0.998528582339784,0.9961073538273717,1.314854937360952,0.3163263550211679,2.2636954792845674,2.8341900649549903,False,0.10935159720555548,0.24019371231776698,0.8413494251647584
596,far_shift,0.3214285714285714,1.0,0.6666666666666666,0.45764709953828964,0.44259245826607346,0.6981758409551364,0.24052874141684677,1.1849039431604216,1.4835224147254205,False,0.10935159720555548,0.24019371231776698,0.23051897760529655
1743,far_shift,1.0,0.5454545454545454,0.3333333333333333,0.9729594483028364,0.9887914205145119,1.3516014229030333,0.3786419746001969,2.567317866274089,3.214331104497812,False,0.10935159720555548,0.24019371231776698,1.0821804438668958
1676,far_shift,0.9321428571428572,1.0,0.6666666666666666,0.8614411791897177,0.8734788509892235,1.5043473267254819,0.6429061475357641,2.357774700660592,2.951979050700944,False,0.10935159720555548,0.24019371231776698,0.9127356252265719
721,far_shift,0.45714285714285713,0.0,0.1111111111111111,0.5037502545838236,0.5279044278558114,0.469387227815079,0.03436302676874459,1.3304293450921156,1.6657230031560433,False,0.10935159720555548,0.24019371231776698,0.29061901484096664
838,far_shift,0.45714285714285713,1.0,0.8888888888888888,0.5418945214411284,0.5346477232352848,0.8775791877222036,0.3356846662810752,1.3663027388814082,1.7106371787614847,False,0.10935159720555548,0.24019371231776698,0.3065026777722177
1797,far_shift,1.0,1.0,0.7777777777777777,0.8127513869856565,0.7977268357455201,1.6350113869424565,0.8222599999568,2.807544892104705,3.515099938545224,False,0.10935159720555548,0.24019371231776698,1.2941774067614356
847,far_shift,0.525,0.0,0.7777777777777777,0.6495196745349551,0.6850214687939977,0.610194026564619,0.03932564797033611,1.0971547964729347,1.3736588036408794,False,0.10935159720555548,0.24019371231776698,0.19764061990934217
419,far_shift,0.25357142857142856,0.4545454545454546,1.0,0.30917929408429473,0.36451067007179544,0.46827444989109607,0.15909515580680134,1.189941931226932,1.489830072206796,False,0.10935159720555548,0.24019371231776698,0.23248339132764012
1685,far_shift,1.0,0.0,0.5555555555555556,0.871143605641256,0.8669449120989681,1.183253255405246,0.3121096497639899,2.7145914037769097,3.39872039212107,False,0.10935159720555548,0.24019371231776698,1.2098996030524853
241,far_shift,0.18571428571428572,0.0,0.1111111111111111,0.19318844282299708,0.13784434647503607,0.2433068385459734,0.05011839572297633,1.297199565453442,1.6241186830633347,False,0.10935159720555548,0.24019371231776698,0.27628288624090075
1726,far_shift,1.0,0.36363636363636365,0.6666666666666666,0.9478122602609659,1.0292993211617574,1.371832431303928,0.4240201710429622,2.425937325237328,3.03731996123618,False,0.10935159720555548,0.24019371231776698,0.9662723412071095
1698,far_shift,1.0,0.09090909090909091,0.8888888888888888,0.7729162211301532,0.7734309984208269,1.2548758305626315,0.4819596094324783,2.817359703755098,3.527388270577296,False,0.10935159720555548,0.24019371231776698,1.303241774695776
1449,far_shift,0.8642857142857143,0.0,1.0,0.736404287642601,0.7518858677597521,1.007446433387658,0.27104214574505703,2.510715743148336,3.143464163035761,False,0.10935159720555548,0.24019371231776698,1.0349884107470848
1783,far_shift,1.0,0.9090909090909092,0.3333333333333333,0.8312317241160285,0.8292366708831479,1.4612057043500795,0.6299739802340509,2.83207446703155,3.545811435825417,False,0.10935159720555548,0.24019371231776698,1.3168907053575225
5,far_shift,0.05,0.0,0.5555555555555556,0.25295120391702547,0.28007357298468133,0.1787572801140647,0.07419392380296078,1.6719021170082111,2.093253449045836,False,0.10935159720555548,0.24019371231776698,0.45894653005325187
482,far_shift,0.3214285714285714,0.0,0.2222222222222222,0.3417012103696566,0.39775984815680815,0.37614468977801796,0.034443479408361344,1.13763318243306,1.4243385175791954,False,0.10935159720555548,0.24019371231776698,0.21249313180629087
1313,far_shift,0.7285714285714285,1.0,0.3333333333333333,0.7488389816239045,0.789186909361562,1.1073439965161402,0.35850501489223574,1.7624471501558534,2.206617563488991,False,0.10935159720555548,0.24019371231776698,0.5100028475284423
1589,far_shift,0.9321428571428572,0.18181818181818182,1.0,0.741948205503368,0.6753070811809279,1.2007988234913483,0.4588506179879802,2.543515003933646,3.184529465284354,False,0.10935159720555548,0.24019371231776698,1.0622066179931104
1554,far_shift,0.8642857142857143,1.0,0.4444444444444444,0.8287556415419237,0.8310327205383151,1.3350297470985628,0.5062741055566391,2.134832294770374,2.6728508916294262,False,0.10935159720555548,0.24019371231776698,0.7482865226573205
1659,far_shift,0.9321428571428572,0.8181818181818182,1.0,0.8378688152237934,0.8577606291271275,1.492285947411899,0.6544171321881056,2.5419183578931426,3.182530433883419,False,0.10935159720555548,0.24019371231776698,1.0608734741497199
1568,far_shift,0.9321428571428572,0.0,0.8888888888888888,0.760036449383634,0.7560670265169362,1.1099750593853468,0.3499386100017128,2.62852711839249,3.290966259634547,False,0.10935159720555548,0.24019371231776698,1.1343976527331063
879,far_shift,0.525,0.2727272727272727,1.0,0.593594412249717,0.5909568045044735,0.7064223735898424,0.1128279613401254,1.2567594282512826,1.5734868573020355,False,0.10935159720555548,0.24019371231776698,0.25932518672009164
1716,far_shift,1.0,0.2727272727272727,0.6666666666666666,0.9241460593092832,0.9192963261183714,1.3309499392130948,0.4068038799038116,2.4243647116897487,3.035351018976344,False,0.10935159720555548,0.24019371231776698,0.9650199754290314
1757,far_shift,1.0,0.6363636363636364,0.7777777777777777,1.0,1.009440789054809,1.5036426696713105,0.5036426696713105,2.5081902510372163,3.14030219857722,False,0.10935159720555548,0.24019371231776698,1.0329072986543675
1205,far_shift,0.7285714285714285,0.0,0.5555555555555556,0.8377048347125805,0.8007422069563569,0.8404485668422225,0.0027437321296419626,1.39457983098303,1.7460406392682675,False,0.10935159720555548,0.24019371231776698,0.31932076068900356
471,far_shift,0.25357142857142856,1.0,0.1111111111111111,0.26106141399516036,0.23987237694494526,0.4753476044014173,0.21428619040625696,1.2405602005359946,1.5532051141653116,False,0.10935159720555548,0.24019371231776698,0.25268303431411254
1674,far_shift,0.9321428571428572,1.0,0.4444444444444444,0.8339547923064975,0.7945557148426269,1.432336154608793,0.5983813623022954,2.473781495473997,3.097221778062549,False,0.10935159720555548,0.24019371231776698,1.0047616915030482
1592,far_shift,0.9321428571428572,0.2727272727272727,0.2222222222222222,0.784443443168294,0.859176538083241,1.1217082562384582,0.3372648130701642,2.086477009706514,2.612309149257183,False,0.10935159720555548,0.24019371231776698,0.714772117299384
1595,far_shift,0.9321428571428572,0.2727272727272727,0.5555555555555556,0.9444069765286762,0.9000758584281597,1.218081668782755,0.2736746922540787,1.9541177586061802,2.4465928336545173,False,0.10935159720555548,0.24019371231776698,0.62696292271662
355,far_shift,0.18571428571428572,1.0,0.5555555555555556,0.3328745184968317,0.3149453073963908,0.5361032070537955,0.20322868855696385,1.3069373136274731,1.6363105301480827,False,0.10935159720555548,0.24019371231776698,0.28044642625045774
720,far_shift,0.45714285714285713,0.0,0.0,0.497366950997965,0.5128878678999982,0.4335247644209952,0.06384218657696983,1.5813558368959022,1.979887773379053,False,0.10935159720555548,0.24019371231776698,0.41058171754208395
1681,far_shift,1.0,0.0,0.1111111111111111,0.71836264586506,0.7513957464936597,1.0554820187048797,0.33711937283981963,2.909880527205441,3.6432261122941028,False,0.10935159720555548,0.24019371231776698,1.3902429830978915
1672,far_shift,0.9321428571428572,1.0,0.2222222222222222,0.7419004059187232,0.7406257377990674,1.3321055695607629,0.5902051636420397,2.8429271272217043,3.559399174092664,False,0.10935159720555548,0.24019371231776698,1.3270028340506754
604,far_shift,0.38928571428571423,0.0,0.4444444444444444,0.5149131250245365,0.46883612685696635,0.4687959088233945,0.04611721620114195,1.2081959763633867,1.5126844860819921,False,0.10935159720555548,0.24019371231776698,0.2396708220123244
1310,far_shift,0.7285714285714285,1.0,0.0,0.6906617366308806,0.7313053276617036,0.9406834431173193,0.25002170648643873,2.337359973664703,2.926419421784424,False,0.10935159720555548,0.24019371231776698,0.8969982599307972
169,far_shift,0.11785714285714285,0.36363636363636365,1.0,0.16890347222228205,0.16237706207867014,0.29769699972517827,0.12879352750289622,1.4056971677005965,1.759959757613481,False,0.10935159720555548,0.24019371231776698,0.32443218751610464
1553,far_shift,0.8642857142857143,1.0,0.3333333333333333,0.7723805382975312,0.8347792729153984,1.2901565660488523,0.5177760277513211,2.3279864417586658,2.9146835804379436,False,0.10935159720555548,0.24019371231776698,0.8898182085157914
1087,far_shift,0.6607142857142857,0.0,0.7777777777777777,0.7452871704320466,0.7523735141768839,0.7661327748857472,0.02084560445370054,1.360179533012623,1.7029708078216665,False,0.10935159720555548,0.24019371231776698,0.30376159636032485
1323,far_shift,0.7964285714285714,0.0,0.3333333333333333,0.7557004134902214,0.7679900756691392,0.8824764983598004,0.12677608486957892,1.6585236629128328,2.076503368468054,False,0.10935159720555548,0.24019371231776698,0.45163099513307947
114,far_shift,0.05,1.0,0.4444444444444444,0.22233699728261858,0.22707104463182434,0.38499562704713297,0.1626586297645144,1.7470907448323172,2.1873910501175264,False,0.10935159720555548,0.24019371231776698,0.5011541388358633
1662,far_shift,0.9321428571428572,0.9090909090909092,0.2222222222222222,0.7871452889442678,0.8319103182864545,1.31207296540351,0.5249276764592421,2.6722727021934687,3.3457365678005435,False,0.10935159720555548,0.24019371231776698,1.1724705577902876
242,far_shift,0.18571428571428572,0.0,0.2222222222222222,0.20332161960529915,0.1616165191249313,0.2652557092756741,0.06193408967037495,1.2029032072547454,1.5060578378596117,False,0.10935159720555548,0.24019371231776698,0.23757555960993226
1661,far_shift,0.9321428571428572,0.9090909090909092,0.1111111111111111,0.7617653652825609,0.7974778672120094,1.2531833174126794,0.4914179521301185,2.879082322968863,3.6046661711427643,False,0.10935159720555548,0.24019371231776698,1.3609700289505677
1608,far_shift,0.9321428571428572,0.36363636363636365,0.8888888888888888,0.8034679063158269,0.7675844702218612,1.2943756726994815,0.49090776638365463,2.2277838909678165,2.7892280690701656,False,0.10935159720555548,0.24019371231776698,0.8148665936037846
1206,far_shift,0.7285714285714285,0.0,0.6666666666666666,0.8226904175822736,0.8379437602296043,0.847895503503678,0.02520508592140447,1.4823871144389806,1.8559770386996053,False,0.10935159720555548,0.24019371231776698,0.3607976147670152
1109,far_shift,0.6607142857142857,0.18181818181818182,1.0,0.6869930325354026,0.6729094112079815,0.8330477817960147,0.14605474926061213,1.400657725946822,1.7536502800878284,False,0.10935159720555548,0.24019371231776698,0.3221101704006259
1549,far_shift,0.8642857142857143,0.9090909090909092,1.0,0.7715559779985973,0.801708140493368,1.421968849408033,0.6504128714094356,2.3192179688662606,2.903705284556761,False,0.10935159720555548,0.24019371231776698,0.8831277461114228
1649,far_shift,0.9321428571428572,0.7272727272727273,1.0,0.9056465034423749,0.8868058150998513,1.4560166954301361,0.5503701919877613,2.4822950139828985,3.1078808661760102,False,0.10935159720555548,0.24019371231776698,1.01168936613112
1689,far_shift,1.0,0.0,1.0,0.7447768105396251,0.7613619029604936,1.1981468403802484,0.45337002984062336,3.178061591497566,3.97899393750795,False,0.10935159720555548,0.24019371231776698,1.6583073078776054
1784,far_shift,1.0,0.9090909090909092,0.4444444444444444,0.8917156585349905,0.8623720489881808,1.5077003307331265,0.615984672198136,2.6733373359086707,3.3470695095880116,False,0.10935159720555548,0.24019371231776698,1.1734049686658539
8,far_shift,0.05,0.0,0.8888888888888888,0.14384458028568095,0.11239423000343163,0.1284929846633161,0.01535159562236485,1.8503755784001932,2.3167056385139833,False,0.10935159720555548,0.24019371231776698,0.5621602984095643
245,far_shift,0.18571428571428572,0.0,0.5555555555555556,0.324858291488082,0.3038203234040852,0.2887732020677647,0.036085089420317296,1.2267079199806568,1.5358617937910908,False,0.10935159720555548,0.24019371231776698,0.24707154653507366
230,far_shift,0.11785714285714285,1.0,0.0,0.15681282305002786,0.1406152778920884,0.30244282162063973,0.14562999857061187,1.775757247833218,2.223282060523146,False,0.10935159720555548,0.24019371231776698,0.5177350738240979
1648,far_shift,0.9321428571428572,0.7272727272727273,0.8888888888888888,0.9497810672544582,0.9742794360722016,1.4501268688340267,0.5003458015795685,2.2475110229476107,2.8139268158666466,False,0.10935159720555548,0.24019371231776698,0.8293618534556473
129,far_shift,0.11785714285714285,0.0,1.0,0.15658326183256588,0.15280617705825159,0.15810006749379835,0.0015168056612324676,1.8594277390610239,2.328039116910738,False,0.10935159720555548,0.24019371231776698,0.5676740035054348
1737,far_shift,1.0,0.4545454545454546,0.7777777777777777,0.9161413266596004,0.9438143500591234,1.4272147795933916,0.5110734529337913,2.5079862168946376,3.1400467439257005,False,0.10935159720555548,0.24019371231776698,1.0327392573480374
1169,far_shift,0.6607142857142857,0.7272727272727273,1.0,0.8506913304744094,0.8961021150992928,1.0622479644285503,0.21155663395414093,1.2960571505477485,1.6226883577367162,False,0.10935159720555548,0.24019371231776698,0.27579646809554115
1768,far_shift,1.0,0.7272727272727273,0.8888888888888888,0.9530130813622171,0.9698283495164366,1.5538300965365148,0.6008170151742978,2.6441625251484484,3.310542088139215,False,0.10935159720555548,0.24019371231776698,1.1479333860176018
358,far_shift,0.18571428571428572,1.0,0.8888888888888888,0.2239438207914131,0.221818275667294,0.5557885253708001,0.3318447045793871,1.739074549341369,2.1773546199408127,False,0.10935159720555548,0.24019371231776698,0.4965657874459645
1570,far_shift,0.9321428571428572,0.09090909090909091,0.0,0.7054753142458776,0.7230030714437068,0.9589115318400138,0.25343621759413615,2.542951434005041,3.1838238649475703,False,0.10935159720555548,0.24019371231776698,1.061735961136296
179,far_shift,0.11785714285714285,0.4545454545454546,1.0,0.2043649326509466,0.23488500366577184,0.3281197613487123,0.12375482869776569,1.4716044365029883,1.8424769195539608,False,0.10935159720555548,0.24019371231776698,0.3555679207728306
19,far_shift,0.05,0.09090909090909091,1.0,0.12823832081575548,0.09488905881924295,0.13412955857806708,0.005891237762311596,1.8704431460782784,2.341830617320327,False,0.10935159720555548,0.24019371231776698,0.5744198234097414
609,far_shift,0.38928571428571423,0.0,1.0,0.4295517635660622,0.3949212432357589,0.4278892045193215,0.0016625590467406748,1.644183020677437,2.0585486099236414,False,0.10935159720555548,0.24019371231776698,0.44385458778606013
1670,far_shift,0.9321428571428572,1.0,0.0,0.7134796045629084,0.6873569669956677,1.2036555715813915,0.4901759670184831,3.288531623885065,4.117304532344168,False,0.10935159720555548,0.24019371231776698,1.7755971546354155
352,far_shift,0.18571428571428572,1.0,0.2222222222222222,0.21133784661404886,0.21006632386086369,0.45292420964127367,0.2415863630272248,1.3398733227141142,1.677547043887169,False,0.10935159720555548,0.24019371231776698,0.29475954387406006
243,far_shift,0.18571428571428572,0.0,0.3333333333333333,0.23313670521781674,0.22895763462770152,0.2801497267725395,0.047013021554722784,1.2115772047315736,1.5169178487123263,False,0.10935159720555548,0.24019371231776698,0.24101417318354135
1029,far_shift,0.5928571428571429,0.5454545454545454,1.0,0.7635391609296884,0.7724960033008382,0.9037119456810391,0.14017278475135064,1.1925314948904053,1.4930722554751499,False,0.10935159720555548,0.24019371231776698,0.2334963577576892
1558,far_shift,0.8642857142857143,1.0,0.8888888888888888,0.762501673775958,0.7396103378323722,1.443973938969052,0.681472265193094,2.2649355949983234,2.8357427135632,False,0.10935159720555548,0.24019371231776698,0.8422715071729358
1715,far_shift,1.0,0.2727272727272727,0.5555555555555556,0.9475510276734722,0.9562572631847891,1.3112204899727795,0.3636694622993073,2.375715573321476,2.974441366642915,False,0.10935159720555548,0.24019371231776698,0.9266789212599408
233,far_shift,0.11785714285714285,1.0,0.3333333333333333,0.19836506804305168,0.23318304449914137,0.42280688385651216,0.22444181581346048,1.5023198426181017,1.8809331958725515,False,0.10935159720555548,0.24019371231776698,0.3705656864385342
1780,far_shift,1.0,0.9090909090909092,0.0,0.7412668351043336,0.7098801744979261,1.2793927058039267,0.5381258706995932,3.4339196662239524,4.29933314393567,False,0.10935159720555548,0.24019371231776698,1.9360682245142105
1279,far_shift,0.7285714285714285,0.6363636363636364,1.0,0.886081078262611,0.8467836758577671,1.1216970799007542,0.23561600163814322,1.4777755041690512,1.850203214379998,False,0.10935159720555548,0.24019371231776698,0.35855627052940303
361,far_shift,0.25357142857142856,0.0,0.1111111111111111,0.25304518698641065,0.2640429852002885,0.2956414979772626,0.04259631099085193,1.2421781798912426,1.5552308552846055,False,0.10935159720555548,0.24019371231776698,0.2533425791574666
199,far_shift,0.11785714285714285,0.6363636363636364,1.0,0.33085716468175824,0.357593312788502,0.3835935188746074,0.052736354192849166,1.6139573429641676,2.020705482937076,False,0.10935159720555548,0.24019371231776698,0.42768547342496266
2,far_shift,0.05,0.0,0.2222222222222222,0.1337015690712797,0.16819915417221473,0.16552789646929594,0.031826327398016246,1.5688335664175541,1.9642096510762996,False,0.10935159720555548,0.24019371231776698,0.40410492268316517
1586,far_shift,0.9321428571428572,0.18181818181818182,0.6666666666666666,0.900443982562823,0.8650785143150862,1.1945074228883865,0.29406344032556353,2.0484928053811493,2.564752198461755,False,0.10935159720555548,0.24019371231776698,0.6889842294805899
1710,far_shift,1.0,0.2727272727272727,0.0,0.7080957627645784,0.7020660987212721,1.1067504452786736,0.3986546825140952,2.7294758610451617,3.4173560174946997,False,0.10935159720555548,0.24019371231776698,1.2232040516948228
1752,far_shift,1.0,0.6363636363636364,0.2222222222222222,0.9686286319842761,0.9989729828349891,1.333562669656811,0.36493403767253496,2.722302333036907,3.4083746231341396,False,0.10935159720555548,0.24019371231776698,1.216782923037241
356,far_shift,0.18571428571428572,1.0,0.6666666666666666,0.31668726186035195,0.2663515247212859,0.5497198330589657,0.2330325711986137,1.3707786948647773,1.7162411613180297,False,0.10935159720555548,0.24019371231776698,0.3085141494457996
1440,far_shift,0.8642857142857143,0.0,0.0,0.7024926218513132,0.7455866820226879,0.8460659968970752,0.14357337504576195,2.416154249312406,3.0250713629397885,False,0.10935159720555548,0.24019371231776698,0.9584946836450494
474,far_shift,0.25357142857142856,1.0,0.4444444444444444,0.35506842160968116,0.3818932228596112,0.5848352160861059,0.22976679447642473,1.232687920831775,1.5433488693079875,False,0.10935159720555548,0.24019371231776698,0.24948628486191796
1711,far_shift,1.0,0.2727272727272727,0.1111111111111111,0.7461914216551969,0.7544382717013723,1.1617541606831654,0.4155627390279685,2.5905178941351497,3.2433779834054284,False,0.10935159720555548,0.24019371231776698,1.1018274513516655
357,far_shift,0.18571428571428572,1.0,0.7777777777777777,0.26435496172137135,0.3347397638803529,0.5562816058313006,0.29192664410992925,1.5185939104247856,1.9013086402360684,False,0.10935159720555548,0.24019371231776698,0.37863756915072216
1773,far_shift,1.0,0.8181818181818182,0.3333333333333333,0.9146209187325304,0.9520276360800752,1.4364905168489046,0.5218695981163742,2.7325318776177405,3.421182208732701,False,0.10935159720555548,0.24019371231776698,1.2259446690994629
469,far_shift,0.25357142857142856,0.9090909090909092,1.0,0.2965493136219102,0.34462559965358336,0.6043701332805063,0.30782081965859603,1.6528284151943564,2.069372809323118,False,0.10935159720555548,0.24019371231776698,0.4485345857602891
1633,far_shift,0.9321428571428572,0.6363636363636364,0.3333333333333333,1.0,0.9867682426990887,1.287642643100089,0.2876426431000889,2.207444709171791,2.763763024189735,False,0.10935159720555548,0.24019371231776698,0.8000554060128809
759,far_shift,0.45714285714285713,0.2727272727272727,1.0,0.519009234805494,0.49879257019845913,0.62595685643621,0.10694762163071603,1.2257095392352166,1.5346118019897805,False,0.10935159720555548,0.24019371231776698,0.2466695419640801
1751,far_shift,1.0,0.6363636363636364,0.1111111111111111,0.923747795256729,0.901660396648748,1.2783821099554054,0.35463431469867635,2.8398165478287383,3.55550466915926,False,0.10935159720555548,0.24019371231776698,1.3241005510834374
959,far_shift,0.525,1.0,1.0,0.5996300212422255,0.6013410677278269,0.9660280737161323,0.3663980524739068,1.6421891431975961,2.056052237158039,False,0.10935159720555548,0.24019371231776698,0.4427787281678146
724,far_shift,0.45714285714285713,0.0,0.4444444444444444,0.6022433733094554,0.6105848109807535,0.5346454986003191,0.06759787470913636,1.2615333716376245,1.5794639257902865,False,0.10935159720555548,0.24019371231776698,0.26129908097717425
579,far_shift,0.3214285714285714,0.8181818181818182,1.0,0.43644973557236544,0.5025469601292276,0.659331237458294,0.2228815018859286,1.398756877531806,1.7512703814918713,False,0.10935159720555548,0.24019371231776698,0.32123648494883805
962,far_shift,0.5928571428571429,0.0,0.2222222222222222,0.6452473510490784,0.6258531000844013,0.6314061538706032,0.013841197178475206,1.2656904384374401,1.5846686529857992,False,0.10935159720555548,0.24019371231776698,0.263024009497992
1409,far_shift,0.7964285714285714,0.7272727272727273,1.0,0.8911090721631917,0.8139001415848047,1.2535517460813606,0.36244267391816887,1.803176542680908,2.257611542450616,False,0.10935159720555548,0.24019371231776698,0.5338471067625872
1796,far_shift,1.0,1.0,0.6666666666666666,0.8647318352727853,0.8903898057915556,1.6078733958754776,0.7431415606026923,2.738680773455921,3.4288807440058826,False,0.10935159720555548,0.24019371231776698,1.2314682551784633
232,far_shift,0.11785714285714285,1.0,0.2222222222222222,0.16904843922065757,0.15936103617352182,0.3897403830107232,0.22069194379006565,1.5325060937482482,1.918726960022461,False,0.10935159720555548,0.24019371231776698,0.3856069168123473
1072,far_shift,0.5928571428571429,1.0,0.2222222222222222,0.6532635780578281,0.62450720521151,0.890623299828396,0.23735972177056797,1.460997794120939,1.829197200290999,False,0.10935159720555548,0.24019371231776698,0.3504608546354393
1073,far_shift,0.5928571428571429,1.0,0.3333333333333333,0.6860694044110864,0.6588037706049334,0.9356925946793938,0.24962319026830737,1.355254327415301,1.6968043561502597,False,0.10935159720555548,0.24019371231776698,0.30156573969144196
480,far_shift,0.3214285714285714,0.0,0.0,0.3254192979027306,0.3724773715708103,0.3183333556542334,0.0070859422484972345,1.5113630788319699,1.8922555006909039,False,0.10935159720555548,0.24019371231776698,0.3750403648349362
1299,far_shift,0.7285714285714285,0.8181818181818182,1.0,0.8079259472917657,0.8109164342082088,1.189521750111441,0.3815958028196753,1.6094193325891066,2.0150238070944733,False,0.10935159720555548,0.24019371231776698,0.42528378348605
1742,far_shift,1.0,0.5454545454545454,0.2222222222222222,0.9150663256852072,0.989050504285102,1.3052836408169004,0.3902173151316932,2.656046740669372,3.325421353423532,False,0.10935159720555548,0.24019371231776698,1.1582753716815046
1447,far_shift,0.8642857142857143,0.0,0.7777777777777777,0.7957762173267963,0.7727784392318666,1.0209680867973754,0.22519186947057912,2.1432672041102343,2.6834115595587464,False,0.10935159720555548,0.24019371231776698,0.754211295381901
1201,far_shift,0.7285714285714285,0.0,0.1111111111111111,0.6919609119734215,0.687834863109207,0.7401122878680478,0.04815137589462637,1.694361486957494,2.121373010072447,False,0.10935159720555548,0.24019371231776698,0.47135979673366596
231,far_shift,0.11785714285714285,1.0,0.1111111111111111,0.15953100317909624,0.16926500008697945,0.3496190289320991,0.19008802575300288,1.6097624998428695,2.015453459064066,False,0.10935159720555548,0.24019371231776698,0.42546516446543503
1556,far_shift,0.8642857142857143,1.0,0.6666666666666666,0.8558315345979833,0.8590460486482343,1.4036115494994779,0.5477800149014945,2.0048641178480286,2.510128246660395,False,0.10935159720555548,0.24019371231776698,0.6599488576882453
1745,far_shift,1.0,0.5454545454545454,0.5555555555555556,1.0,0.9863391897581744,1.4230724273767938,0.42307242737679385,2.462576679233757,3.0831931336806764,False,0.10935159720555548,0.24019371231776698,0.9956803125686822
1630,far_shift,0.9321428571428572,0.6363636363636364,0.0,0.879737280403351,0.9160721113490349,1.1272450185695326,0.24750773816618166,2.5752786321995815,3.2242981357977083,False,0.10935159720555548,0.24019371231776698,1.088902121796964
1626,far_shift,0.9321428571428572,0.5454545454545454,0.6666666666666666,1.0,1.0192473054235536,1.350119932553228,0.35011993255322804,2.0638918281525696,2.5840320696936256,False,0.10935159720555548,0.24019371231776698,0.6993816900999922
966,far_shift,0.5928571428571429,0.0,0.6666666666666666,0.7583375070361222,0.7834879018825578,0.689805541050341,0.06853196598578126,1.1293311658300904,1.4139442338998975,False,0.10935159720555548,0.24019371231776698,0.20940305920694857
1085,far_shift,0.6607142857142857,0.0,0.5555555555555556,0.8125752457260255,0.7889719908674644,0.7617231245114452,0.05085212121458027,1.201839830132877,1.504726469351047,False,0.10935159720555548,0.24019371231776698,0.23715570745785255
1399,far_shift,0.7964285714285714,0.6363636363636364,1.0,0.9014865149154555,0.9068248058171402,1.2176600463013942,0.31617353138593873,1.7417195681795123,2.1806662341492107,False,0.10935159720555548,0.24019371231776698,0.49807742440271097
1561,far_shift,0.9321428571428572,0.0,0.1111111111111111,0.7169778539795233,0.6449215233426829,0.9724541481096846,0.25547629413016126,2.553142872841108,3.196583741424377,False,0.10935159720555548,0.24019371231776698,1.0702632967102341
1574,far_shift,0.9321428571428572,0.09090909090909091,0.4444444444444444,0.853695742614806,0.9041108166961326,1.1152751395699223,0.26157939695511634,2.1177754397763633,2.6514953827256043,False,0.10935159720555548,0.24019371231776698,0.7363769911586867
1723,far_shift,1.0,0.36363636363636365,0.3333333333333333,0.8627779306271804,0.9133678939009068,1.2860557507371642,0.4232778201099837,2.4219851514815813,3.0323717640532917,False,0.10935159720555548,0.24019371231776698,0.9631265340832867
1325,far_shift,0.7964285714285714,0.0,0.5555555555555556,0.8532275553160423,0.8664495671739765,0.9219643010969911,0.0687367457809488,1.6624533629359362,2.081423428107548,False,0.10935159720555548,0.24019371231776698,0.4537737163299045
248,far_shift,0.18571428571428572,0.0,0.8888888888888888,0.21592759378266338,0.16615106784959305,0.248797015764338,0.03286942198167461,1.4467342444578641,1.8113389631226078,False,0.10935159720555548,0.24019371231776698,0.3436512421916285
869,far_shift,0.525,0.18181818181818182,1.0,0.5918119563913975,0.6141130349893951,0.6659140124922966,0.07410205610089915,1.297202441436171,1.6241222838487548,False,0.10935159720555548,0.24019371231776698,0.276284111319464
368,far_shift,0.25357142857142856,0.0,0.8888888888888888,0.27763156016829915,0.26549540997995047,0.3131344692008361,0.035502909032536945,1.38496552243006,1.7340033409516005,False,0.10935159720555548,0.24019371231776698,0.3149331082745209
601,far_shift,0.38928571428571423,0.0,0.1111111111111111,0.4179153766692749,0.4573802445910399,0.4086816926118154,0.009233684057459501,1.3159137948502213,1.6475492564399286,False,0.10935159720555548,0.24019371231776698,0.2843120551524382
1317,far_shift,0.7285714285714285,1.0,0.7777777777777777,0.7786089123532772,0.7389262589631183,1.2307901224548747,0.4521812101015975,1.5218636479034586,1.9054024141389057,False,0.10935159720555548,0.24019371231776698,0.38026984000546943
1209,far_shift,0.7285714285714285,0.0,1.0,0.7118071754134186,0.7227074874144087,0.8279071940910332,0.11610001867761455,1.9723027113488176,2.469360742530294,False,0.10935159720555548,0.24019371231776698,0.6386862091790908
367,far_shift,0.25357142857142856,0.0,0.7777777777777777,0.31813066406122037,0.2578527877954969,0.33180003301025995,0.013669368949039584,1.2324029517853006,1.5429920826077763,False,0.10935159720555548,0.24019371231776698,0.24937094723324363
1566,far_shift,0.9321428571428572,0.0,0.6666666666666666,0.8534249521809679,0.8322512785415894,1.1059576366136195,0.25253268443265153,2.381915471220419,2.9822037574722997,False,0.10935159720555548,0.24019371231776698,0.931521934899195
1509,far_shift,0.8642857142857143,0.5454545454545454,1.0,0.8519614059272443,0.9222483690352173,1.2776469458845752,0.4256855399573308,2.0581035915010313,2.57678508662478,False,0.10935159720555548,0.24019371231776698,0.6954643238349116
723,far_shift,0.45714285714285713,0.0,0.3333333333333333,0.5481553071021,0.5508488680375848,0.5199475949047411,0.02820771219735896,1.2445245207576934,1.5581685189560435,False,0.10935159720555548,0.24019371231776698,0.254300556783571
589,far_shift,0.3214285714285714,0.9090909090909092,1.0,0.37548265405001463,0.42678692861350404,0.6840532673764879,0.30857061332647323,1.5557670700191382,1.9478501475056758,False,0.10935159720555548,0.24019371231776698,0.39740153919577587
1625,far_shift,0.9321428571428572,0.5454545454545454,0.5555555555555556,1.0,1.046723809312872,1.3266813950234877,0.3266813950234877,2.058347460349425,2.5770904150903773,False,0.10935159720555548,0.24019371231776698,0.6956291475422309
1735,far_shift,1.0,0.4545454545454546,0.5555555555555556,1.0,1.0070217519211349,1.3875790368158467,0.3875790368158467,2.4301723645338034,3.042622311489827,False,0.10935159720555548,0.24019371231776698,0.9696489933896196
716,far_shift,0.38928571428571423,1.0,0.6666666666666666,0.5471317882992224,0.5071345317964007,0.7765892827892091,0.22945749448998676,1.1447463222814005,1.4332443048077732,False,0.10935159720555548,0.24019371231776698,0.21515869879501626
1099,far_shift,0.6607142857142857,0.09090909090909091,1.0,0.6868068070691998,0.6694380176079608,0.7885806913492235,0.10177388428002365,1.5500516831443552,1.9406943737516003,False,0.10935159720555548,0.24019371231776698,0.39448705210296847
539,far_shift,0.3214285714285714,0.4545454545454546,1.0,0.3881126345123991,0.40284637212217683,0.5425372320482751,0.154424597535876,1.1696113866257984,1.464375841259678,False,0.10935159720555548,0.24019371231776698,0.22460714657997238
1750,far_shift,1.0,0.6363636363636364,0.0,0.8803890475975296,0.8755467683880139,1.2161466970211643,0.33575764942363473,2.9668223136005456,3.7145183186702004,False,0.10935159720555548,0.24019371231776698,1.4451850779072668
1189,far_shift,0.6607142857142857,0.9090909090909092,1.0,0.7219465607334772,0.6894396723658914,1.1243233167162676,0.40237675598279043,1.6045042471997657,2.0088700261171493,False,0.10935159720555548,0.24019371231776698,0.42269015953285355
1705,far_shift,1.0,0.18181818181818182,0.5555555555555556,0.9245844946616908,0.9177226233345784,1.2703553336906592,0.34577083902896844,2.43487878096997,3.0485148349440596,False,0.10935159720555548,0.24019371231776698,0.973408390104848
1729,far_shift,1.0,0.36363636363636365,1.0,0.7570970209293413,0.7658034184933215,1.3941154327751748,0.6370184118458335,2.820981587339374,3.5319229381440764,False,0.10935159720555548,0.24019371231776698,1.3065947182524005
1602,far_shift,0.9321428571428572,0.36363636363636365,0.2222222222222222,0.8046744068985225,0.7236132009614901,1.1542749804117813,0.3496005735132588,2.09884467054408,2.6277936973306013,False,0.10935159720555548,0.24019371231776698,0.7232709015675131
955,far_shift,0.525,1.0,0.5555555555555556,0.7251758286895355,0.7200330027267157,0.9195969919347237,0.1944211632451882,1.1689278961783274,1.4635200981381133,False,0.10935159720555548,0.24019371231776698,0.22434471414257678
1433,far_shift,0.7964285714285714,1.0,0.3333333333333333,0.7637166404989711,0.7435715748614332,1.1973551353205005,0.4336384948215294,2.0272418175578757,2.538145554984145,False,0.10935159720555548,0.24019371231776698,0.6747633840368739
